# Blender 5.2.0 LTS
# www.blender.org
mtllib well.mtl
o Well_Model
v 0.000000 -0.000004 -53.970379
v 10.529121 -0.000004 -52.933365
v 20.653538 -0.000004 -49.862061
v 29.984310 -0.000003 -44.874687
v 38.162830 -0.000003 -38.162830
v 44.874687 -0.000002 -29.984310
v 49.862160 -0.000002 -20.653538
v 52.933365 -0.000001 -10.529121
v 53.970379 0.000000 0.000000
v 52.933365 0.000001 10.529121
v 49.862160 0.000002 20.653538
v 44.874687 0.000002 29.984310
v 38.162830 0.000003 38.162830
v 29.984310 0.000003 44.874687
v 20.653538 0.000004 49.862160
v 10.529121 0.000004 52.933365
v 0.000000 0.000004 53.970379
v -10.529121 0.000004 52.933365
v -20.653538 0.000004 49.862061
v -29.984310 0.000003 44.874687
v -38.162830 0.000003 38.162830
v -44.874687 0.000002 29.984310
v -49.862160 0.000002 20.653538
v -52.933365 0.000001 10.529022
v -53.970379 -0.000000 -0.000100
v -52.933365 -0.000001 -10.529121
v -49.862061 -0.000002 -20.653639
v -44.874687 -0.000002 -29.984409
v -38.162727 -0.000003 -38.162830
v -29.984310 -0.000003 -44.874790
v -20.653439 -0.000004 -49.862160
v -10.529022 -0.000004 -52.933365
v 0.000000 -0.000004 -46.571239
v 9.085612 -0.000003 -45.676414
v 17.822098 -0.000003 -43.026176
v 25.873598 -0.000003 -38.722588
v 32.930798 -0.000002 -32.930798
v 38.722588 -0.000002 -25.873598
v 43.026176 -0.000001 -17.821999
v 45.676414 -0.000001 -9.085612
v 46.571239 0.000000 0.000000
v 45.676414 0.000001 9.085612
v 43.026176 0.000001 17.821999
v 38.722588 0.000002 25.873598
v 32.930798 0.000002 32.930798
v 25.873598 0.000003 38.722588
v 17.821999 0.000003 43.026176
v 9.085612 0.000003 45.676414
v 0.000000 0.000004 46.571239
v -9.085612 0.000003 45.676414
v -17.822098 0.000003 43.026176
v -25.873598 0.000003 38.722588
v -32.930893 0.000002 32.930798
v -38.722588 0.000002 25.873598
v -43.026176 0.000001 17.821999
v -45.676414 0.000001 9.085513
v -46.571239 0.000000 0.000000
v -45.676414 -0.000001 -9.085612
v -43.026176 -0.000001 -17.822098
v -38.722492 -0.000002 -25.873598
v -32.930798 -0.000002 -32.930893
v -25.873497 -0.000003 -38.722588
v -17.821999 -0.000003 -43.026276
v -9.085513 -0.000003 -45.676414
v 0.000000 91.634399 -53.970387
v 10.529121 91.634399 -52.933372
v 20.653538 91.634407 -49.862167
v 29.984310 91.634407 -44.874695
v 38.162830 91.634407 -38.162838
v 44.874687 91.634407 -29.984318
v 49.862160 91.634407 -20.653545
v 52.933365 91.634407 -10.529128
v 53.970379 91.634407 -0.000007
v 52.933365 91.634407 10.529115
v 49.862160 91.634407 20.653530
v 44.874687 91.634407 29.984303
v 38.162830 91.634407 38.162823
v 29.984310 91.634407 44.874680
v 20.653538 91.634407 49.862053
v 10.529121 91.634415 52.933357
v 0.000000 91.634415 53.970371
v -10.529121 91.634415 52.933262
v -20.653538 91.634407 49.862053
v -29.984310 91.634407 44.874680
v -38.162830 91.634407 38.162720
v -44.874790 91.634407 29.984303
v -49.862160 91.634407 20.653530
v -52.933365 91.634407 10.529016
v -53.970379 91.634407 -0.000107
v -52.933365 91.634407 -10.529128
v -49.862061 91.634407 -20.653646
v -44.874687 91.634407 -29.984417
v -38.162727 91.634407 -38.162838
v -29.984310 91.634407 -44.874798
v -20.653439 91.634407 -49.862167
v -10.529022 91.634399 -52.933372
v 17.822098 92.629517 -43.026283
v 9.085612 92.629517 45.676407
v -32.930798 92.629517 -32.930901
v 9.085612 92.629517 -45.676422
v 17.821999 92.629517 43.026169
v -38.722492 92.629517 -25.873705
v 25.873598 92.629517 38.722580
v -43.026176 92.629517 -17.822105
v 32.930893 92.629517 32.930790
v -45.676414 92.629517 -9.085619
v 38.722588 92.629517 25.873590
v -46.571239 92.629517 -0.000107
v 43.026176 92.629517 17.821991
v -45.676414 92.629517 9.085506
v 45.676414 92.629517 9.085606
v -43.026276 92.629517 17.821991
v 46.571239 92.629517 -0.000007
v -38.722588 92.629517 25.873590
v 45.676414 92.629517 -9.085619
v -32.930893 92.629517 32.930790
v 43.026176 92.629517 -17.822105
v -25.873598 92.629517 38.722580
v 0.000000 92.629517 -46.571247
v 38.722588 92.629517 -25.873606
v -17.822098 92.629517 43.026169
v -9.085513 92.629517 -45.676422
v 32.930893 92.629517 -32.930901
v 25.873598 92.629517 -38.722595
v -9.085612 92.629517 45.676407
v 0.000000 92.629517 46.571232
v -17.821999 92.629517 -43.026283
v -25.873497 92.629517 -38.722595
v 10.914968 107.940651 -54.873291
v 11.221691 105.983475 -56.415081
v 0.000000 105.983475 -57.520336
v 0.000000 107.940651 -55.948311
v 21.410465 107.940651 -51.689529
v 22.012035 105.983475 -53.141815
v 31.083181 107.940659 -46.519360
v 31.956547 105.983482 -47.826370
v 39.561436 107.940659 -39.561443
v 40.672981 105.983482 -40.672989
v 46.519253 107.940758 -31.083189
v 47.826363 105.983482 -31.956554
v 51.689423 107.940758 -21.410473
v 53.141808 105.983482 -22.012043
v 54.873283 107.940758 -10.914976
v 56.415073 105.983482 -11.221699
v 55.948303 107.940758 -0.000008
v 57.520329 105.983482 -0.000008
v 54.873283 107.940758 10.914959
v 56.415073 105.983482 11.221583
v 51.689423 107.940758 21.410458
v 53.141808 105.983482 22.012028
v 46.519253 107.940758 31.083174
v 47.826363 105.983482 31.956539
v 39.561436 107.940758 39.561325
v 40.672981 105.983582 40.672974
v 31.083181 107.940758 46.519245
v 31.956547 105.983582 47.826355
v 21.410465 107.940765 51.689415
v 22.012035 105.983589 53.141800
v 10.914968 107.940765 54.873173
v 11.221691 105.983589 56.415066
v 0.000000 107.940765 55.948196
v 0.000000 105.983589 57.520226
v -10.914968 107.940765 54.873173
v -11.221691 105.983589 56.415066
v -21.410465 107.940765 51.689415
v -22.012035 105.983589 53.141800
v -31.083181 107.940758 46.519245
v -31.956547 105.983582 47.826355
v -39.561436 107.940758 39.561325
v -40.672981 105.983582 40.672974
v -46.519352 107.940758 31.083174
v -47.826363 105.983482 31.956539
v -51.689423 107.940758 21.410458
v -53.141808 105.983482 22.012028
v -54.873283 107.940758 10.914861
v -56.415073 105.983482 11.221583
v -55.948303 107.940758 -0.000108
v -57.520233 105.983482 -0.000108
v -54.873180 107.940758 -10.915077
v -56.415073 105.983482 -11.221699
v -51.689423 107.940758 -21.410572
v -53.141808 105.983482 -22.012142
v -46.519253 107.940758 -31.083288
v -47.826363 105.983482 -31.956657
v -39.561333 107.940659 -39.561443
v -40.672981 105.983482 -40.673088
v -31.083080 107.940659 -46.519360
v -31.956446 105.983482 -47.826469
v -21.410366 107.940651 -51.689529
v -22.011934 105.983475 -53.141922
v -10.914869 107.940651 -54.873291
v -11.221591 105.983475 -56.415081
v 17.155371 104.707703 -41.416740
v 17.699867 107.940659 -42.731335
v 8.745764 104.707703 43.967785
v 9.023351 107.940758 45.363300
v -31.699017 104.707703 -31.699125
v -32.705093 107.940758 -32.705200
v 8.745764 104.707703 -43.967800
v 9.023351 107.940659 -45.363316
v 17.155371 104.707703 41.416725
v 17.699867 107.940758 42.731216
v -37.274094 104.707703 -24.905842
v -38.457081 107.940758 -25.696295
v 24.905737 104.707703 37.274086
v 25.696188 107.940758 38.457073
v -41.416733 104.707703 -17.155479
v -42.731224 107.940758 -17.699974
v 31.699017 104.707703 31.699009
v 32.705093 107.940758 32.705086
v -43.967793 104.707703 -8.745771
v -45.363308 107.940758 -9.023359
v 37.274094 104.707703 24.905729
v 38.457176 107.940758 25.696180
v -44.829189 104.707703 -0.000108
v -46.252045 107.940758 -0.000108
v 41.416733 104.707703 17.155363
v 42.731327 107.940758 17.699860
v -43.967793 104.707703 8.745658
v -45.363308 107.940758 9.023243
v 43.967793 104.707703 8.745756
v 45.363308 107.940758 9.023243
v -41.416733 104.707703 17.155363
v -42.731327 107.940758 17.699860
v 44.829189 104.707703 -0.000008
v 46.252045 107.940758 -0.000008
v -37.274094 104.707703 24.905729
v -38.457176 107.940758 25.696180
v 43.967793 104.707703 -8.745771
v 45.363308 107.940758 -9.023359
v -31.699017 104.707703 31.699009
v -32.705093 107.940758 32.705086
v 41.416733 104.707703 -17.155378
v 42.731327 107.940758 -17.699875
v -24.905737 104.707703 37.274086
v -25.696287 107.940758 38.457073
v 0.000000 107.940659 -46.252052
v 0.000000 104.707703 -44.829197
v 37.274094 104.707703 -24.905745
v 38.457176 107.940758 -25.696295
v -17.155371 104.707703 41.416725
v -17.699867 107.940758 42.731216
v -8.745666 104.707703 -43.967800
v -9.023252 107.940659 -45.363316
v 31.699017 104.707703 -31.699024
v 32.705093 107.940758 -32.705101
v -8.745764 104.707703 43.967785
v -9.023351 107.940758 45.363300
v -17.155272 104.707703 -41.416843
v -17.699768 107.940659 -42.731335
v 24.905737 104.707703 -37.274101
v 25.696287 107.940659 -38.457184
v 0.000000 104.707703 44.829182
v 0.000000 107.940758 46.251938
v -24.905737 104.707703 -37.274197
v -25.696188 107.940659 -38.457184
v 0.000000 93.624992 -57.520336
v 0.000000 91.634399 -56.162140
v 10.956676 91.634399 -55.082932
v 11.221691 93.624992 -56.415081
v 21.492285 91.634399 -51.886993
v 22.012035 93.624992 -53.141815
v 31.202015 91.634407 -46.697067
v 31.956547 93.625000 -47.826370
v 39.712601 91.634407 -39.712608
v 40.672981 93.625000 -40.672989
v 46.697060 91.634407 -31.202023
v 47.826363 93.625000 -31.956554
v 51.886986 91.634407 -21.492292
v 53.141808 93.625000 -22.012043
v 55.082924 91.634407 -10.956683
v 56.415073 93.625107 -11.221698
v 56.162029 91.634407 -0.000007
v 57.520329 93.625107 -0.000007
v 55.082924 91.634407 10.956670
v 56.415073 93.625107 11.221584
v 51.886986 91.634407 21.492277
v 53.141808 93.625107 22.012028
v 46.697060 91.634407 31.201912
v 47.826363 93.625107 31.956539
v 39.712601 91.634407 39.712593
v 40.672981 93.625107 40.672974
v 31.202015 91.634407 46.697052
v 31.956547 93.625107 47.826355
v 21.492285 91.634415 51.886978
v 22.012035 93.625114 53.141800
v 10.956676 91.634415 55.082916
v 11.221691 93.625114 56.415066
v 0.000000 91.634415 56.162022
v 0.000000 93.625114 57.520226
v -10.956676 91.634415 55.082916
v -11.221691 93.625114 56.415066
v -21.492285 91.634415 51.886978
v -22.012035 93.625114 53.141800
v -31.202015 91.634407 46.697052
v -31.956547 93.625107 47.826355
v -39.712601 91.634407 39.712494
v -40.672981 93.625107 40.672974
v -46.697060 91.634407 31.201912
v -47.826363 93.625107 31.956539
v -51.886986 91.634407 21.492277
v -53.141808 93.625107 22.012028
v -55.082924 91.634407 10.956570
v -56.415073 93.625107 11.221584
v -56.162029 91.634407 -0.000107
v -57.520329 93.625107 -0.000107
v -55.082924 91.634407 -10.956782
v -56.415073 93.625107 -11.221698
v -51.886986 91.634407 -21.492390
v -53.141808 93.625000 -22.012142
v -46.697060 91.634407 -31.202023
v -47.826363 93.625000 -31.956657
v -39.712502 91.634407 -39.712608
v -40.672981 93.625000 -40.673088
v -31.201920 91.634407 -46.697166
v -31.956446 93.625000 -47.826469
v -21.492184 91.634399 -51.887093
v -22.011934 93.624992 -53.141922
v -10.956576 91.634399 -55.083031
v -11.221591 93.624992 -56.415081
v 17.548903 92.629517 -42.366844
v 17.155371 93.652946 -41.416740
v 8.946321 92.629517 44.976357
v 8.745764 93.652946 43.967785
v -32.426109 92.629517 -32.426220
v -31.699017 93.652946 -31.699125
v 8.946321 92.629517 -44.976372
v 8.745764 93.652946 -43.967800
v 17.548903 92.629517 42.366829
v 17.155371 93.652946 41.416725
v -38.129101 92.629517 -25.477079
v -37.274094 93.652946 -24.905842
v 25.477072 92.629517 38.129093
v 24.905737 93.652946 37.274086
v -42.366730 92.629517 -17.549011
v -41.416733 93.652946 -17.155479
v 32.426109 92.629517 32.426102
v 31.699017 93.652946 31.699009
v -44.976364 92.629517 -8.946427
v -43.967793 93.652946 -8.745770
v 38.129101 92.629517 25.477064
v 37.274094 93.652946 24.905729
v -45.857513 92.629517 -0.000107
v -44.829189 93.652946 -0.000107
v 42.366837 92.629517 17.548895
v 41.416733 93.652946 17.155363
v -44.976364 92.629517 8.946314
v -43.967793 93.652946 8.745659
v 44.976364 92.629517 8.946314
v 43.967793 93.652946 8.745757
v -42.366837 92.629517 17.548895
v -41.416733 93.652946 17.155363
v 45.857513 92.629517 -0.000007
v 44.829189 93.652946 -0.000007
v -38.129101 92.629517 25.476967
v -37.274094 93.652946 24.905729
v 44.976364 92.629517 -8.946327
v 43.967793 93.652946 -8.745770
v -32.426109 92.629517 32.426102
v -31.699017 93.652946 31.699009
v 42.366837 92.629517 -17.548910
v 41.416733 93.652946 -17.155378
v -25.477072 92.629517 38.129093
v -24.905737 93.652946 37.274086
v 0.000000 92.629517 -45.857521
v 0.000000 93.652946 -44.829197
v 38.129101 92.629517 -25.477079
v 37.274094 93.652946 -24.905745
v -17.548903 92.629517 42.366722
v -17.155371 93.652946 41.416725
v -8.946219 92.629517 -44.976372
v -8.745666 93.652946 -43.967800
v 32.426109 92.629517 -32.426117
v 31.699017 93.652946 -31.699024
v -8.946321 92.629517 44.976357
v -8.745764 93.652946 43.967785
v -17.548803 92.629517 -42.366844
v -17.155272 93.652946 -41.416843
v 24.905737 93.652946 -37.274101
v 25.477072 92.629517 -38.129108
v 0.000000 93.652946 44.829182
v 0.000000 92.629517 45.857506
v -24.905737 93.652946 -37.274197
v -25.476974 92.629517 -38.129108
v -70.455635 191.299850 -19.253448
v -70.455635 191.154495 -12.948586
v -70.455635 192.652756 -47.244366
v -70.455635 192.247284 -40.939503
v -1.494496 255.747772 -40.939205
v -1.494496 256.153168 -47.244068
v -1.494496 254.654999 -12.948292
v -1.494496 254.800369 -19.253153
v -70.213264 191.522980 18.348320
v 70.455635 191.299850 -19.253448
v 70.455635 191.154495 -12.948586
v 70.455635 192.652756 -47.244366
v 70.455635 192.247284 -40.939503
v 0.000000 253.516006 -12.948590
v 0.000000 253.661392 -19.253452
v 0.000000 254.608795 -40.939610
v 0.000000 255.014206 -47.244465
v 1.494496 255.747772 -40.939205
v -70.213264 191.377609 -12.948586
v 1.494496 254.654999 -12.948292
v 1.494496 254.800369 -19.253153
v 1.494496 256.153168 -47.244068
v -70.455635 191.299850 18.348320
v -70.455635 191.154495 12.043459
v -70.455635 192.715729 47.244335
v -70.455635 192.301865 40.939472
v -1.494496 255.802338 40.939167
v -1.494496 256.216248 47.243935
v -1.494496 254.654999 12.043056
v -1.494496 254.800369 18.347916
v -70.213264 192.470383 -40.939503
v 70.455635 191.299850 18.348320
v 70.455635 191.154495 12.043459
v 70.455635 192.715729 47.244335
v 70.455635 192.301865 40.939472
v 0.000000 253.516006 12.043454
v 0.000000 253.661392 18.348316
v 0.000000 254.663376 40.939468
v 0.000000 255.077271 47.244331
v 1.494496 255.802338 40.939167
v 1.494496 256.216248 47.243935
v 1.494496 254.654999 12.043056
v 1.494496 254.800369 18.347916
v -70.213264 191.522980 -19.253448
v -70.455635 190.948044 -65.891945
v -70.455635 191.287994 -66.137993
v -70.455635 193.463272 -65.891945
v -70.455635 193.140594 -66.137993
v -68.125290 186.625290 -19.253447
v -67.958244 186.438919 -19.007391
v -68.306282 186.452988 -19.007391
v -68.125290 186.479919 -12.948586
v -68.306282 186.318878 -13.194644
v -67.958244 186.304810 -13.194644
v -67.958054 187.781754 -46.998604
v -68.306488 187.795822 -46.998508
v -68.125290 187.978119 -47.244366
v -68.306488 187.421936 -41.185463
v -67.958054 187.407867 -41.185360
v -68.125290 187.572693 -40.939503
v -70.455635 189.747894 -41.185463
v -70.274635 189.898865 -40.939503
v -70.549126 189.646606 -40.816574
v -70.274635 190.304260 -47.244366
v -70.455635 190.121780 -46.998508
v -70.549126 190.062897 -47.367294
v -70.455635 188.645035 -13.194644
v -70.274635 188.806091 -12.948586
v -70.549126 188.559204 -12.825559
v -70.274635 188.951462 -19.253447
v -70.455635 188.779037 -19.007391
v -70.549126 188.710083 -19.376377
v -73.904594 190.337494 -65.891945
v -73.761421 190.144623 -66.137993
v -73.947014 189.969498 -65.891945
v -73.028244 189.083771 -66.137993
v -72.886261 188.865555 -65.891945
v -73.213234 188.907944 -65.891945
v -73.904594 189.526978 -47.244366
v -73.947014 189.158981 -47.244366
v -73.947014 188.753586 -40.939503
v -73.904594 189.121490 -40.939503
v -73.904594 188.174072 -19.253447
v -73.947014 187.806183 -19.253447
v -73.947014 187.660812 -12.948586
v -73.904594 188.028687 -12.948586
v -72.886261 187.649536 -40.939503
v -73.213234 187.691940 -40.939503
v -73.213234 188.097336 -47.244366
v -72.886261 188.055038 -47.244366
v -72.886261 186.556747 -12.948586
v -73.213234 186.599152 -12.948586
v -73.213234 186.744537 -19.253447
v -72.886261 186.702133 -19.253447
v -1.296334 256.823517 -66.137703
v -1.494496 256.963806 -65.891640
v 70.455635 191.287903 -66.137993
v 70.455635 190.948044 -65.891945
v 70.455635 193.140594 -66.137993
v 70.455635 193.463272 -65.891945
v 0.000000 255.824707 -65.892052
v 0.000000 256.164673 -66.137909
v 68.125290 186.625290 -19.253447
v 68.306381 186.452988 -19.007391
v 67.958244 186.438919 -19.007391
v 68.125290 186.479919 -12.948586
v 67.958244 186.304810 -13.194644
v 68.306381 186.318878 -13.194644
v 0.000000 248.889160 -13.194649
v 0.000000 249.218018 -12.948590
v 0.000000 249.363373 -19.253452
v 0.000000 249.023148 -19.007397
v 67.958054 187.781754 -46.998604
v 68.125290 187.978119 -47.244366
v 68.306488 187.795822 -46.998508
v 68.306488 187.421936 -41.185463
v 68.125290 187.572693 -40.939503
v 67.958054 187.407867 -41.185360
v 0.000000 249.991989 -41.185364
v 0.000000 250.310776 -40.939610
v 0.000000 250.716217 -47.244465
v 0.000000 250.365875 -46.998608
v 70.274635 189.898865 -40.939503
v 70.455635 189.747894 -41.185463
v 70.549126 189.646606 -40.816574
v 70.455635 190.121780 -46.998508
v 70.274635 190.304260 -47.244366
v 70.549126 190.062897 -47.367294
v 70.274635 188.806091 -12.948586
v 70.455635 188.645035 -13.194644
v 70.549126 188.559204 -12.825559
v 70.455635 188.779037 -19.007391
v 70.274635 188.951462 -19.253447
v 70.549126 188.710083 -19.376377
v 73.904594 190.337494 -65.891945
v 73.947014 189.969498 -65.891945
v 73.761421 190.144623 -66.137993
v 73.028053 189.083557 -66.137993
v 73.213234 188.907944 -65.891945
v 72.886261 188.865555 -65.891945
v 73.947014 189.158981 -47.244366
v 73.904594 189.526978 -47.244366
v 73.904594 189.121490 -40.939503
v 73.947014 188.753586 -40.939503
v 73.947014 187.806183 -19.253447
v 73.904594 188.174072 -19.253447
v 73.904594 188.028687 -12.948586
v 73.947014 187.660812 -12.948586
v 73.213234 187.691940 -40.939503
v 72.886261 187.649536 -40.939503
v 72.886261 188.055038 -47.244366
v 73.213234 188.097336 -47.244366
v 73.213234 186.599152 -12.948586
v 72.886261 186.556747 -12.948586
v 72.886261 186.702133 -19.253447
v 73.213234 186.744537 -19.253447
v 1.494496 256.963806 -65.891640
v 1.296434 256.823517 -66.137703
v -70.455635 191.287994 66.137871
v -70.455635 190.948944 65.891808
v -70.455635 193.140594 66.137871
v -70.455635 193.464081 65.891914
v -68.125290 186.625290 18.348322
v -68.306282 186.452988 18.102264
v -67.958244 186.438919 18.102264
v -68.125290 186.479919 12.043459
v -67.958244 186.304810 12.289515
v -68.306282 186.318878 12.289515
v -67.958054 187.844406 46.998478
v -68.125290 188.041168 47.244335
v -68.306488 187.858475 46.998478
v -68.306488 187.476929 41.185329
v -68.125290 187.627274 40.939472
v -67.958054 187.462845 41.185329
v -70.274635 189.953445 40.939472
v -70.455635 189.802872 41.185329
v -70.549126 189.701202 40.816544
v -70.455635 190.184433 46.998478
v -70.274635 190.367310 47.244335
v -70.549126 190.125458 47.367264
v -70.274635 188.806091 12.043459
v -70.455635 188.645035 12.289515
v -70.549126 188.559204 11.920432
v -70.455635 188.779037 18.102264
v -70.274635 188.951462 18.348322
v -70.549126 188.710083 18.471251
v -73.904594 190.338379 65.891914
v -73.947014 189.970398 65.891808
v -73.761421 190.144623 66.137871
v -73.028053 189.083679 66.137871
v -73.213234 188.908737 65.891808
v -72.886261 188.866348 65.891808
v -73.947014 189.222061 47.244335
v -73.904594 189.590042 47.244335
v -73.904594 189.176147 40.939472
v -73.947014 188.808182 40.939472
v -73.947014 187.806183 18.348322
v -73.904594 188.174072 18.348322
v -73.904594 188.028687 12.043459
v -73.947014 187.660812 12.043459
v -73.213234 187.746536 40.939472
v -72.886261 187.704117 40.939472
v -72.886261 188.118011 47.244335
v -73.213234 188.160400 47.244335
v -73.213234 186.599152 12.043459
v -72.886261 186.556747 12.043459
v -72.886261 186.702133 18.348322
v -73.213234 186.744537 18.348322
v -1.494496 256.964569 65.891502
v -1.296334 256.823517 66.137550
v 70.455635 190.948944 65.891914
v 70.455635 191.287994 66.137871
v 70.455635 193.464081 65.891808
v 70.455635 193.140594 66.137871
v 0.000000 255.825500 65.891800
v 0.000000 256.164764 66.137756
v 68.125290 186.625290 18.348322
v 67.958244 186.438919 18.102264
v 68.306381 186.452988 18.102264
v 68.125290 186.479919 12.043459
v 68.306381 186.318878 12.289515
v 67.958244 186.304810 12.289515
v 0.000000 249.218018 12.043454
v 0.000000 248.889160 12.289510
v 0.000000 249.023148 18.102160
v 0.000000 249.363373 18.348316
v 67.958054 187.844406 46.998478
v 68.306488 187.858475 46.998478
v 68.125290 188.041168 47.244335
v 68.306488 187.476929 41.185329
v 67.958054 187.462845 41.185329
v 68.125290 187.627274 40.939472
v 0.000000 250.365372 40.939468
v 0.000000 250.046875 41.185226
v 0.000000 250.428528 46.998474
v 0.000000 250.779251 47.244331
v 70.455635 189.802872 41.185329
v 70.274635 189.953445 40.939472
v 70.549126 189.701202 40.816544
v 70.274635 190.367310 47.244335
v 70.455635 190.184433 46.998478
v 70.549126 190.125458 47.367264
v 70.455635 188.645035 12.289515
v 70.274635 188.806091 12.043459
v 70.549126 188.559204 11.920432
v 70.274635 188.951462 18.348322
v 70.455635 188.779037 18.102264
v 70.549126 188.710083 18.471251
v 73.904594 190.338272 65.891808
v 73.761421 190.144623 66.137871
v 73.947014 189.970398 65.891808
v 73.028053 189.083679 66.137871
v 72.886261 188.866348 65.891914
v 73.213234 188.908737 65.891808
v 73.904594 189.590042 47.244335
v 73.947014 189.222061 47.244335
v 73.947014 188.808182 40.939472
v 73.904594 189.176147 40.939472
v 73.904594 188.174072 18.348322
v 73.947014 187.806183 18.348322
v 73.947014 187.660812 12.043459
v 73.904594 188.028687 12.043459
v 72.886261 187.704117 40.939472
v 73.213234 187.746536 40.939472
v 73.213234 188.160400 47.244335
v 72.886261 188.118011 47.244335
v 72.886261 186.556747 12.043459
v 73.213234 186.599152 12.043459
v 73.213234 186.744537 18.348322
v 72.886261 186.702133 18.348322
v 1.296434 256.823517 66.137550
v 1.494496 256.964569 65.891502
v -70.213264 192.525055 40.939472
v -70.213264 191.377609 12.043459
v -70.208084 191.176025 -65.891945
v -70.208084 191.515976 -66.137993
v -70.213264 193.686371 -65.891945
v -70.212570 193.364395 -66.137993
v -70.208084 191.515976 66.137871
v -70.208084 191.176941 65.891808
v -70.212570 193.364395 66.137871
v -70.213264 193.687180 65.891914
v -70.213264 192.875885 -47.244366
v -70.213264 192.938950 47.244335
v 70.101120 192.979126 -47.244366
v 70.101120 191.626358 -19.253448
v 70.101120 192.573654 -40.939503
v 70.101120 191.480865 -12.948586
v 70.101120 191.626358 18.348320
v 70.101120 192.628326 40.939472
v 70.101120 191.480865 12.043459
v 70.093437 191.621353 -66.137993
v 70.093437 191.281586 -65.891945
v 70.100113 193.467957 -66.137993
v 70.101120 193.789673 -65.891945
v 70.093437 191.282410 65.891914
v 70.093437 191.621460 66.137871
v 70.101120 193.790451 65.891808
v 70.100113 193.467957 66.137871
v 70.101120 193.042221 47.244335
v -20.327761 193.237274 -48.943810
v -20.327761 192.875488 -48.592087
v -5.983471 209.172958 -48.943810
v -5.633146 209.172958 -48.592087
v -20.327761 192.875488 -51.516315
v -20.327761 193.237274 -51.164589
v -5.633146 209.172958 -51.516315
v -5.983471 209.172958 -51.164589
v -20.327761 191.094009 -48.592087
v -20.327761 190.731018 -48.943810
v -3.830032 209.172958 -48.592087
v -3.477313 209.172958 -48.943810
v -20.327761 190.731018 -51.164589
v -20.327761 191.094009 -51.516315
v -3.477313 209.172958 -51.164589
v -3.830032 209.172958 -51.516315
v -3.477313 215.626877 -48.943810
v -3.829034 215.978622 -48.943810
v -3.830032 215.626877 -48.592087
v -3.830032 215.626877 -51.516315
v -3.829034 215.978622 -51.164589
v -3.477313 215.626877 -51.164589
v -5.983471 215.626877 -51.164589
v -5.631849 215.978622 -51.164589
v -5.633146 215.626877 -51.516315
v -5.983471 215.626877 -48.943810
v -5.633146 215.626877 -48.592087
v -5.631849 215.978622 -48.943810
v -7.063284 202.286270 -48.592087
v -7.384973 202.421860 -48.943810
v -14.448457 194.574707 -48.943810
v -14.308966 194.243851 -48.592087
v -10.017055 197.410553 -48.943810
v -9.760122 197.153717 -48.592087
v -14.308966 194.243851 -51.516315
v -14.448457 194.574707 -51.164589
v -7.384973 202.421860 -51.164589
v -7.063284 202.286270 -51.516315
v -9.760122 197.153717 -51.516315
v -10.017055 197.410553 -51.164589
v -13.548946 192.441147 -51.164589
v -13.687639 192.770111 -51.516315
v -5.572480 201.657745 -51.516315
v -5.251390 201.522369 -51.164589
v -8.394542 195.788147 -51.164589
v -8.649378 196.042984 -51.516315
v -13.687639 192.770111 -48.592087
v -13.548946 192.441147 -48.943810
v -5.251390 201.522369 -48.943810
v -5.572480 201.657745 -48.592087
v -8.649378 196.042984 -48.592087
v -8.394542 195.788147 -48.943810
v -26.610167 193.237274 -51.164589
v -25.936159 192.875885 -51.516315
v -25.936159 192.875885 -48.592087
v -26.610167 193.237274 -48.943810
v -22.611710 191.093628 -51.516315
v -21.935406 190.731018 -51.164589
v -21.935406 190.731018 -48.943810
v -22.611710 191.093628 -48.592087
v -48.344414 197.637039 -48.148666
v -48.344414 197.288528 -47.796940
v -48.344414 197.288528 -52.295998
v -48.344414 197.637039 -51.944279
v -48.344414 192.373688 -47.796940
v -48.344414 192.026047 -48.148666
v -48.344414 192.026047 -51.944279
v -48.344414 192.373688 -52.295998
v -8.727605 107.786583 -47.796932
v -9.088705 107.786583 -48.148659
v -8.727305 158.142059 -47.796936
v -9.088705 158.142059 -48.148663
v -9.088705 107.786575 -51.944271
v -8.727605 107.786575 -52.295990
v -9.088705 158.142059 -51.944275
v -8.727305 158.142059 -52.295994
v -3.477711 107.786583 -48.148659
v -3.838414 107.786583 -47.796932
v -3.477711 158.142059 -48.148663
v -3.838713 158.142059 -47.796936
v -3.838414 107.786575 -52.295990
v -3.477711 107.786575 -51.944271
v -3.838713 158.142059 -52.295994
v -3.477711 158.142059 -51.944275
v -19.506674 189.441864 -48.148666
v -19.739958 189.171570 -47.796940
v -19.739958 189.171570 -52.295998
v -19.506674 189.441864 -51.944279
v -22.939583 185.464264 -47.796940
v -23.172668 185.194046 -48.148666
v -23.172668 185.194046 -51.944279
v -22.939583 185.464264 -52.295998
v -11.644257 181.294586 -48.148666
v -11.930024 181.080261 -47.796940
v -6.241701 169.946884 -47.796936
v -5.901253 170.052246 -48.148663
v -5.901253 170.052246 -51.944275
v -6.241701 169.946884 -52.295994
v -11.930024 181.080261 -52.295998
v -11.644257 181.294586 -51.944279
v -11.119816 168.437515 -48.148663
v -10.778271 168.543182 -47.796936
v -15.799570 178.177872 -47.796940
v -16.085537 177.963440 -48.148666
v -10.778271 168.543182 -52.295994
v -11.119816 168.437515 -51.944275
v -16.085537 177.963440 -51.944279
v -15.799570 178.177872 -52.295998
v -39.443699 196.890396 -48.148666
v -39.497078 196.546677 -47.796940
v -29.872656 194.577209 -47.796940
v -29.744541 194.904892 -48.148666
v -29.744541 194.904892 -51.944279
v -29.872656 194.577209 -52.295998
v -39.497078 196.546677 -52.295998
v -39.443699 196.890396 -51.944279
v -31.744019 189.790802 -48.148666
v -31.615902 190.118576 -47.796940
v -40.238937 191.772110 -47.796940
v -40.292221 191.428970 -48.148666
v -31.615902 190.118576 -52.295998
v -31.744019 189.790802 -51.944279
v -40.292221 191.428970 -51.944279
v -40.238937 191.772110 -52.295998
v -57.328754 197.637039 -48.148666
v -57.680477 197.285324 -48.148666
v -57.328754 197.288330 -47.796940
v -57.328754 197.637039 -51.944279
v -57.328754 197.288330 -52.295998
v -57.680477 197.285324 -51.944279
v -57.328754 192.373886 -52.295998
v -57.328754 192.026047 -51.944279
v -57.680477 192.377777 -51.944279
v -57.328754 192.026047 -48.148666
v -57.328754 192.373886 -47.796940
v -57.680477 192.377777 -48.148666
v 20.327761 192.875488 -48.592087
v 20.327761 193.237274 -48.943810
v 5.633246 209.172958 -48.592087
v 5.983571 209.172958 -48.943810
v 20.327761 193.237274 -51.164589
v 20.327761 192.875488 -51.516315
v 5.983571 209.172958 -51.164589
v 5.633246 209.172958 -51.516315
v 20.327761 190.731018 -48.943810
v 20.327761 191.094009 -48.592087
v 3.477313 209.172958 -48.943810
v 3.830032 209.172958 -48.592087
v 20.327761 191.094009 -51.516315
v 20.327761 190.731018 -51.164589
v 3.830032 209.172958 -51.516315
v 3.477313 209.172958 -51.164589
v 3.477313 215.626877 -48.943810
v 3.830032 215.626877 -48.592087
v 3.829034 215.978622 -48.943810
v 3.830032 215.626877 -51.516315
v 3.477313 215.626877 -51.164589
v 3.829034 215.978622 -51.164589
v 5.983571 215.626877 -51.164589
v 5.633146 215.626877 -51.516315
v 5.631849 215.978622 -51.164589
v 5.983571 215.626877 -48.943810
v 5.631849 215.978622 -48.943810
v 5.633146 215.626877 -48.592087
v 7.384973 202.421860 -48.943810
v 7.063284 202.286270 -48.592087
v 14.308966 194.243851 -48.592087
v 14.448457 194.574707 -48.943810
v 9.760122 197.153717 -48.592087
v 10.017055 197.410553 -48.943810
v 14.448457 194.574707 -51.164589
v 14.308966 194.243851 -51.516315
v 7.063284 202.286270 -51.516315
v 7.384973 202.421860 -51.164589
v 10.017055 197.410553 -51.164589
v 9.760122 197.153717 -51.516315
v 13.687639 192.770111 -51.516315
v 13.548946 192.441147 -51.164589
v 5.251390 201.522369 -51.164589
v 5.572480 201.657745 -51.516315
v 8.649378 196.042984 -51.516315
v 8.394641 195.788147 -51.164589
v 13.548946 192.441147 -48.943810
v 13.687639 192.770111 -48.592087
v 5.572480 201.657745 -48.592087
v 5.251390 201.522369 -48.943810
v 8.394641 195.788147 -48.943810
v 8.649378 196.042984 -48.592087
v 25.936159 192.875885 -51.516315
v 26.610167 193.237274 -51.164589
v 26.610167 193.237274 -48.943810
v 25.936159 192.875885 -48.592087
v 21.935406 190.731018 -51.164589
v 22.611710 191.093628 -51.516315
v 22.611710 191.093628 -48.592087
v 21.935406 190.731018 -48.943810
v 48.344414 197.288528 -47.796940
v 48.344414 197.637039 -48.148666
v 48.344414 197.637039 -51.944279
v 48.344414 197.288528 -52.295998
v 48.344414 192.026047 -48.148666
v 48.344414 192.373688 -47.796940
v 48.344414 192.373688 -52.295998
v 48.344414 192.026047 -51.944279
v 9.088705 107.786583 -48.148659
v 8.727705 107.786583 -47.796932
v 9.088705 158.142059 -48.148663
v 8.727305 158.142059 -47.796936
v 8.727705 107.786575 -52.295990
v 9.088705 107.786575 -51.944271
v 8.727305 158.142059 -52.295994
v 9.088705 158.142059 -51.944275
v 3.838414 107.786583 -47.796932
v 3.477811 107.786583 -48.148659
v 3.838813 158.142059 -47.796936
v 3.477811 158.142059 -48.148663
v 3.477811 107.786575 -51.944271
v 3.838414 107.786575 -52.295990
v 3.477811 158.142059 -51.944275
v 3.838813 158.142059 -52.295994
v 19.739958 189.171570 -47.796940
v 19.506674 189.441864 -48.148666
v 19.506674 189.441864 -51.944279
v 19.739958 189.171570 -52.295998
v 23.172668 185.194046 -48.148666
v 22.939583 185.464264 -47.796940
v 22.939583 185.464264 -52.295998
v 23.172668 185.194046 -51.944279
v 11.930024 181.080261 -47.796940
v 11.644257 181.294586 -48.148666
v 5.901253 170.052246 -48.148663
v 6.241701 169.946884 -47.796936
v 6.241701 169.946884 -52.295994
v 5.901253 170.052246 -51.944275
v 11.644257 181.294586 -51.944279
v 11.930024 181.080261 -52.295998
v 10.778271 168.543182 -47.796936
v 11.119816 168.437515 -48.148663
v 16.085537 177.963440 -48.148666
v 15.799570 178.177872 -47.796940
v 11.119816 168.437515 -51.944275
v 10.778271 168.543182 -52.295994
v 15.799570 178.177872 -52.295998
v 16.085537 177.963440 -51.944279
v 39.497078 196.546677 -47.796940
v 39.443699 196.890396 -48.148666
v 29.744541 194.904892 -48.148666
v 29.872656 194.577209 -47.796940
v 29.872656 194.577209 -52.295998
v 29.744541 194.904892 -51.944279
v 39.443699 196.890396 -51.944279
v 39.497078 196.546677 -52.295998
v 31.615902 190.118576 -47.796940
v 31.744019 189.790802 -48.148666
v 40.292316 191.428970 -48.148666
v 40.238937 191.772110 -47.796940
v 31.744019 189.790802 -51.944279
v 31.615902 190.118576 -52.295998
v 40.238937 191.772110 -52.295998
v 40.292316 191.428970 -51.944279
v 57.328754 197.637039 -48.148666
v 57.328754 197.288330 -47.796940
v 57.680477 197.285324 -48.148666
v 57.328754 197.637039 -51.944279
v 57.680477 197.285324 -51.944279
v 57.328754 197.288330 -52.295998
v 57.328754 192.373886 -52.295998
v 57.680477 192.377777 -51.944279
v 57.328754 192.026047 -51.944279
v 57.328754 192.026047 -48.148666
v 57.680477 192.377777 -48.148666
v 57.328754 192.373886 -47.796940
v -20.327761 192.875580 48.591957
v -20.327761 193.237274 48.943680
v -5.633146 209.172958 48.591957
v -5.983471 209.172958 48.943680
v -20.327761 193.237274 51.164558
v -20.327761 192.875580 51.516285
v -5.983471 209.172958 51.164558
v -5.633146 209.172958 51.516285
v -20.327761 190.731018 48.943680
v -20.327761 191.094116 48.591957
v -3.477313 209.172958 48.943680
v -3.830032 209.172958 48.591957
v -20.327761 191.094116 51.516285
v -20.327761 190.731018 51.164558
v -3.830032 209.172958 51.516285
v -3.477313 209.172958 51.164558
v -3.477313 215.626877 48.943680
v -3.830032 215.626877 48.591957
v -3.829034 215.978622 48.943680
v -3.830032 215.626877 51.516285
v -3.477313 215.626877 51.164558
v -3.829034 215.978622 51.164558
v -5.983471 215.626877 51.164558
v -5.633146 215.626877 51.516285
v -5.631849 215.978622 51.164558
v -5.983471 215.626877 48.943680
v -5.631849 215.978622 48.943680
v -5.633146 215.626877 48.591957
v -7.384973 202.421860 48.943680
v -7.063284 202.286270 48.591957
v -14.308966 194.243958 48.591957
v -14.448457 194.574814 48.943680
v -9.760122 197.153717 48.591957
v -10.017055 197.410660 48.943680
v -14.448457 194.574814 51.164558
v -14.308966 194.243958 51.516285
v -7.063284 202.286270 51.516285
v -7.384973 202.421860 51.164558
v -10.017055 197.410660 51.164558
v -9.760122 197.153717 51.516285
v -13.687639 192.770111 51.516285
v -13.548946 192.441147 51.164558
v -5.251390 201.522369 51.164558
v -5.572480 201.657745 51.516285
v -8.649378 196.042984 51.516285
v -8.394542 195.788223 51.164558
v -13.548946 192.441147 48.943680
v -13.687639 192.770111 48.591957
v -5.572480 201.657745 48.591957
v -5.251390 201.522369 48.943680
v -8.394542 195.788223 48.943680
v -8.649378 196.042984 48.591957
v -25.936159 192.875885 51.516285
v -26.610167 193.237274 51.164558
v -26.610167 193.237274 48.943680
v -25.936159 192.875885 48.591957
v -21.935406 190.731018 51.164558
v -22.611710 191.093628 51.516285
v -22.611710 191.093628 48.591957
v -21.935406 190.731018 48.943680
v -48.344414 197.288528 47.796814
v -48.344414 197.637039 48.148537
v -48.344414 197.637039 51.944248
v -48.344414 197.288528 52.295967
v -48.344414 192.026154 48.148537
v -48.344414 192.373688 47.796814
v -48.344414 192.373688 52.295967
v -48.344414 192.026154 51.944248
v -9.088705 107.786705 48.148544
v -8.727605 107.786705 47.796917
v -9.088705 158.142166 48.148540
v -8.727305 158.142166 47.796818
v -8.727605 107.786713 52.295975
v -9.088705 107.786713 51.944256
v -8.727305 158.142166 52.295971
v -9.088705 158.142166 51.944252
v -3.838414 107.786705 47.796917
v -3.477711 107.786705 48.148544
v -3.838713 158.142166 47.796818
v -3.477711 158.142166 48.148540
v -3.477711 107.786713 51.944256
v -3.838414 107.786713 52.295975
v -3.477711 158.142166 51.944252
v -3.838713 158.142166 52.295971
v -19.739958 189.171570 47.796814
v -19.506674 189.441864 48.148537
v -19.506674 189.441864 51.944248
v -19.739958 189.171570 52.295967
v -23.172668 185.194153 48.148537
v -22.939583 185.464264 47.796814
v -22.939583 185.464264 52.295967
v -23.172668 185.194153 51.944248
v -11.930024 181.080261 47.796814
v -11.644257 181.294586 48.148537
v -5.901253 170.052246 48.148540
v -6.241701 169.946991 47.796818
v -6.241701 169.946991 52.295971
v -5.901253 170.052246 51.944252
v -11.644257 181.294586 51.944248
v -11.930024 181.080261 52.295967
v -10.778271 168.543182 47.796818
v -11.119816 168.437515 48.148540
v -16.085537 177.963440 48.148537
v -15.799570 178.177872 47.796814
v -11.119816 168.437515 51.944252
v -10.778271 168.543182 52.295971
v -15.799570 178.177872 52.295967
v -16.085537 177.963440 51.944248
v -39.497078 196.546768 47.796814
v -39.443699 196.890396 48.148537
v -29.744541 194.904892 48.148537
v -29.872656 194.577316 47.796814
v -29.872656 194.577316 52.295967
v -29.744541 194.904892 51.944248
v -39.443699 196.890396 51.944248
v -39.497078 196.546768 52.295967
v -31.615902 190.118576 47.796814
v -31.744019 189.790802 48.148537
v -40.292221 191.428970 48.148537
v -40.238937 191.772110 47.796814
v -31.744019 189.790802 51.944248
v -31.615902 190.118576 52.295967
v -40.238937 191.772110 52.295967
v -40.292221 191.428970 51.944248
v -57.328754 197.637039 48.148537
v -57.328754 197.288437 47.796814
v -57.680477 197.285324 48.148537
v -57.328754 197.637039 51.944248
v -57.680477 197.285324 51.944248
v -57.328754 197.288437 52.295967
v -57.328754 192.373886 52.295967
v -57.680477 192.377777 51.944248
v -57.328754 192.026154 51.944248
v -57.328754 192.026154 48.148537
v -57.680477 192.377777 48.148537
v -57.328754 192.373886 47.796814
v 20.327761 193.237274 48.943680
v 20.327761 192.875580 48.591957
v 5.983571 209.172958 48.943680
v 5.633246 209.172958 48.591957
v 20.327761 192.875580 51.516285
v 20.327761 193.237274 51.164558
v 5.633246 209.172958 51.516285
v 5.983571 209.172958 51.164558
v 20.327761 191.094116 48.591957
v 20.327761 190.731018 48.943680
v 3.830032 209.172958 48.591957
v 3.477313 209.172958 48.943680
v 20.327761 190.731018 51.164558
v 20.327761 191.094116 51.516285
v 3.477313 209.172958 51.164558
v 3.830032 209.172958 51.516285
v 3.477313 215.626877 48.943680
v 3.829034 215.978622 48.943680
v 3.830032 215.626877 48.591957
v 3.830032 215.626877 51.516285
v 3.829034 215.978622 51.164558
v 3.477313 215.626877 51.164558
v 5.983571 215.626877 51.164558
v 5.631849 215.978622 51.164558
v 5.633146 215.626877 51.516285
v 5.983571 215.626877 48.943680
v 5.633146 215.626877 48.591957
v 5.631849 215.978622 48.943680
v 7.063284 202.286270 48.591957
v 7.384973 202.421860 48.943680
v 14.448457 194.574814 48.943680
v 14.308966 194.243958 48.591957
v 10.017055 197.410660 48.943680
v 9.760122 197.153717 48.591957
v 14.308966 194.243958 51.516285
v 14.448457 194.574814 51.164558
v 7.384973 202.421860 51.164558
v 7.063284 202.286270 51.516285
v 9.760122 197.153717 51.516285
v 10.017055 197.410660 51.164558
v 13.548946 192.441147 51.164558
v 13.687639 192.770111 51.516285
v 5.572480 201.657745 51.516285
v 5.251390 201.522369 51.164558
v 8.394641 195.788223 51.164558
v 8.649378 196.042984 51.516285
v 13.687639 192.770111 48.591957
v 13.548946 192.441147 48.943680
v 5.251390 201.522369 48.943680
v 5.572480 201.657745 48.591957
v 8.649378 196.042984 48.591957
v 8.394641 195.788223 48.943680
v 26.610167 193.237274 51.164558
v 25.936159 192.875885 51.516285
v 25.936159 192.875885 48.591957
v 26.610167 193.237274 48.943680
v 22.611710 191.093628 51.516285
v 21.935406 190.731018 51.164558
v 21.935406 190.731018 48.943680
v 22.611710 191.093628 48.591957
v 48.344414 197.637039 48.148537
v 48.344414 197.288528 47.796814
v 48.344414 197.288528 52.295967
v 48.344414 197.637039 51.944248
v 48.344414 192.373688 47.796814
v 48.344414 192.026154 48.148537
v 48.344414 192.026154 51.944248
v 48.344414 192.373688 52.295967
v 8.727705 107.786705 47.796917
v 9.088705 107.786705 48.148544
v 8.727305 158.142166 47.796818
v 9.088705 158.142166 48.148540
v 9.088705 107.786713 51.944256
v 8.727705 107.786713 52.295975
v 9.088705 158.142166 51.944252
v 8.727305 158.142166 52.295971
v 3.477811 107.786705 48.148544
v 3.838414 107.786705 47.796917
v 3.477811 158.142166 48.148540
v 3.838813 158.142166 47.796818
v 3.838414 107.786713 52.295975
v 3.477811 107.786713 51.944256
v 3.838813 158.142166 52.295971
v 3.477811 158.142166 51.944252
v 19.506674 189.441864 48.148537
v 19.739958 189.171570 47.796814
v 19.739958 189.171570 52.295967
v 19.506674 189.441864 51.944248
v 22.939583 185.464264 47.796814
v 23.172668 185.194153 48.148537
v 23.172668 185.194153 51.944248
v 22.939583 185.464264 52.295967
v 11.644257 181.294586 48.148537
v 11.930024 181.080261 47.796814
v 6.241701 169.946991 47.796818
v 5.901253 170.052246 48.148540
v 5.901253 170.052246 51.944252
v 6.241701 169.946991 52.295971
v 11.930024 181.080261 52.295967
v 11.644257 181.294586 51.944248
v 11.119816 168.437515 48.148540
v 10.778271 168.543182 47.796818
v 15.799570 178.177872 47.796814
v 16.085537 177.963440 48.148537
v 10.778271 168.543182 52.295971
v 11.119816 168.437515 51.944252
v 16.085537 177.963440 51.944248
v 15.799570 178.177872 52.295967
v 39.443699 196.890396 48.148537
v 39.497078 196.546768 47.796814
v 29.872656 194.577316 47.796814
v 29.744541 194.904892 48.148537
v 29.744541 194.904892 51.944248
v 29.872656 194.577316 52.295967
v 39.497078 196.546768 52.295967
v 39.443699 196.890396 51.944248
v 31.744019 189.790802 48.148537
v 31.615902 190.118576 47.796814
v 40.238937 191.772110 47.796814
v 40.292316 191.428970 48.148537
v 31.615902 190.118576 52.295967
v 31.744019 189.790802 51.944248
v 40.292316 191.428970 51.944248
v 40.238937 191.772110 52.295967
v 57.328754 197.637039 48.148537
v 57.680477 197.285324 48.148537
v 57.328754 197.288437 47.796814
v 57.328754 197.637039 51.944248
v 57.328754 197.288437 52.295967
v 57.680477 197.285324 51.944248
v 57.328754 192.373886 52.295967
v 57.328754 192.026154 51.944248
v 57.680477 192.377777 51.944248
v 57.328754 192.026154 48.148537
v 57.328754 192.373886 47.796814
v 57.680477 192.377777 48.148537
v -10.287256 248.933029 43.822399
v -10.287256 248.101089 14.607385
v -10.287256 248.101089 -14.607523
v -10.287256 248.933029 -43.822533
v -9.572736 248.019058 43.822399
v -9.572736 247.187088 14.607385
v -9.572736 247.187088 -14.607523
v -9.572736 248.019058 -43.822533
v -20.032013 237.999008 43.822399
v -20.032013 237.167145 14.607386
v -20.032013 237.167145 -14.607522
v -20.032013 237.999008 -43.822533
v -20.746532 238.913010 43.822399
v -20.746532 238.081146 14.607386
v -20.746532 238.081146 -14.607522
v -20.746532 238.913010 -43.822533
v -31.400978 227.752991 43.822399
v -31.400978 226.921005 14.607387
v -31.400978 226.921005 -14.607521
v -31.400978 227.752991 -43.822533
v -32.115498 228.666946 43.822399
v -32.115498 227.834991 14.607387
v -32.115498 227.834991 -14.607521
v -32.115498 228.666946 -43.822533
v -42.594032 217.519974 43.822403
v -42.594032 216.688156 14.607388
v -42.594032 216.688156 -14.607520
v -42.594032 217.519974 -43.822529
v -43.308456 218.433960 43.822403
v -43.308456 217.602020 14.607388
v -43.308456 217.602020 -14.607520
v -43.308456 218.433960 -43.822529
v -53.962994 207.161682 43.822403
v -53.962994 206.329727 14.607388
v -53.962994 206.329727 -14.607519
v -53.962994 207.161682 -43.822529
v -54.677414 208.075577 43.822403
v -54.677414 207.243729 14.607388
v -54.677414 207.243729 -14.607519
v -54.677414 208.075577 -43.822529
v 9.572836 248.019058 -43.822533
v 9.572836 247.187088 -14.607523
v 9.572836 247.187088 14.607385
v 9.572836 248.019058 43.822399
v 10.287256 248.933029 -43.822533
v 10.287256 248.101089 -14.607523
v 10.287256 248.101089 14.607385
v 10.287256 248.933029 43.822399
v 20.801411 237.773010 -43.822533
v 20.801411 236.941071 -14.607522
v 20.801411 236.941071 14.607386
v 20.801411 237.773010 43.822399
v 21.515829 238.687012 -43.822533
v 21.515829 237.855026 -14.607522
v 21.515829 237.855026 14.607386
v 21.515829 238.687012 43.822399
v 32.170376 227.526855 -43.822533
v 32.170376 226.695007 -14.607521
v 32.170376 226.695007 14.607387
v 32.170376 227.526855 43.822399
v 32.884796 228.440857 -43.822533
v 32.884796 227.608902 -14.607521
v 32.884796 227.608902 14.607387
v 32.884796 228.440857 43.822399
v 43.363335 217.293900 -43.822529
v 43.363335 216.462036 -14.607520
v 43.363335 216.462036 14.607388
v 43.363335 217.293900 43.822403
v 44.077850 218.207886 -43.822529
v 44.077850 217.375992 -14.607520
v 44.077850 217.375992 14.607388
v 44.077850 218.207886 43.822403
v 55.274296 207.849579 43.822403
v 55.274296 207.017609 14.607388
v 55.274296 207.017609 -14.607519
v 55.274296 207.849579 -43.822529
v 54.559879 206.935593 43.822403
v 54.559879 206.103638 14.607388
v 54.559879 206.103638 -14.607519
v 54.559879 206.935593 -43.822529
v -78.913429 186.884323 -68.627098
v -79.114189 187.086456 -68.330055
v -79.132637 186.666107 -68.329941
v -78.531570 186.467438 -68.627098
v -78.750999 186.249329 -68.329941
v -78.330627 186.230865 -68.330055
v -57.010460 206.942581 -68.627098
v -56.791042 207.125977 -68.329941
v -57.211411 207.144516 -68.330055
v -56.628609 206.525604 -68.627098
v -56.427849 206.288910 -68.330055
v -56.409389 206.709167 -68.329941
v -69.527176 198.676254 -67.418564
v -69.283524 198.865341 -67.715714
v -69.467216 199.081970 -67.418762
v -68.936096 198.420837 -67.715714
v -69.179153 198.231049 -67.418564
v -68.752800 198.167969 -67.418762
v -45.880169 217.150711 -67.715714
v -45.660149 217.334106 -67.418564
v -46.063164 217.368027 -67.418762
v -45.348644 216.454056 -67.418762
v -45.312222 216.889008 -67.418564
v -45.532734 216.706207 -67.715714
v -58.158218 209.033752 -66.426163
v -57.914555 209.223724 -66.723305
v -58.098255 209.439560 -66.426453
v -57.567127 208.779221 -66.723305
v -57.810287 208.588623 -66.426163
v -57.383831 208.525558 -66.426453
v -34.511200 227.509003 -66.723305
v -34.291187 227.691696 -66.426163
v -34.694199 227.725525 -66.426453
v -33.979679 226.811554 -66.426453
v -33.943256 227.246597 -66.426163
v -34.163769 227.064590 -66.723305
v -46.965263 219.268417 -68.650543
v -46.721607 219.456696 -68.947685
v -46.905300 219.674133 -68.650742
v -46.374176 219.012192 -68.947685
v -46.617229 218.823212 -68.650543
v -46.190781 218.760269 -68.650742
v -23.318247 237.741974 -68.947685
v -23.098232 237.926392 -68.650543
v -23.501141 237.960190 -68.650742
v -22.786722 237.046219 -68.650742
v -22.750204 237.481186 -68.650543
v -22.970715 237.297577 -68.947685
v -35.596306 229.515076 -69.494370
v -35.352642 229.702759 -69.791618
v -35.536331 229.920776 -69.494576
v -35.005207 229.258347 -69.791618
v -35.248272 229.069870 -69.494370
v -34.821911 229.006790 -69.494576
v -11.949282 247.988037 -69.791618
v -11.729268 248.173019 -69.494370
v -12.132176 248.206848 -69.494576
v -11.417758 247.292847 -69.494576
v -11.381238 247.727798 -69.494370
v -11.601850 247.543640 -69.791618
v -78.913429 186.884415 69.132141
v -79.132637 186.666504 68.835007
v -79.114189 187.086777 68.835091
v -78.531570 186.467438 69.132141
v -78.330627 186.231262 68.835091
v -78.750999 186.249725 68.835007
v -57.010460 206.942581 69.132141
v -57.211315 207.144852 68.835091
v -56.791042 207.126373 68.835007
v -56.628609 206.525604 69.132141
v -56.409389 206.709595 68.835007
v -56.427849 206.289337 68.835091
v -69.527176 198.676254 67.418434
v -69.467216 199.082047 67.418633
v -69.283524 198.865341 67.715576
v -68.936096 198.420929 67.715576
v -68.752800 198.167969 67.418633
v -69.179153 198.231140 67.418434
v -45.880169 217.150711 67.715576
v -46.063164 217.367905 67.418633
v -45.660149 217.334106 67.418434
v -45.348644 216.453964 67.418633
v -45.532734 216.706207 67.715576
v -45.312222 216.889008 67.418434
v -58.158218 209.033447 66.053352
v -58.098255 209.439270 66.053551
v -57.914555 209.223724 66.350494
v -57.567127 208.779221 66.350494
v -57.383831 208.525269 66.053551
v -57.810287 208.588364 66.053352
v -34.511200 227.509003 66.350494
v -34.694199 227.725220 66.053551
v -34.291187 227.691406 66.053352
v -33.979679 226.811264 66.053551
v -34.163769 227.064590 66.350494
v -33.943256 227.246277 66.053352
v -46.965263 219.268936 69.390778
v -46.905300 219.674606 69.390968
v -46.721607 219.456696 69.687912
v -46.374176 219.012192 69.687912
v -46.190876 218.760651 69.390869
v -46.617229 218.823700 69.390778
v -23.318247 237.741974 69.687912
v -23.501141 237.960602 69.390869
v -23.098232 237.926865 69.390778
v -22.786722 237.046600 69.390869
v -22.970715 237.297577 69.687912
v -22.750204 237.481659 69.390778
v -35.596306 229.514267 68.322136
v -35.536331 229.920105 68.322327
v -35.352642 229.702759 68.619385
v -35.005207 229.258347 68.619385
v -34.821911 229.006104 68.322327
v -35.248272 229.069183 68.322136
v -11.949282 247.988037 68.619385
v -12.132277 248.206070 68.322327
v -11.729268 248.172241 68.322136
v -11.417758 247.292084 68.322327
v -11.601850 247.543640 68.619385
v -11.381238 247.727020 68.322136
v 56.729282 206.525604 67.360466
v 56.510059 206.708282 67.063316
v 56.528526 206.288025 67.063423
v 57.111031 206.942581 67.360466
v 57.311993 207.143539 67.063423
v 56.891720 207.125092 67.063316
v 78.632263 186.467438 67.360466
v 78.431305 186.229996 67.063423
v 78.851570 186.248428 67.063316
v 79.014000 186.884415 67.360466
v 79.233231 186.665207 67.063316
v 79.214767 187.085571 67.063423
v 45.713036 217.157501 68.779625
v 45.896130 217.374924 68.482681
v 45.487732 217.334885 68.482483
v 68.766167 198.424011 68.779625
v 68.582878 198.172348 68.482681
v 69.006729 198.231842 68.482483
v 69.297394 199.086349 68.482681
v 69.113998 198.869019 68.779625
v 69.354767 198.677063 68.482483
v 58.158218 209.035034 -68.103447
v 58.100849 209.444336 -68.103653
v 57.917450 209.227417 -68.400597
v 57.569622 208.782410 -68.400597
v 57.386326 208.530472 -68.103653
v 57.810287 208.589935 -68.103447
v 34.516491 227.515884 -68.400597
v 34.699684 227.733017 -68.103653
v 34.291286 227.693008 -68.103447
v 33.985165 226.819031 -68.103653
v 34.168659 227.070786 -68.400597
v 33.943256 227.247879 -68.103447
v 46.965263 219.268936 -69.390900
v 46.907894 219.678207 -69.390999
v 46.724499 219.460419 -69.688034
v 46.376667 219.015381 -69.688034
v 46.193375 218.764236 -69.390999
v 46.617229 218.823700 -69.390900
v 23.323536 237.748795 -69.688034
v 23.506632 237.966797 -69.391098
v 23.098232 237.926865 -69.390900
v 22.792210 237.052917 -69.390999
v 22.975704 237.303757 -69.688034
v 22.750204 237.481659 -69.390900
v 35.596306 229.513977 -67.817085
v 35.538925 229.923294 -67.817284
v 35.355534 229.706451 -68.114326
v 35.007702 229.261444 -68.114326
v 34.824409 229.009293 -67.817284
v 35.248272 229.068756 -67.817085
v 11.954571 247.994904 -68.114326
v 12.137766 248.211838 -67.817284
v 11.729268 248.171829 -67.817085
v 11.423245 247.297836 -67.817284
v 11.606739 247.549911 -68.114326
v 11.381338 247.726700 -67.817085
v 24.367727 239.760727 -68.796921
v 24.310354 240.170029 -68.797112
v 24.126959 239.952499 -69.094154
v 23.779028 239.507599 -69.094154
v 23.595833 239.256042 -68.797112
v 24.019697 239.315506 -68.796921
v 0.725995 258.240967 -69.094162
v 0.909090 258.458588 -68.797119
v 0.500693 258.418640 -68.796928
v 0.194570 257.544708 -68.797119
v 0.378064 257.795959 -69.094162
v 0.152663 257.973480 -68.796928
v 56.729282 206.525604 -67.886726
v 56.528526 206.288437 -67.589676
v 56.510059 206.708694 -67.589584
v 57.111031 206.942581 -67.886726
v 56.891720 207.125473 -67.589584
v 57.311993 207.143921 -67.589676
v 78.632263 186.467438 -67.886726
v 78.851570 186.248840 -67.589584
v 78.431305 186.230377 -67.589676
v 79.014000 186.884323 -67.886726
v 79.214767 187.085892 -67.589676
v 79.233231 186.665619 -67.589584
v 45.139706 216.889999 -68.843414
v 45.365204 216.712494 -69.140656
v 45.181713 216.461258 -68.843613
v 45.713036 217.157501 -69.140656
v 45.487732 217.335098 -68.843414
v 45.896130 217.375107 -68.843613
v 68.766167 198.424011 -69.140656
v 69.006729 198.232056 -68.843414
v 68.582878 198.172577 -68.843613
v 69.297394 199.086563 -68.843613
v 69.354767 198.677246 -68.843414
v 69.113998 198.869019 -69.140656
v 58.158218 209.033752 66.426132
v 57.917450 209.227417 66.723175
v 58.100849 209.443146 66.426331
v 57.569622 208.782410 66.723175
v 57.810287 208.588623 66.426132
v 57.386326 208.529160 66.426331
v 34.516491 227.515884 66.723175
v 34.291286 227.691696 66.426132
v 34.699684 227.731705 66.426331
v 33.985165 226.817734 66.426331
v 33.943256 227.246597 66.426132
v 34.168659 227.070786 66.723175
v 46.965263 219.268936 69.390778
v 46.724499 219.460419 69.687912
v 46.907894 219.678207 69.390869
v 46.376667 219.015381 69.687912
v 46.617229 218.823700 69.390778
v 46.193375 218.764236 69.390968
v 23.323536 237.748795 69.687912
v 23.098232 237.926865 69.390778
v 23.506632 237.966797 69.390869
v 22.792210 237.052917 69.390869
v 22.750204 237.481659 69.390778
v 22.975704 237.303757 69.687912
v 35.596306 229.514267 68.322136
v 35.355534 229.706451 68.619385
v 35.538925 229.923553 68.322327
v 35.007702 229.261444 68.619385
v 35.248272 229.069183 68.322136
v 34.824409 229.009598 68.322327
v 11.954571 247.994904 68.619385
v 11.729268 248.172241 68.322136
v 12.137766 248.212250 68.322327
v 11.423245 247.298264 68.322327
v 11.381338 247.727020 68.322136
v 11.606739 247.549911 68.619385
v 24.367727 239.761826 70.556900
v 24.126959 239.952499 70.854134
v 24.310354 240.171127 70.556992
v 23.779028 239.507599 70.854134
v 24.019697 239.316605 70.556900
v 23.595833 239.257141 70.556992
v 0.725995 258.240967 70.854126
v 0.500693 258.419739 70.556892
v 0.909090 258.459686 70.556984
v 0.194670 257.545715 70.556984
v 0.152663 257.974548 70.556892
v 0.378064 257.795959 70.854126
v 45.139706 216.889694 68.482483
v 45.181713 216.460938 68.482681
v 45.365204 216.712494 68.779625
v -79.114189 185.658722 43.822403
v -79.132637 185.238373 43.822403
v -79.132637 185.238373 -43.822433
v -79.114189 185.658615 -43.822433
v -79.132637 184.406509 14.607389
v -79.114189 184.826782 14.607389
v -79.132637 184.406509 -14.607518
v -79.114189 184.826782 -14.607518
v -78.330627 184.803116 -43.822433
v -78.750999 184.821564 -43.822433
v -78.750999 184.821701 43.822403
v -78.330727 184.803116 43.822403
v -78.330727 183.971161 -14.607518
v -78.750999 183.989731 -14.607518
v -78.330727 183.971161 14.607389
v -78.750999 183.989731 14.607389
v -57.211411 205.716797 -43.822529
v -56.791042 205.698227 -43.822529
v -56.791042 205.698227 43.822403
v -57.211315 205.716797 43.822403
v -57.211315 204.884842 -14.607519
v -56.791042 204.866379 -14.607519
v -57.211315 204.884842 14.607388
v -56.791042 204.866379 14.607388
v -56.427849 204.861206 43.822403
v -56.409389 205.281448 43.822403
v -56.409389 205.281448 -43.822529
v -56.427849 204.861206 -43.822529
v -56.409389 204.449585 14.607388
v -56.427849 204.029205 14.607388
v -56.409389 204.449585 -14.607519
v -56.427849 204.029205 -14.607519
v -69.467216 197.654907 43.822403
v -69.527176 197.249115 43.822403
v -69.527176 197.249115 -43.822529
v -69.467216 197.654907 -43.822529
v -69.527176 196.417267 14.607388
v -69.467216 196.822952 14.607388
v -69.527176 196.417267 -14.607519
v -69.467216 196.822952 -14.607519
v -68.752800 196.740936 -43.822529
v -69.179153 196.804001 -43.822529
v -69.179153 196.804001 43.822403
v -68.752800 196.740936 43.822403
v -68.752800 195.908981 -14.607519
v -69.179153 195.972031 -14.607519
v -68.752800 195.908981 14.607388
v -69.179153 195.972031 14.607388
v -46.063164 215.940887 -43.822529
v -45.660149 215.907074 -43.822529
v -45.660149 215.907074 43.822403
v -46.063164 215.940887 43.822403
v -46.063164 215.108917 -14.607520
v -45.660149 215.075089 -14.607520
v -46.063164 215.108917 14.607388
v -45.660149 215.075089 14.607388
v -45.348644 215.026932 43.822403
v -45.312222 215.461853 43.822403
v -45.312222 215.461853 -43.822529
v -45.348644 215.026932 -43.822529
v -45.312222 214.629883 14.607388
v -45.348644 214.194916 14.607388
v -45.312222 214.629883 -14.607520
v -45.348644 214.194916 -14.607520
v -58.098255 208.013321 43.822403
v -58.158218 207.607513 43.822403
v -58.158218 207.607513 -43.822529
v -58.098255 208.013229 -43.822529
v -58.158218 206.775543 14.607388
v -58.098255 207.181366 14.607388
v -58.158218 206.775543 -14.607519
v -58.098255 207.181366 -14.607519
v -57.383831 207.099335 -43.822529
v -57.810287 207.162399 -43.822529
v -57.810287 207.162399 43.822403
v -57.383831 207.099335 43.822403
v -57.383831 206.267380 -14.607519
v -57.810287 206.330444 -14.607519
v -57.383831 206.267288 14.607388
v -57.810287 206.330444 14.607388
v -34.694199 226.299194 -43.822529
v -34.291187 226.265366 -43.822529
v -34.291187 226.265366 43.822403
v -34.694199 226.299194 43.822403
v -34.694199 225.467346 -14.607521
v -34.291187 225.433517 -14.607521
v -34.694199 225.467346 14.607387
v -34.291187 225.433517 14.607387
v -33.979679 225.385208 43.822403
v -33.943256 225.820251 43.822403
v -33.943256 225.820251 -43.822529
v -33.979679 225.385208 -43.822529
v -33.943256 224.988297 14.607387
v -33.979679 224.553345 14.607387
v -33.943256 224.988297 -14.607521
v -33.979679 224.553345 -14.607521
v -46.905300 218.246201 43.822403
v -46.965263 217.840500 43.822403
v -46.965263 217.840500 -43.822529
v -46.905300 218.246201 -43.822529
v -46.965263 217.008514 14.607388
v -46.905300 217.414230 14.607388
v -46.965263 217.008514 -14.607520
v -46.905300 217.414230 -14.607520
v -46.190876 217.332214 -43.822529
v -46.617229 217.395279 -43.822529
v -46.617229 217.395279 43.822403
v -46.190876 217.332214 43.822403
v -46.190876 216.500351 -14.607520
v -46.617229 216.563293 -14.607520
v -46.190876 216.500259 14.607388
v -46.617229 216.563293 14.607388
v -23.501141 236.532166 -43.822533
v -23.098232 236.498428 -43.822533
v -23.098232 236.498428 43.822399
v -23.501141 236.532166 43.822399
v -23.501141 235.700317 -14.607522
v -23.098232 235.666489 -14.607522
v -23.501141 235.700317 14.607386
v -23.098232 235.666489 14.607386
v -22.786722 235.618179 43.822399
v -22.750204 236.053223 43.822399
v -22.750204 236.053223 -43.822533
v -22.786722 235.618179 -43.822533
v -22.750204 235.221268 14.607386
v -22.786722 234.786316 14.607386
v -22.750204 235.221268 -14.607522
v -22.786722 234.786316 -14.607522
v -35.536331 228.492233 43.822399
v -35.596306 228.086517 43.822399
v -35.596306 228.086517 -43.822533
v -35.536331 228.492233 -43.822533
v -35.596306 227.254578 14.607387
v -35.536331 227.660370 14.607387
v -35.596306 227.254578 -14.607521
v -35.536331 227.660370 -14.607521
v -34.821911 227.578232 -43.822533
v -35.248272 227.641327 -43.822533
v -35.248272 227.641418 43.822399
v -34.821911 227.578232 43.822399
v -34.821911 226.746368 -14.607521
v -35.248272 226.809448 -14.607521
v -34.821911 226.746368 14.607387
v -35.248272 226.809448 14.607387
v -12.132176 246.778290 -43.822533
v -11.729268 246.744461 -43.822533
v -11.729268 246.744461 43.822399
v -12.132176 246.778290 43.822399
v -12.132176 245.946335 -14.607522
v -11.729268 245.912506 -14.607522
v -12.132176 245.946335 14.607386
v -11.729268 245.912506 14.607386
v -11.417758 245.864227 43.822399
v -11.381238 246.299271 43.822399
v -11.381238 246.299271 -43.822533
v -11.417758 245.864227 -43.822533
v -11.381238 245.467300 14.607386
v -11.417758 245.032364 14.607386
v -11.381238 245.467300 -14.607522
v -11.417758 245.032364 -14.607522
v -9.572736 249.448318 70.556992
v -9.756032 249.698639 70.854134
v -10.287256 250.362183 70.556992
v -10.103962 250.143692 70.854134
v -9.756032 249.698639 -69.094154
v -9.572736 249.447205 -68.797112
v -10.103962 250.143692 -69.094154
v -10.287256 250.361176 -68.797112
v -0.194570 255.284592 14.607385
v -0.152663 255.713440 14.607385
v -0.194570 255.284592 -14.607523
v -0.152663 255.713440 -14.607523
v -0.194570 256.116577 43.822399
v -0.152663 256.545319 43.822399
v -0.152663 256.545319 -43.822533
v -0.194570 256.116577 -43.822533
v -0.500693 256.158691 -14.607523
v -0.909090 256.198608 -14.607523
v -0.500693 256.158691 14.607385
v -0.909090 256.198608 14.607385
v -0.909090 257.030548 -43.822533
v -0.500693 256.990540 -43.822533
v 56.510059 205.281448 -43.822529
v 56.528526 204.861206 -43.822529
v 56.528526 204.861206 43.822403
v 56.510059 205.281448 43.822403
v 56.510059 204.449585 -14.607519
v 56.528526 204.029205 -14.607519
v 56.510059 204.449585 14.607388
v 56.528526 204.029205 14.607388
v 56.891720 205.698227 43.822403
v 57.311993 205.716675 43.822403
v 57.311993 205.716675 -43.822529
v 56.891720 205.698227 -43.822529
v 57.311993 204.884842 14.607388
v 56.891720 204.866272 14.607388
v 57.311993 204.884842 -14.607519
v 56.891720 204.866272 -14.607519
v 78.851570 184.821701 43.822403
v 78.431305 184.803116 43.822403
v 78.431305 184.803116 -43.822433
v 78.851570 184.821564 -43.822433
v 78.851570 183.989731 14.607389
v 78.431305 183.971161 14.607389
v 78.851570 183.989731 -14.607518
v 78.431305 183.971161 -14.607518
v 79.233231 185.238373 -43.822433
v 79.214767 185.658615 -43.822433
v 79.214767 185.658722 43.822403
v 79.233231 185.238373 43.822403
v 79.214767 184.826782 -14.607518
v 79.233231 184.406403 -14.607518
v 79.214767 184.826782 14.607389
v 79.233231 184.406403 14.607389
v 45.139706 215.461853 -43.822529
v 45.181713 215.033096 -43.822529
v 45.181713 215.033096 43.822403
v 45.139706 215.461853 43.822403
v 45.139706 214.629883 -14.607520
v 45.181713 214.201141 -14.607520
v 45.139706 214.629883 14.607388
v 45.181713 214.201141 14.607388
v 45.487732 215.907074 43.822403
v 45.896130 215.946960 43.822403
v 45.896130 215.946960 -43.822529
v 45.487732 215.907074 -43.822529
v 45.896130 215.115112 14.607388
v 45.487732 215.075089 14.607388
v 45.896130 215.115112 -14.607520
v 45.487732 215.075089 -14.607520
v 69.006729 196.804001 43.822403
v 68.582878 196.744431 43.822403
v 68.582878 196.744431 -43.822529
v 69.006729 196.804001 -43.822529
v 69.006729 195.972031 14.607388
v 68.582878 195.912476 14.607388
v 69.006729 195.972031 -14.607519
v 68.582878 195.912567 -14.607519
v 69.354767 197.249115 -43.822529
v 69.297394 197.658401 -43.822529
v 69.297394 197.658401 43.822403
v 69.354767 197.249222 43.822403
v 69.297394 196.826447 -14.607519
v 69.354767 196.417267 -14.607519
v 69.297394 196.826447 14.607388
v 69.354767 196.417267 14.607388
v 58.100849 208.016800 -43.822529
v 58.158218 207.607513 -43.822529
v 58.158218 207.607513 43.822403
v 58.100849 208.016800 43.822403
v 58.158218 206.775543 -14.607519
v 58.100849 207.184845 -14.607519
v 58.158218 206.775543 14.607388
v 58.100849 207.184845 14.607388
v 57.386326 207.102829 43.822403
v 57.810287 207.162308 43.822403
v 57.810287 207.162308 -43.822529
v 57.386326 207.102829 -43.822529
v 57.386326 206.270889 14.607388
v 57.810287 206.330444 14.607388
v 57.386326 206.270889 -14.607519
v 57.810287 206.330444 -14.607519
v 34.699684 226.305359 43.822403
v 34.291286 226.265366 43.822403
v 34.291286 226.265366 -43.822529
v 34.699684 226.305359 -43.822529
v 34.699684 225.473404 14.607387
v 34.291286 225.433517 14.607387
v 34.699684 225.473404 -14.607521
v 34.291286 225.433517 -14.607521
v 33.985165 225.391388 -43.822529
v 33.943256 225.820251 -43.822529
v 33.943256 225.820251 43.822403
v 33.985165 225.391388 43.822403
v 33.943256 224.988297 -14.607521
v 33.985165 224.559540 -14.607521
v 33.943256 224.988297 14.607387
v 33.985165 224.559540 14.607387
v 46.907894 218.249771 -43.822529
v 46.965263 217.840500 -43.822529
v 46.965263 217.840500 43.822403
v 46.907894 218.249649 43.822403
v 46.965263 217.008514 -14.607520
v 46.907894 217.417831 -14.607520
v 46.965263 217.008514 14.607388
v 46.907894 217.417831 14.607388
v 46.193375 217.335815 43.822403
v 46.617229 217.395279 43.822403
v 46.617229 217.395279 -43.822529
v 46.193375 217.335815 -43.822529
v 46.193375 216.503860 14.607388
v 46.617229 216.563293 14.607388
v 46.193375 216.503860 -14.607520
v 46.617229 216.563293 -14.607520
v 23.506632 236.538361 43.822399
v 23.098232 236.498428 43.822399
v 23.098232 236.498428 -43.822533
v 23.506632 236.538361 -43.822533
v 23.506632 235.706375 14.607386
v 23.098232 235.666489 14.607386
v 23.506632 235.706497 -14.607522
v 23.098232 235.666489 -14.607522
v 22.792210 235.624359 -43.822533
v 22.750204 236.053223 -43.822533
v 22.750204 236.053223 43.822399
v 22.792210 235.624359 43.822399
v 22.750204 235.221268 -14.607522
v 22.792210 234.792496 -14.607522
v 22.750204 235.221268 14.607386
v 22.792109 234.792496 14.607386
v 35.538925 228.495834 -43.822533
v 35.596306 228.086517 -43.822533
v 35.596306 228.086517 43.822399
v 35.538925 228.495834 43.822399
v 35.596306 227.254578 -14.607521
v 35.538925 227.663879 -14.607521
v 35.596306 227.254578 14.607387
v 35.538925 227.663879 14.607387
v 34.824409 227.581833 43.822399
v 35.248272 227.641418 43.822399
v 35.248272 227.641418 -43.822533
v 34.824409 227.581833 -43.822533
v 34.824409 226.749878 14.607387
v 35.248272 226.809448 14.607387
v 34.824409 226.749878 -14.607521
v 35.248272 226.809448 -14.607521
v 12.137766 246.784378 43.822399
v 11.729268 246.744461 43.822399
v 11.729268 246.744461 -43.822533
v 12.137766 246.784378 -43.822533
v 12.137766 245.952530 14.607386
v 11.729368 245.912506 14.607386
v 12.137766 245.952530 -14.607522
v 11.729368 245.912506 -14.607522
v 11.423245 245.870422 -43.822533
v 11.381338 246.299271 -43.822533
v 11.381338 246.299271 43.822399
v 11.423245 245.870514 43.822399
v 11.381338 245.467300 -14.607522
v 11.423245 245.038528 -14.607522
v 11.381338 245.467300 14.607386
v 11.423245 245.038528 14.607386
v 24.310354 238.741898 -43.822533
v 24.367727 238.332672 -43.822533
v 24.367727 238.332672 43.822399
v 24.310354 238.741898 43.822399
v 24.367727 237.500717 -14.607522
v 24.310354 237.910004 -14.607522
v 24.367727 237.500717 14.607386
v 24.310354 237.910004 14.607386
v 23.595833 237.827896 43.822399
v 24.019697 237.887482 43.822399
v 24.019697 237.887482 -43.822533
v 23.595833 237.827896 -43.822533
v 23.595833 236.996033 14.607386
v 24.019697 237.055511 14.607386
v 23.595833 236.996033 -14.607522
v 24.019697 237.055511 -14.607522
v 0.909090 257.030548 43.822399
v 0.500693 256.990540 43.822399
v 0.500693 256.990540 -43.822533
v 0.909090 257.030548 -43.822533
v 0.909090 256.198608 14.607385
v 0.500693 256.158691 14.607385
v 0.909090 256.198608 -14.607523
v 0.500693 256.158691 -14.607523
v 0.194570 256.116577 -43.822533
v 0.152663 256.545319 -43.822533
v 0.152663 256.545319 43.822399
v 0.194570 256.116577 43.822399
v 0.152663 255.713440 -14.607523
v 0.194570 255.284592 -14.607523
v 0.152663 255.713440 14.607385
v 0.194570 255.284592 14.607385
v -0.500693 256.990540 43.822399
v -0.909090 257.030548 43.822399
v -24.019697 237.055511 -14.607522
v -23.595833 236.996033 -14.607522
v -24.019697 237.055511 14.607386
v -23.595833 236.996033 14.607386
v -23.595833 237.827896 -43.822533
v -24.019697 237.887482 -43.822533
v -24.019697 237.887482 43.822399
v -23.595833 237.827896 43.822399
v -24.310354 237.910004 14.607386
v -24.367727 237.500717 14.607386
v -24.310354 237.910004 -14.607522
v -24.367727 237.500717 -14.607522
v -24.310354 238.741898 43.822399
v -24.367727 238.332672 43.822399
v -24.367727 238.332672 -43.822533
v -24.310354 238.741898 -43.822533
v -0.194570 257.545715 70.556984
v -0.152663 257.974548 70.556892
v -0.378064 257.795959 70.854126
v -0.725995 258.240967 70.854126
v -0.500693 258.419739 70.556892
v -0.909090 258.459686 70.556984
v -23.779028 239.507599 70.854134
v -24.019697 239.316605 70.556900
v -23.595833 239.257141 70.556992
v -20.563038 240.123322 -69.791618
v -20.746532 240.341660 -69.494576
v -20.215603 239.678879 -69.791618
v -20.032013 239.427658 -69.494576
v -20.746532 240.340836 68.322327
v -20.563038 240.123322 68.619385
v -20.032013 239.426849 68.322327
v -20.215603 239.678879 68.619385
v -31.932005 229.877258 -68.947685
v -32.115498 230.094879 -68.650742
v -31.584570 229.432770 -68.947685
v -31.400978 229.181000 -68.650742
v -32.115498 230.095383 69.390869
v -31.932005 229.877258 69.687912
v -31.400978 229.181412 69.390869
v -31.584570 229.432770 69.687912
v -43.124954 219.644287 -66.723305
v -43.308456 219.860321 -66.426453
v -42.777527 219.199890 -66.723305
v -42.594032 218.946335 -66.426453
v -43.308456 219.860001 66.053551
v -43.124954 219.644287 66.350494
v -42.594032 218.946045 66.053551
v -42.777527 219.199890 66.350494
v -54.493923 209.285904 -67.715714
v -54.677414 209.502716 -67.418762
v -54.146492 208.841461 -67.715714
v -53.962994 208.588745 -67.418762
v -54.677414 209.502716 67.418633
v -54.493923 209.285904 67.715576
v -53.962994 208.588745 67.418633
v -54.146492 208.841461 67.715576
v 10.287256 250.361176 -68.797112
v 10.103962 250.143692 -69.094154
v 9.572836 249.447205 -68.797112
v 9.756131 249.698639 -69.094154
v 10.103962 250.143692 70.854134
v 10.287256 250.362183 70.556992
v 9.756131 249.698639 70.854134
v 9.572836 249.448318 70.556992
v 21.515829 240.114334 -67.817284
v 21.332537 239.897507 -68.114326
v 20.801411 239.200348 -67.817284
v 20.984707 239.452499 -68.114326
v 21.332537 239.897507 68.619385
v 21.515829 240.114731 68.322327
v 20.984707 239.452499 68.619385
v 20.801411 239.200760 68.322327
v 32.884796 229.869385 -69.390999
v 32.701504 229.651474 -69.688034
v 32.170376 228.955414 -69.390999
v 32.353672 229.206467 -69.688034
v 32.701504 229.651474 69.687912
v 32.884796 229.869385 69.390869
v 32.353672 229.206467 69.687912
v 32.170376 228.955414 69.390869
v 44.077850 219.635529 -68.103653
v 43.894558 219.418472 -68.400597
v 43.363335 218.721527 -68.103653
v 43.546623 218.973495 -68.400597
v 43.894558 219.418472 66.723175
v 44.077850 219.634216 66.426331
v 43.546623 218.973495 66.723175
v 43.363335 218.720337 66.426331
v 54.559879 208.363434 68.482681
v 54.743164 208.615082 68.779625
v 55.274296 209.277390 68.482681
v 55.091000 209.060196 68.779625
v 54.743164 208.615082 -69.140656
v 54.559879 208.363647 -68.843613
v 55.091000 209.060196 -69.140656
v 55.274296 209.277695 -68.843613
v -24.367727 239.761826 70.556900
v -24.126959 239.952499 70.854134
v -24.310255 240.171127 70.556992
v -0.194570 257.544617 -68.797119
v -0.378064 257.795959 -69.094162
v -0.152663 257.973480 -68.796928
v -0.725995 258.240967 -69.094162
v -0.909090 258.458588 -68.797119
v -0.500693 258.418640 -68.796928
v -23.779028 239.507599 -69.094154
v -23.595833 239.256042 -68.797112
v -24.019697 239.315506 -68.796921
v -24.367727 239.760727 -68.796921
v -24.310354 240.170029 -68.797112
v -24.126959 239.952499 -69.094154
vn -0.5556 -0.0076 0.8314
vn -0.3829 -0.0076 0.9238
vn -0.3827 -0.0000 0.9239
vn -0.5556 -0.0000 0.8315
vn -0.0000 -0.0076 -1.0000
vn -0.1946 -0.0076 -0.9808
vn -0.1951 -0.0000 -0.9808
vn -0.0000 -0.0000 -1.0000
vn 0.5555 -0.0076 0.8315
vn 0.7069 -0.0076 0.7072
vn 0.7071 -0.0000 0.7071
vn 0.5556 -0.0000 0.8315
vn -0.9765 -0.0935 0.1942
vn -0.9750 0.1080 0.1940
vn -0.9941 0.1080 -0.0000
vn -0.9956 -0.0935 -0.0000
vn -0.1957 -0.0076 0.9806
vn -0.1951 -0.0000 0.9808
vn -0.3826 -0.0076 -0.9239
vn -0.3827 -0.0000 -0.9239
vn -0.9750 0.1080 -0.1939
vn -0.9765 -0.0935 -0.1943
vn 0.8313 -0.0076 0.5557
vn 0.8315 -0.0000 0.5556
vn -0.9236 -0.0243 -0.3826
vn -0.9805 -0.0243 -0.1951
vn -0.4869 -0.8681 -0.0968
vn -0.4586 -0.8681 -0.1900
vn -0.0001 -0.0076 1.0000
vn -0.0000 -0.0000 1.0000
vn -0.5553 -0.0076 -0.8316
vn -0.5556 -0.0000 -0.8315
vn -0.9185 0.1080 -0.3804
vn -0.9198 -0.0935 -0.3810
vn 0.9238 -0.0076 0.3829
vn 0.9239 -0.0000 0.3827
vn -0.7069 -0.0076 -0.7073
vn -0.7071 -0.0000 -0.7071
vn 0.9807 -0.0076 0.1952
vn 0.9808 -0.0000 0.1951
vn -0.8266 0.1080 -0.5523
vn -0.8278 -0.0935 -0.5532
vn -0.8314 -0.0076 -0.5556
vn -0.8315 -0.0000 -0.5556
vn -0.0000 -0.0935 -0.9956
vn -0.0000 0.1080 -0.9941
vn 0.1940 0.1080 -0.9750
vn 0.1943 -0.0935 -0.9765
vn 1.0000 -0.0076 0.0001
vn 1.0000 -0.0000 -0.0000
vn -0.9238 -0.0076 -0.3827
vn -0.9239 -0.0000 -0.3827
vn 0.9808 -0.0076 -0.1949
vn 0.9808 -0.0000 -0.1951
vn -0.7030 0.1080 -0.7030
vn -0.7040 -0.0935 -0.7040
vn -0.9807 -0.0076 -0.1953
vn -0.9808 -0.0000 -0.1951
vn 0.3804 0.1080 -0.9185
vn 0.3810 -0.0935 -0.9198
vn 0.9240 -0.0076 -0.3824
vn 0.9239 -0.0000 -0.3827
vn -0.5523 0.1080 -0.8266
vn -0.5531 -0.0935 -0.8279
vn -1.0000 -0.0076 -0.0001
vn -1.0000 -0.0000 -0.0000
vn 0.8313 -0.0076 -0.5558
vn 0.8315 -0.0000 -0.5556
vn 0.5523 0.1080 -0.8266
vn 0.5532 -0.0935 -0.8278
vn -0.9808 -0.0076 0.1949
vn -0.9808 -0.0000 0.1951
vn -0.3804 0.1080 -0.9185
vn -0.3810 -0.0935 -0.9198
vn 0.7072 -0.0076 -0.7069
vn 0.7071 -0.0000 -0.7071
vn -0.9239 -0.0076 0.3826
vn -0.9239 -0.0000 0.3827
vn 0.7030 0.1080 -0.7030
vn 0.7040 -0.0935 -0.7040
vn 0.5556 -0.0076 -0.8314
vn 0.5556 -0.0000 -0.8315
vn -0.1939 0.1080 -0.9750
vn -0.1942 -0.0935 -0.9765
vn -0.8315 -0.0076 0.5555
vn -0.8315 -0.0000 0.5556
vn 0.8266 0.1080 -0.5523
vn 0.8279 -0.0935 -0.5531
vn 0.3827 -0.0076 -0.9238
vn 0.3827 -0.0000 -0.9239
vn 0.1950 -0.0076 0.9808
vn 0.1951 -0.0000 0.9808
vn -0.7073 -0.0076 0.7069
vn -0.7071 -0.0000 0.7071
vn 0.9185 0.1080 -0.3804
vn 0.9198 -0.0935 -0.3810
vn 0.1954 -0.0076 -0.9807
vn 0.1951 -0.0000 -0.9808
vn 0.3826 -0.0076 0.9239
vn 0.3827 -0.0000 0.9239
vn 0.9750 0.1080 -0.1940
vn 0.9765 -0.0935 -0.1942
vn 0.5554 -0.0243 -0.8312
vn 0.3826 -0.0243 -0.9236
vn 0.1900 -0.8681 -0.4586
vn 0.2758 -0.8681 -0.4127
vn -0.1950 -0.0243 -0.9805
vn 0.0005 -0.0243 -0.9997
vn -0.3826 -0.0243 -0.9236
vn -0.5554 -0.0243 -0.8312
vn -0.7069 -0.0243 -0.7069
vn -0.8312 -0.0243 -0.5554
vn -0.9997 -0.0243 -0.0000
vn -0.9805 -0.0243 0.1950
vn -0.9236 -0.0243 0.3826
vn -0.8312 -0.0243 0.5554
vn -0.7069 -0.0243 0.7069
vn -0.5554 -0.0243 0.8312
vn -0.3826 -0.0243 0.9236
vn -0.1950 -0.0243 0.9805
vn -0.0000 -0.0243 0.9997
vn 0.1950 -0.0243 0.9805
vn 0.3826 -0.0243 0.9236
vn 0.5554 -0.0243 0.8312
vn 0.7069 -0.0243 0.7069
vn 0.8312 -0.0243 0.5554
vn 0.9236 -0.0243 0.3826
vn 0.9805 -0.0243 0.1950
vn 0.9997 -0.0243 -0.0000
vn 0.9805 -0.0243 -0.1950
vn 0.9236 -0.0243 -0.3826
vn 0.8312 -0.0243 -0.5554
vn 0.7069 -0.0243 -0.7069
vn 0.1950 -0.0243 -0.9805
vn -0.3808 0.1004 -0.9192
vn -0.5528 0.1004 -0.8273
vn -0.5535 -0.0858 -0.8284
vn -0.3813 -0.0859 -0.9205
vn -0.0000 -0.0935 0.9956
vn -0.0000 0.1081 0.9941
vn -0.1939 0.1080 0.9750
vn -0.1943 -0.0935 0.9765
vn 0.4186 -0.8640 0.2797
vn 0.4651 -0.8640 0.1928
vn 0.0968 -0.8681 0.4868
vn -0.0000 -0.8681 0.4964
vn 0.8273 0.1004 0.5528
vn 0.9192 0.1004 0.3808
vn 0.9205 -0.0858 0.3813
vn 0.8284 -0.0858 0.5535
vn 0.2758 -0.8681 0.4127
vn 0.1899 -0.8681 0.4586
vn -0.7035 0.1004 -0.7035
vn -0.7045 -0.0858 -0.7045
vn 0.3510 -0.8681 0.3510
vn 0.9758 0.1004 0.1941
vn 0.9772 -0.0858 0.1944
vn 0.4127 -0.8681 0.2758
vn -0.8273 0.1004 -0.5528
vn -0.8284 -0.0858 -0.5535
vn -0.4651 -0.8640 -0.1926
vn -0.4937 -0.8640 -0.0982
vn 0.9949 0.1004 -0.0000
vn 0.9963 -0.0858 -0.0000
vn 0.4586 -0.8681 0.1900
vn -0.9192 0.1004 -0.3808
vn -0.9205 -0.0859 -0.3813
vn 0.4964 -0.8681 -0.0000
vn 0.4869 -0.8681 0.0968
vn 0.9758 0.1004 -0.1941
vn 0.9772 -0.0859 -0.1944
vn 0.4868 -0.8681 -0.0968
vn -0.9758 0.1004 -0.1941
vn -0.9772 -0.0859 -0.1944
vn 0.4586 -0.8681 -0.1900
vn -0.0000 -0.8681 -0.4964
vn 0.0968 -0.8681 -0.4869
vn 0.9192 0.1004 -0.3807
vn 0.9205 -0.0859 -0.3813
vn -0.0000 -0.8640 0.5035
vn 0.0982 -0.8640 0.4938
vn -0.9949 0.1004 -0.0000
vn -0.9963 -0.0858 -0.0000
vn 0.4127 -0.8681 -0.2758
vn 0.8273 0.1004 -0.5528
vn 0.8284 -0.0858 -0.5535
vn 0.3510 -0.8681 -0.3510
vn -0.2758 -0.8681 -0.4127
vn -0.1900 -0.8681 -0.4586
vn 0.1926 -0.8641 -0.4651
vn 0.0982 -0.8640 -0.4937
vn 0.1927 -0.8641 0.4651
vn 0.2796 -0.8641 0.4186
vn -0.4651 -0.8640 0.1926
vn -0.4186 -0.8640 0.2797
vn -0.4937 -0.8640 0.0982
vn -0.5035 -0.8640 -0.0000
vn -0.4186 -0.8640 -0.2797
vn -0.3560 -0.8640 -0.3560
vn -0.2797 -0.8640 -0.4186
vn 0.3560 -0.8640 0.3560
vn -0.0496 0.9671 -0.2494
vn 0.0364 0.9824 0.1831
vn 0.0715 0.9824 0.1725
vn -0.0974 0.9671 -0.2349
vn -0.3560 -0.8640 0.3560
vn -0.2797 -0.8640 0.4186
vn 0.2797 -0.8640 -0.4186
vn 0.3560 -0.8640 -0.3560
vn 0.4186 -0.8640 -0.2797
vn 0.4651 -0.8640 -0.1926
vn 0.4937 -0.8640 -0.0982
vn 0.5035 -0.8640 -0.0000
vn 0.4938 -0.8640 0.0982
vn -0.0982 -0.8640 0.4938
vn 0.1798 0.9671 0.1798
vn -0.1320 0.9824 -0.1320
vn -0.1553 0.9824 -0.1038
vn 0.2114 0.9671 0.1413
vn -0.0968 -0.8681 -0.4869
vn -0.0000 -0.8640 -0.5035
vn -0.0973 0.9671 0.2350
vn 0.0715 0.9824 -0.1725
vn 0.0364 0.9824 -0.1832
vn -0.0496 0.9671 0.2494
vn -0.9198 -0.0935 0.3810
vn -0.9185 0.1080 0.3805
vn -0.8278 -0.0935 0.5531
vn -0.8266 0.1080 0.5523
vn -0.7040 -0.0935 0.7040
vn -0.7030 0.1080 0.7030
vn -0.5531 -0.0934 0.8278
vn -0.5523 0.1080 0.8266
vn -0.3810 -0.0934 0.9198
vn -0.3804 0.1080 0.9185
vn 0.1942 -0.0935 0.9765
vn 0.1940 0.1080 0.9750
vn 0.3810 -0.0934 0.9198
vn 0.3805 0.1080 0.9185
vn 0.5531 -0.0934 0.8278
vn 0.5523 0.1080 0.8266
vn 0.7040 -0.0934 0.7040
vn 0.7030 0.1080 0.7030
vn 0.8278 -0.0934 0.5531
vn 0.8266 0.1080 0.5523
vn 0.9198 -0.0934 0.3810
vn 0.9185 0.1080 0.3804
vn 0.9765 -0.0935 0.1942
vn 0.9751 0.1080 0.1939
vn 0.9956 -0.0935 -0.0000
vn 0.9941 0.1080 -0.0000
vn 0.0973 0.9671 0.2350
vn -0.0714 0.9824 -0.1725
vn -0.1037 0.9824 -0.1553
vn 0.1413 0.9671 0.2114
vn 0.0496 0.9671 -0.2494
vn -0.0364 0.9824 0.1832
vn -0.0000 0.9824 0.1867
vn -0.0000 0.9671 -0.2542
vn -0.1798 0.9671 0.1798
vn 0.1320 0.9824 -0.1321
vn 0.1038 0.9824 -0.1553
vn -0.1413 0.9671 0.2114
vn 0.0496 0.9671 0.2494
vn -0.0364 0.9824 -0.1832
vn 0.0973 0.9671 -0.2350
vn -0.0715 0.9824 0.1725
vn -0.2114 0.9671 0.1413
vn 0.1553 0.9824 -0.1038
vn -0.0000 0.9671 0.2543
vn -0.0000 0.9824 -0.1867
vn 0.1413 0.9671 -0.2114
vn -0.1038 0.9824 0.1553
vn -0.2350 0.9671 0.0973
vn 0.1726 0.9824 -0.0714
vn 0.1798 0.9671 -0.1798
vn -0.1320 0.9824 0.1320
vn -0.2494 0.9671 0.0496
vn 0.1832 0.9824 -0.0364
vn 0.2114 0.9671 -0.1413
vn -0.1552 0.9824 0.1038
vn -0.2543 0.9671 -0.0000
vn 0.1868 0.9824 -0.0000
vn 0.2350 0.9671 -0.0973
vn -0.1726 0.9824 0.0714
vn -0.2494 0.9671 -0.0496
vn 0.1832 0.9824 0.0364
vn 0.2494 0.9671 -0.0496
vn -0.1832 0.9824 0.0364
vn -0.2350 0.9671 -0.0973
vn 0.1725 0.9824 0.0715
vn 0.2543 0.9671 -0.0000
vn -0.1868 0.9824 -0.0000
vn -0.2114 0.9671 -0.1413
vn 0.1553 0.9824 0.1038
vn 0.2494 0.9671 0.0496
vn -0.1832 0.9824 -0.0364
vn -0.1798 0.9671 -0.1798
vn 0.1321 0.9824 0.1320
vn 0.2350 0.9671 0.0973
vn -0.1725 0.9824 -0.0715
vn -0.1413 0.9671 -0.2114
vn 0.1038 0.9824 0.1552
vn -0.1941 0.1004 0.9758
vn -0.0000 0.1004 0.9949
vn -0.0000 -0.0858 0.9963
vn -0.1944 -0.0859 0.9772
vn -0.0982 -0.8640 -0.4938
vn -0.1926 -0.8640 -0.4652
vn 0.5528 0.1004 0.8273
vn 0.7035 0.1004 0.7035
vn 0.7045 -0.0858 0.7045
vn 0.5535 -0.0858 0.8284
vn 0.3808 0.1004 0.9192
vn 0.3813 -0.0858 0.9205
vn -0.0968 -0.8681 0.4869
vn -0.0000 0.1004 -0.9949
vn -0.1941 0.1004 -0.9758
vn -0.1944 -0.0859 -0.9772
vn -0.0000 -0.0858 -0.9963
vn 0.1941 0.1004 -0.9758
vn 0.1944 -0.0858 -0.9772
vn -0.1900 -0.8681 0.4586
vn -0.5528 0.1004 0.8273
vn -0.3807 0.1004 0.9192
vn -0.3813 -0.0859 0.9205
vn -0.5535 -0.0858 0.8284
vn -0.7035 0.1004 0.7035
vn -0.7045 -0.0858 0.7045
vn -0.2758 -0.8681 0.4127
vn 0.1941 0.1004 0.9758
vn 0.1944 -0.0858 0.9772
vn -0.3510 -0.8681 0.3510
vn 0.3807 0.1004 -0.9192
vn 0.3813 -0.0858 -0.9205
vn -0.4127 -0.8681 0.2758
vn -0.8273 0.1004 0.5528
vn -0.8284 -0.0858 0.5535
vn -0.4586 -0.8681 0.1900
vn -0.4869 -0.8681 0.0968
vn 0.5528 0.1004 -0.8273
vn 0.5535 -0.0858 -0.8284
vn -0.4964 -0.8681 -0.0000
vn -0.9192 0.1004 0.3808
vn -0.9205 -0.0859 0.3813
vn 0.7035 0.1004 -0.7035
vn 0.7045 -0.0858 -0.7045
vn -0.4127 -0.8681 -0.2758
vn -0.9758 0.1004 0.1941
vn -0.9772 -0.0859 0.1944
vn -0.3510 -0.8681 -0.3510
vn -0.1925 -0.8640 0.4652
vn 0.6522 -0.7566 -0.0468
vn 0.6767 -0.7349 -0.0449
vn 0.6769 -0.7353 -0.0320
vn 0.6520 -0.7574 -0.0367
vn -0.0021 -0.0019 1.0000
vn 0.0461 -0.0539 0.9975
vn 0.1614 -0.0420 0.9860
vn 0.6517 -0.7576 -0.0364
vn 0.5920 -0.8050 -0.0389
vn 0.5930 -0.8043 -0.0392
vn -0.6399 -0.7682 -0.0187
vn -0.6519 -0.7577 -0.0297
vn -0.6522 -0.7580 -0.0034
vn -0.6399 -0.7683 -0.0167
vn 0.6519 -0.7577 -0.0297
vn 0.5924 -0.8051 -0.0314
vn -0.6770 0.7352 0.0355
vn -0.6770 0.7352 0.0356
vn -0.6769 0.7352 0.0360
vn -0.6769 0.7352 0.0359
vn -0.6774 0.7356 0.0034
vn -0.6771 0.7353 0.0286
vn -0.6771 0.7353 0.0287
vn 0.2792 -0.3806 0.8816
vn 0.6755 -0.7374 -0.0068
vn 0.6729 -0.7345 -0.0877
vn 0.6515 -0.7488 0.1214
vn -0.6772 0.7356 0.0188
vn -0.6718 0.7405 0.0193
vn -0.6715 0.7401 0.0361
vn -0.9002 -0.4352 -0.0170
vn -0.7207 -0.6927 -0.0271
vn -0.7210 -0.6929 -0.0032
vn -0.9003 -0.4353 -0.0020
vn 0.5932 -0.8036 -0.0484
vn -0.7342 -0.6784 0.0252
vn -0.7333 -0.6776 -0.0564
vn -0.6837 -0.7276 -0.0559
vn -0.6846 -0.7286 0.0223
vn 0.2827 -0.3637 0.8876
vn 0.6754 -0.7371 0.0236
vn 0.6744 -0.7361 -0.0575
vn 0.6608 -0.7327 0.1628
vn -0.0016 -0.0024 -1.0000
vn 0.0422 -0.2132 -0.9761
vn 0.0459 -0.0535 -0.9975
vn -0.7345 -0.6786 -0.0029
vn -0.7318 -0.6763 -0.0840
vn -0.6822 -0.7261 -0.0857
vn -0.6847 -0.7288 -0.0078
vn 0.6770 -0.7353 -0.0321
vn -0.0020 -0.0019 1.0000
vn 0.0461 -0.0538 0.9975
vn 0.1577 -0.0425 0.9866
vn -0.6774 0.7356 -0.0034
vn -0.6717 0.7403 0.0288
vn -0.6715 0.7401 0.0357
vn -0.7071 0.7063 0.0341
vn -0.7072 0.7065 0.0276
vn -0.7070 0.7064 0.0344
vn -0.7074 0.7068 0.0033
vn -0.7074 0.7068 -0.0056
vn -0.6719 0.7406 -0.0034
vn -0.6719 0.7406 0.0034
vn -0.9001 -0.4352 -0.0210
vn -0.7206 -0.6925 -0.0335
vn -0.7070 0.7070 0.0183
vn -0.7210 -0.6929 0.0032
vn -0.9003 -0.4353 0.0020
vn 0.6774 -0.7356 -0.0000
vn 0.6522 -0.7580 0.0034
vn 0.6522 -0.7580 -0.0034
vn 0.6773 -0.7357 -0.0000
vn -0.9001 -0.4352 -0.0212
vn -0.7206 -0.6925 -0.0337
vn 0.5926 -0.8055 0.0038
vn 0.5926 -0.8055 -0.0038
vn 0.1029 -0.1118 -0.9884
vn -0.1022 0.1109 -0.9886
vn 0.3588 -0.1515 -0.9210
vn -0.8995 -0.4358 -0.0306
vn -0.7211 -0.6916 -0.0422
vn -0.0015 -0.0024 -1.0000
vn 0.0420 -0.2191 -0.9748
vn 0.0461 -0.0537 -0.9975
vn -0.6501 -0.7584 -0.0471
vn -0.6524 -0.7570 -0.0366
vn -0.6770 -0.7353 -0.0320
vn -0.6767 -0.7349 -0.0449
vn -0.1684 -0.2998 0.9390
vn -0.0462 -0.0539 0.9975
vn 0.0015 -0.0024 1.0000
vn -0.6516 -0.7570 -0.0488
vn -0.6517 -0.7576 -0.0364
vn -0.6513 -0.7574 -0.0475
vn 0.1156 0.1274 -0.9851
vn 0.1560 0.0964 -0.9830
vn -0.0401 -0.1287 -0.9909
vn -0.0879 -0.1017 -0.9909
vn -0.5920 -0.8050 -0.0389
vn -0.5924 -0.8051 -0.0314
vn 0.6770 0.7352 0.0356
vn 0.6769 0.7352 0.0360
vn 0.6769 0.7352 0.0359
vn 0.6770 0.7352 0.0355
vn 0.6774 0.7356 0.0034
vn 0.6771 0.7353 0.0287
vn -0.3557 -0.9243 -0.1386
vn -0.5765 -0.1348 -0.8059
vn -0.6729 -0.7345 -0.0877
vn -0.6755 -0.7373 -0.0069
vn 0.6716 0.7400 0.0360
vn 0.6720 0.7403 0.0193
vn 0.6772 0.7355 0.0187
vn 0.9002 -0.4352 -0.0170
vn 0.9003 -0.4353 -0.0030
vn 0.7210 -0.6929 -0.0032
vn 0.7208 -0.6927 -0.0270
vn -0.5932 -0.8036 -0.0484
vn -0.5929 -0.8043 -0.0392
vn 0.7343 -0.6784 0.0252
vn 0.6846 -0.7286 0.0223
vn 0.6837 -0.7276 -0.0559
vn 0.7333 -0.6776 -0.0564
vn -0.3587 -0.9283 -0.0975
vn -0.5844 -0.1362 -0.8000
vn -0.6744 -0.7361 -0.0575
vn -0.6753 -0.7372 0.0236
vn 0.0020 -0.0019 -1.0000
vn -0.0459 -0.0535 -0.9975
vn -0.0399 -0.1164 -0.9924
vn 0.7345 -0.6786 -0.0028
vn 0.6847 -0.7288 -0.0078
vn 0.6822 -0.7261 -0.0857
vn 0.7318 -0.6763 -0.0840
vn -0.6770 -0.7353 -0.0321
vn -0.1642 -0.2920 0.9422
vn -0.0461 -0.0538 0.9975
vn 0.6774 0.7356 -0.0034
vn 0.6721 0.7405 -0.0035
vn 0.6721 0.7405 0.0035
vn 0.6718 0.7402 0.0289
vn 0.7072 0.7065 0.0276
vn 0.7071 0.7063 0.0342
vn 0.6717 0.7400 0.0358
vn 0.7070 0.7064 0.0344
vn 0.7074 0.7068 -0.0033
vn 0.7074 0.7068 0.0056
vn 0.7206 -0.6925 -0.0334
vn 0.9001 -0.4352 -0.0210
vn 0.7070 0.7070 0.0183
vn 0.9003 -0.4353 0.0030
vn 0.7210 -0.6929 0.0032
vn -0.6522 -0.7580 0.0034
vn -0.6774 -0.7356 -0.0000
vn 0.9001 -0.4352 -0.0212
vn 0.7206 -0.6925 -0.0338
vn -0.5926 -0.8055 -0.0038
vn -0.5926 -0.8055 0.0038
vn -0.1029 -0.1118 -0.9884
vn -0.3586 -0.1513 -0.9212
vn 0.1022 0.1109 -0.9886
vn 0.7211 -0.6916 -0.0421
vn 0.8995 -0.4359 -0.0307
vn -0.0460 -0.0537 -0.9975
vn -0.0397 -0.1188 -0.9921
vn 0.6505 -0.7582 0.0442
vn 0.6520 -0.7574 0.0350
vn 0.6771 -0.7353 0.0295
vn 0.6768 -0.7350 0.0424
vn 0.0415 -0.2320 -0.9718
vn 0.0462 -0.0539 -0.9975
vn 0.6527 -0.7560 0.0496
vn 0.6518 -0.7575 0.0369
vn 0.6523 -0.7564 0.0484
vn 0.5921 -0.8049 0.0394
vn 0.5924 -0.8050 0.0319
vn 0.6519 -0.7577 0.0302
vn -0.6769 0.7352 -0.0361
vn -0.6770 0.7352 -0.0343
vn -0.6770 0.7352 -0.0342
vn -0.6771 0.7353 -0.0292
vn 0.6786 -0.6915 0.2478
vn 0.2893 -0.3311 0.8982
vn 0.6729 -0.7345 0.0886
vn 0.6754 -0.7374 0.0078
vn -0.6715 0.7402 -0.0345
vn -0.6718 0.7405 -0.0168
vn -0.6773 0.7355 -0.0163
vn -0.9002 -0.4352 0.0173
vn -0.7207 -0.6926 0.0311
vn 0.5933 -0.8037 0.0457
vn 0.5930 -0.8043 0.0374
vn -0.7343 -0.6784 -0.0252
vn -0.6846 -0.7286 -0.0223
vn -0.6837 -0.7276 0.0559
vn -0.7333 -0.6776 0.0564
vn 0.6704 -0.7123 0.2077
vn 0.2862 -0.3460 0.8935
vn 0.6744 -0.7361 0.0575
vn 0.6753 -0.7372 -0.0236
vn 0.0459 -0.0536 0.9975
vn 0.1499 -0.0433 0.9878
vn -0.7345 -0.6786 0.0037
vn -0.6847 -0.7288 0.0087
vn -0.6821 -0.7261 0.0866
vn -0.7318 -0.6762 0.0850
vn 0.6770 -0.7353 0.0326
vn 0.6770 -0.7352 0.0326
vn 0.0418 -0.2257 -0.9733
vn 0.0461 -0.0538 -0.9975
vn -0.6716 0.7403 -0.0293
vn -0.7072 0.7065 -0.0281
vn -0.7070 0.7064 -0.0346
vn -0.6715 0.7401 -0.0363
vn -0.7070 0.7064 -0.0329
vn 0.1156 0.1274 0.9851
vn -0.0880 -0.1017 0.9909
vn -0.0401 -0.1288 0.9909
vn 0.1560 0.0964 0.9830
vn -0.7206 -0.6925 0.0339
vn -0.9001 -0.4352 0.0213
vn -0.7071 0.7070 -0.0160
vn 0.6397 -0.7684 0.0187
vn 0.6398 -0.7684 0.0167
vn -0.9001 -0.4351 0.0203
vn -0.7206 -0.6926 0.0323
vn -0.7212 -0.6916 0.0398
vn -0.8995 -0.4359 0.0292
vn 0.1030 -0.1118 0.9884
vn 0.3596 -0.1516 0.9207
vn -0.1021 0.1109 0.9886
vn -0.0020 -0.0018 1.0000
vn 0.0459 -0.0537 0.9975
vn 0.1536 -0.0431 0.9872
vn -0.6528 -0.7562 0.0444
vn -0.6767 -0.7350 0.0424
vn -0.6771 -0.7353 0.0295
vn -0.6524 -0.7571 0.0349
vn -0.0462 -0.0539 -0.9975
vn -0.0386 -0.1239 -0.9915
vn -0.6518 -0.7575 0.0369
vn -0.5920 -0.8050 0.0394
vn -0.5931 -0.8043 0.0374
vn -0.6519 -0.7577 0.0302
vn -0.5923 -0.8051 0.0319
vn 0.6769 0.7352 -0.0360
vn 0.6770 0.7352 -0.0342
vn 0.6770 0.7352 -0.0343
vn 0.6771 0.7353 -0.0292
vn 0.6772 0.7353 -0.0292
vn -0.6011 -0.1416 -0.7865
vn -0.6754 -0.7374 0.0078
vn -0.6729 -0.7344 0.0886
vn -0.3626 -0.9319 -0.0073
vn 0.6773 0.7355 -0.0163
vn 0.6721 0.7403 -0.0167
vn 0.6717 0.7400 -0.0345
vn 0.9002 -0.4351 0.0173
vn 0.7207 -0.6927 0.0275
vn -0.5933 -0.8037 0.0457
vn 0.7342 -0.6784 -0.0252
vn 0.7333 -0.6776 0.0564
vn 0.6837 -0.7276 0.0559
vn 0.6845 -0.7286 -0.0223
vn -0.5931 -0.1387 -0.7931
vn -0.6754 -0.7371 -0.0236
vn -0.6744 -0.7361 0.0574
vn -0.3611 -0.9311 -0.0509
vn 0.0016 -0.0024 1.0000
vn -0.1553 -0.2755 0.9487
vn -0.0459 -0.0536 0.9975
vn 0.7345 -0.6786 0.0037
vn 0.7318 -0.6762 0.0850
vn 0.6821 -0.7261 0.0866
vn 0.6847 -0.7288 0.0088
vn -0.6770 -0.7353 0.0326
vn -0.0461 -0.0538 -0.9975
vn -0.0392 -0.1214 -0.9918
vn 0.6718 0.7402 -0.0294
vn 0.6717 0.7399 -0.0363
vn 0.7070 0.7063 -0.0346
vn 0.7072 0.7065 -0.0281
vn 0.7071 0.7064 -0.0329
vn 0.9001 -0.4352 0.0213
vn 0.7206 -0.6925 0.0339
vn 0.7071 0.7070 -0.0160
vn 0.9001 -0.4351 0.0203
vn 0.7206 -0.6926 0.0323
vn 0.8996 -0.4358 0.0293
vn 0.7211 -0.6916 0.0399
vn -0.1030 -0.1118 0.9884
vn 0.1021 0.1109 0.9886
vn -0.3594 -0.1513 0.9208
vn -0.1596 -0.2833 0.9457
vn -0.0461 -0.0537 0.9975
vn -0.1161 0.1280 0.9850
vn -0.1559 0.0964 0.9831
vn 0.0400 -0.1287 0.9909
vn 0.0874 -0.1013 0.9910
vn 0.6513 -0.7574 -0.0475
vn 0.6516 -0.7570 -0.0488
vn 0.6399 -0.7683 -0.0167
vn 0.6399 -0.7682 -0.0187
vn -0.1560 0.0965 -0.9830
vn 0.0401 -0.1286 -0.9909
vn -0.6523 -0.7564 0.0484
vn -0.6527 -0.7560 0.0496
vn -0.6398 -0.7684 0.0167
vn -0.6397 -0.7684 0.0187
vn 0.0874 -0.1013 -0.9910
vn -0.1161 0.1280 -0.9850
vn -0.6773 0.7355 0.0188
vn 0.6773 0.7355 0.0188
vn -0.0198 -0.8467 0.5317
vn 0.2636 -0.3191 -0.9103
vn 0.3589 -0.1515 -0.9210
vn 0.6771 -0.7353 0.0300
vn 0.6770 -0.7353 -0.0320
vn 0.0200 -0.8464 0.5322
vn -0.3595 -0.1513 0.9208
vn -0.3402 -0.9380 0.0665
vn -0.6770 -0.7352 0.0326
vn -0.1088 0.9847 0.1361
vn -0.3715 0.9179 0.1398
vn -0.3715 0.9178 -0.1398
vn -0.1088 0.9847 -0.1361
vn 0.9832 -0.1236 0.1344
vn 0.9832 -0.1236 -0.1343
vn 0.9900 0.0479 -0.1328
vn 0.9900 0.0479 0.1328
vn 0.1713 -0.0629 0.9832
vn -0.1574 0.0540 0.9861
vn -0.1239 0.1116 0.9860
vn 0.1366 -0.1247 0.9827
vn 0.0281 -0.1439 0.9892
vn -0.0211 0.1860 0.9823
vn -0.0000 0.2221 0.9750
vn -0.0000 -0.0881 0.9961
vn 0.1967 -0.9703 -0.1410
vn 0.3866 -0.9121 -0.1363
vn 0.3865 -0.9121 0.1363
vn 0.1967 -0.9703 0.1410
vn 0.0001 -0.9865 0.1639
vn -0.0000 -0.9865 -0.1639
vn -0.1574 0.0540 -0.9861
vn -0.1610 0.0172 -0.9868
vn 0.1683 -0.0211 -0.9855
vn 0.1713 -0.0629 -0.9832
vn 0.1509 0.9807 -0.1247
vn -0.1509 0.9807 -0.1246
vn -0.1509 0.9807 0.1246
vn 0.1509 0.9807 0.1246
vn -0.1577 0.0471 -0.9864
vn 0.1575 0.0471 -0.9864
vn -0.0211 0.1860 -0.9823
vn 0.0281 -0.1439 -0.9892
vn -0.0000 -0.0881 -0.9961
vn -0.0000 0.2221 -0.9750
vn -0.9372 0.3214 0.1355
vn -0.9372 0.3214 -0.1355
vn -0.7358 0.6623 -0.1412
vn -0.7358 0.6623 0.1413
vn -0.1239 0.1116 -0.9860
vn 0.1366 -0.1247 -0.9827
vn 0.0715 -0.1686 -0.9831
vn -0.0620 0.1531 -0.9863
vn 0.9303 -0.3418 -0.1331
vn 0.9303 -0.3418 0.1331
vn 0.7313 -0.6681 0.1375
vn 0.7313 -0.6681 -0.1375
vn -0.0633 0.1524 0.9863
vn 0.0714 -0.1687 0.9831
vn -0.9855 0.1034 0.1348
vn -0.9853 0.1046 -0.1348
vn -0.1610 0.0172 0.9868
vn 0.1683 -0.0210 0.9855
vn 0.1575 0.0471 0.9864
vn -0.1577 0.0471 0.9864
vn 0.0414 0.9956 0.0836
vn 0.0416 0.9956 -0.0836
vn -0.0360 0.9960 -0.0823
vn -0.0360 0.9960 0.0823
vn -0.9901 0.0479 0.1319
vn -0.9901 0.0479 -0.1319
vn 0.0671 0.0001 0.9977
vn 0.0678 0.0026 0.9977
vn -0.0663 -0.0022 0.9978
vn -0.0670 -0.0000 0.9977
vn -0.0663 -0.0022 -0.9978
vn -0.0601 -0.0212 -0.9980
vn 0.0688 0.0243 -0.9973
vn 0.0678 0.0026 -0.9977
vn 0.9955 0.0389 -0.0867
vn 0.9407 0.3282 -0.0854
vn 0.9396 0.3314 0.0853
vn 0.9955 0.0387 0.0868
vn -0.9957 -0.0334 0.0869
vn -0.9396 -0.3311 0.0864
vn -0.9395 -0.3316 -0.0864
vn -0.9957 -0.0334 -0.0869
vn -0.9962 -0.0001 0.0869
vn -0.9962 -0.0000 -0.0869
vn -0.0601 -0.0212 0.9980
vn 0.0687 0.0242 0.9973
vn 0.0588 0.0413 0.9974
vn -0.0518 -0.0372 0.9980
vn -0.0381 -0.0504 -0.9980
vn -0.0217 -0.0595 -0.9980
vn 0.0253 0.0680 -0.9974
vn 0.0430 0.0572 -0.9974
vn 0.8156 0.5723 -0.0856
vn 0.6017 0.7942 -0.0854
vn 0.5988 0.7963 0.0853
vn 0.8156 0.5723 0.0856
vn 0.9962 -0.0000 -0.0869
vn 0.9962 -0.0000 0.0869
vn -0.0670 0.0001 -0.9978
vn 0.0671 -0.0000 -0.9977
vn -0.6005 -0.7950 0.0860
vn -0.3410 -0.9362 0.0851
vn -0.3410 -0.9362 -0.0851
vn -0.6005 -0.7950 -0.0861
vn 0.1448 0.9859 -0.0834
vn 0.1419 0.9864 0.0834
vn 0.0430 0.0572 0.9974
vn -0.0381 -0.0504 0.9980
vn -0.0517 -0.0373 -0.9980
vn 0.0588 0.0413 -0.9974
vn 0.3487 0.9334 -0.0842
vn 0.3487 0.9334 0.0842
vn -0.0371 -0.9958 -0.0837
vn -0.0349 -0.9959 0.0838
vn -0.0360 -0.9960 0.0820
vn -0.0360 -0.9960 -0.0820
vn -0.8087 -0.5818 0.0864
vn -0.8065 -0.5848 -0.0864
vn -0.0217 -0.0595 0.9980
vn 0.0254 0.0679 0.9974
vn 0.0060 0.0714 0.9974
vn -0.0086 -0.0640 0.9979
vn -0.0086 -0.0640 -0.9979
vn 0.0104 0.0707 -0.9974
vn -0.1306 -0.9879 0.0839
vn -0.1330 -0.9876 -0.0838
vn -0.9946 0.0639 0.0819
vn -0.9946 0.0639 -0.0819
vn -0.9946 -0.0639 -0.0819
vn -0.9946 -0.0639 0.0819
vn -0.0023 -0.0657 0.9978
vn 0.0028 0.0684 0.9977
vn -0.0364 0.0655 0.9972
vn -0.0364 -0.0655 0.9972
vn 0.1088 0.9847 0.1361
vn -0.0000 0.9911 0.1328
vn -0.0000 0.9911 -0.1328
vn 0.1088 0.9847 -0.1361
vn 0.0028 0.0684 -0.9977
vn -0.0023 -0.0657 -0.9978
vn -0.0364 -0.0655 -0.9972
vn -0.0364 0.0655 -0.9972
vn 0.9853 0.1047 -0.1349
vn 0.9901 0.0479 -0.1319
vn 0.9901 0.0480 0.1319
vn 0.9855 0.1034 0.1349
vn -0.9832 -0.1236 0.1344
vn -0.9900 0.0479 0.1328
vn -0.9900 0.0479 -0.1328
vn -0.9832 -0.1236 -0.1343
vn -0.1714 -0.0629 0.9832
vn -0.1366 -0.1248 0.9827
vn 0.1239 0.1116 0.9860
vn 0.1573 0.0540 0.9861
vn -0.0281 -0.1439 0.9892
vn 0.0211 0.1860 0.9823
vn -0.1967 -0.9703 -0.1410
vn -0.1967 -0.9703 0.1410
vn -0.3866 -0.9121 0.1363
vn -0.3866 -0.9121 -0.1363
vn -0.0001 -0.9865 -0.1639
vn -0.0000 -0.9865 0.1639
vn 0.1573 0.0540 -0.9861
vn -0.1713 -0.0630 -0.9832
vn -0.1683 -0.0211 -0.9855
vn 0.1610 0.0172 -0.9868
vn -0.1509 0.9807 -0.1247
vn -0.1509 0.9806 0.1247
vn 0.1509 0.9807 -0.1246
vn -0.1575 0.0471 -0.9864
vn 0.1577 0.0471 -0.9864
vn 0.0211 0.1860 -0.9823
vn -0.0281 -0.1439 -0.9892
vn 0.9372 0.3214 0.1355
vn 0.7358 0.6623 0.1413
vn 0.7358 0.6623 -0.1412
vn 0.9372 0.3214 -0.1355
vn 0.1239 0.1116 -0.9860
vn 0.0633 0.1524 -0.9863
vn -0.0714 -0.1686 -0.9831
vn -0.1366 -0.1248 -0.9827
vn -0.9303 -0.3418 -0.1332
vn -0.7313 -0.6681 -0.1375
vn -0.7313 -0.6681 0.1375
vn -0.9303 -0.3418 0.1332
vn 0.3715 0.9179 0.1398
vn 0.3715 0.9179 -0.1398
vn -0.0715 -0.1687 0.9831
vn 0.0620 0.1531 0.9863
vn 0.1610 0.0172 0.9868
vn 0.1577 0.0471 0.9864
vn -0.1575 0.0471 0.9864
vn -0.1683 -0.0211 0.9855
vn -0.0416 0.9956 0.0836
vn 0.0360 0.9960 0.0823
vn 0.0360 0.9960 -0.0822
vn -0.0414 0.9956 -0.0836
vn -0.0670 -0.0000 0.9978
vn 0.0671 -0.0000 0.9977
vn 0.0663 -0.0022 0.9978
vn -0.0679 0.0026 0.9977
vn 0.0663 -0.0022 -0.9978
vn -0.0679 0.0027 -0.9977
vn -0.0688 0.0243 -0.9973
vn 0.0601 -0.0213 -0.9980
vn -0.9955 0.0387 -0.0868
vn -0.9955 0.0388 0.0867
vn -0.9407 0.3282 0.0854
vn -0.9396 0.3314 -0.0853
vn 0.9957 -0.0334 0.0869
vn 0.9957 -0.0334 -0.0869
vn 0.9396 -0.3311 -0.0864
vn 0.9394 -0.3316 0.0864
vn 0.9962 -0.0000 0.0870
vn 0.9962 0.0001 -0.0870
vn 0.0601 -0.0213 0.9980
vn 0.0518 -0.0372 0.9980
vn -0.0588 0.0413 0.9974
vn -0.0687 0.0243 0.9973
vn -0.6017 0.7942 -0.0854
vn -0.5988 0.7963 0.0855
vn -0.3487 0.9334 0.0842
vn -0.3487 0.9334 -0.0842
vn -0.8156 0.5723 -0.0856
vn -0.8156 0.5723 0.0856
vn -0.9962 -0.0000 -0.0868
vn -0.9962 -0.0001 0.0868
vn -0.0670 0.0002 -0.9978
vn 0.6005 -0.7950 0.0860
vn 0.6005 -0.7950 -0.0861
vn 0.3410 -0.9362 -0.0851
vn 0.3410 -0.9362 0.0851
vn -0.0028 0.0684 -0.9977
vn 0.0364 0.0655 -0.9972
vn 0.0364 -0.0655 -0.9972
vn 0.0023 -0.0657 -0.9978
vn 0.0381 -0.0504 -0.9980
vn -0.0430 0.0572 -0.9974
vn -0.0254 0.0679 -0.9974
vn 0.0218 -0.0595 -0.9980
vn 0.0518 -0.0372 -0.9980
vn -0.0588 0.0413 -0.9974
vn 0.0381 -0.0504 0.9980
vn -0.0431 0.0572 0.9974
vn 0.0349 -0.9959 -0.0838
vn 0.0360 -0.9960 -0.0820
vn 0.0360 -0.9960 0.0820
vn 0.0371 -0.9958 0.0837
vn 0.8065 -0.5848 0.0864
vn 0.8087 -0.5818 -0.0863
vn 0.0218 -0.0596 0.9980
vn 0.0086 -0.0640 0.9979
vn -0.0104 0.0707 0.9974
vn -0.0254 0.0679 0.9974
vn -0.0060 0.0714 -0.9974
vn 0.0086 -0.0640 -0.9979
vn 0.1306 -0.9879 -0.0839
vn 0.1330 -0.9876 0.0838
vn 0.9946 0.0639 0.0819
vn 0.9946 -0.0639 0.0819
vn 0.9946 -0.0639 -0.0819
vn 0.9946 0.0639 -0.0819
vn -0.1419 0.9864 0.0834
vn -0.1448 0.9859 -0.0834
vn 0.0023 -0.0657 0.9978
vn 0.0364 -0.0655 0.9972
vn 0.0364 0.0655 0.9972
vn -0.0028 0.0685 0.9977
vn -0.1088 0.9847 -0.1360
vn -0.0000 0.9911 -0.1329
vn -0.0000 0.9911 0.1329
vn -0.1088 0.9847 0.1360
vn -0.9853 0.1047 0.1348
vn -0.9855 0.1034 -0.1348
vn 0.9832 -0.1236 0.1343
vn 0.1366 -0.1248 -0.9827
vn -0.1573 0.0540 -0.9861
vn 0.0281 -0.1438 -0.9892
vn -0.0211 0.1861 -0.9823
vn 0.1966 -0.9703 0.1410
vn 0.1966 -0.9703 -0.1411
vn 0.3866 -0.9121 0.1363
vn -0.1574 0.0539 0.9861
vn 0.1713 -0.0630 0.9832
vn 0.1683 -0.0211 0.9855
vn 0.1509 0.9807 0.1247
vn 0.1509 0.9806 -0.1247
vn -0.0211 0.1861 0.9823
vn 0.0281 -0.1438 0.9892
vn -0.7358 0.6623 0.1412
vn 0.1366 -0.1248 0.9827
vn -0.3715 0.9179 -0.1398
vn -0.3715 0.9178 0.1399
vn 0.0715 -0.1687 -0.9831
vn -0.1576 0.0471 -0.9864
vn 0.0416 0.9956 -0.0837
vn 0.0414 0.9956 0.0837
vn 0.0670 -0.0000 -0.9978
vn -0.0671 -0.0000 -0.9977
vn -0.0662 -0.0022 -0.9978
vn 0.0678 0.0027 0.9977
vn 0.0687 0.0243 0.9973
vn -0.0601 -0.0213 0.9980
vn 0.9955 0.0389 -0.0868
vn 0.9396 0.3314 0.0854
vn -0.9957 -0.0334 0.0870
vn -0.9394 -0.3316 -0.0864
vn -0.9962 -0.0000 -0.0870
vn -0.9962 -0.0000 0.0869
vn -0.0601 -0.0213 -0.9980
vn -0.0518 -0.0372 -0.9980
vn 0.0687 0.0243 -0.9973
vn 0.6017 0.7942 0.0854
vn 0.5988 0.7963 -0.0854
vn 0.3487 0.9334 -0.0843
vn 0.3487 0.9334 0.0843
vn 0.9962 -0.0000 -0.0868
vn 0.0671 -0.0001 0.9977
vn -0.6005 -0.7950 -0.0860
vn -0.3410 -0.9362 0.0850
vn -0.3410 -0.9362 -0.0850
vn 0.0028 0.0685 0.9976
vn -0.0217 -0.0596 0.9980
vn 0.0431 0.0572 -0.9974
vn -0.0349 -0.9959 0.0837
vn -0.0217 -0.0596 -0.9980
vn -0.0086 -0.0641 -0.9979
vn 0.0104 0.0706 -0.9974
vn 0.0254 0.0679 -0.9974
vn -0.0086 -0.0641 0.9979
vn -0.1306 -0.9879 0.0838
vn -0.9946 0.0640 -0.0819
vn -0.9946 -0.0640 -0.0819
vn 0.1419 0.9864 -0.0834
vn 0.1448 0.9859 0.0835
vn 0.0028 0.0685 -0.9976
vn 0.1088 0.9847 -0.1360
vn 0.1088 0.9847 0.1360
vn 0.3715 0.9178 0.1399
vn -0.9832 -0.1236 -0.1344
vn -0.9832 -0.1236 0.1343
vn -0.1714 -0.0630 -0.9832
vn 0.1573 0.0539 -0.9861
vn -0.0281 -0.1438 -0.9892
vn 0.0211 0.1861 -0.9823
vn -0.1966 -0.9703 0.1411
vn -0.1966 -0.9703 -0.1411
vn -0.1714 -0.0630 0.9832
vn -0.1509 0.9807 0.1247
vn 0.0211 0.1861 0.9823
vn -0.0281 -0.1438 0.9892
vn 0.7358 0.6623 0.1412
vn -0.1366 -0.1247 0.9827
vn -0.7313 -0.6681 -0.1374
vn -0.7313 -0.6681 0.1374
vn -0.0715 -0.1687 -0.9831
vn 0.9855 0.1034 -0.1349
vn 0.9853 0.1046 0.1349
vn -0.1683 -0.0210 -0.9855
vn -0.0414 0.9956 -0.0837
vn -0.0416 0.9956 0.0837
vn 0.0360 0.9960 -0.0823
vn 0.9901 0.0479 0.1319
vn -0.0678 0.0026 -0.9977
vn 0.0601 -0.0212 0.9980
vn -0.9396 0.3314 -0.0854
vn 0.9394 -0.3317 0.0864
vn 0.0601 -0.0212 -0.9980
vn -0.0687 0.0242 -0.9973
vn -0.0589 0.0413 -0.9974
vn 0.0218 -0.0595 0.9980
vn -0.0253 0.0680 0.9974
vn -0.0430 0.0572 0.9974
vn -0.6017 0.7942 0.0854
vn -0.5988 0.7963 -0.0854
vn -0.9962 -0.0000 0.0868
vn 0.6005 -0.7950 -0.0860
vn 0.3410 -0.9362 -0.0850
vn 0.3410 -0.9362 0.0850
vn -0.1448 0.9859 0.0835
vn -0.1419 0.9864 -0.0834
vn 0.0517 -0.0373 0.9980
vn -0.0589 0.0413 0.9974
vn -0.3487 0.9334 0.0843
vn -0.3487 0.9334 -0.0843
vn 0.8087 -0.5818 -0.0864
vn 0.0086 -0.0641 -0.9979
vn 0.0086 -0.0641 0.9979
vn -0.0104 0.0706 0.9974
vn 0.1306 -0.9879 -0.0838
vn 0.1330 -0.9876 0.0839
vn 0.9946 0.0640 0.0819
vn 0.9946 -0.0640 0.0819
vn -0.0028 0.0685 -0.9976
vn -0.0028 0.0685 0.9976
vn -0.6823 0.7305 -0.0300
vn -0.6677 0.7438 -0.0308
vn -0.6676 0.7439 -0.0310
vn -0.6824 0.7303 -0.0304
vn 0.6816 -0.7297 -0.0544
vn 0.6824 -0.7303 -0.0307
vn 0.6676 -0.7439 -0.0313
vn 0.6671 -0.7430 -0.0552
vn 0.4777 0.8776 -0.0407
vn 0.9168 0.3991 -0.0134
vn 0.9172 0.3980 -0.0166
vn 0.4767 0.8783 -0.0366
vn -0.2000 0.2613 0.9443
vn 0.1740 -0.2689 0.9473
vn 0.1976 -0.2529 0.9471
vn -0.2035 0.2604 0.9438
vn 0.6146 -0.7866 0.0602
vn 0.5617 -0.8250 0.0623
vn 0.5623 -0.8262 0.0353
vn 0.6153 -0.7876 0.0337
vn 0.6912 -0.7205 -0.0558
vn 0.6921 -0.7212 -0.0308
vn 0.6153 -0.7875 -0.0337
vn 0.6146 -0.7865 -0.0601
vn 0.2309 -0.2242 0.9468
vn -0.2060 0.2553 0.9447
vn 0.6911 -0.7206 0.0558
vn 0.6921 -0.7211 0.0308
vn -0.6153 0.7875 -0.0351
vn -0.6555 0.7545 -0.0333
vn -0.6553 0.7547 -0.0323
vn -0.6153 0.7876 -0.0337
vn 0.6145 -0.7864 0.0637
vn 0.5616 -0.8248 0.0660
vn 0.5622 -0.8262 0.0363
vn 0.6153 -0.7875 0.0346
vn 0.6910 -0.7205 -0.0582
vn 0.6921 -0.7211 -0.0315
vn 0.6153 -0.7876 -0.0343
vn 0.6145 -0.7864 -0.0628
vn -0.2037 0.2606 0.9437
vn 0.1974 -0.2527 0.9472
vn 0.2307 -0.2239 0.9469
vn -0.2062 0.2554 0.9446
vn 0.6910 -0.7204 0.0592
vn 0.6921 -0.7211 0.0317
vn -0.6152 0.7875 -0.0372
vn -0.6554 0.7544 -0.0352
vn -0.6553 0.7547 -0.0331
vn -0.6153 0.7875 -0.0346
vn 0.6147 -0.7868 0.0556
vn 0.5619 -0.8252 0.0575
vn 0.5623 -0.8263 0.0340
vn 0.6154 -0.7875 0.0325
vn 0.6913 -0.7206 -0.0531
vn 0.6921 -0.7211 -0.0301
vn 0.6153 -0.7876 -0.0329
vn 0.6147 -0.7867 -0.0572
vn -0.2033 0.2602 0.9439
vn 0.1979 -0.2532 0.9469
vn 0.2312 -0.2244 0.9467
vn -0.2059 0.2550 0.9448
vn 0.6913 -0.7207 0.0516
vn 0.6921 -0.7212 0.0297
vn -0.6153 0.7876 -0.0323
vn -0.6556 0.7545 -0.0307
vn -0.6553 0.7547 -0.0311
vn -0.6154 0.7876 -0.0325
vn 0.6146 -0.7867 0.0580
vn 0.5618 -0.8251 0.0600
vn 0.5622 -0.8262 0.0347
vn 0.6153 -0.7876 0.0331
vn 0.6913 -0.7207 -0.0514
vn 0.6921 -0.7211 -0.0297
vn 0.6154 -0.7875 -0.0324
vn 0.6147 -0.7868 -0.0553
vn -0.2034 0.2603 0.9439
vn 0.1977 -0.2530 0.9470
vn 0.2311 -0.2243 0.9467
vn -0.2060 0.2552 0.9447
vn 0.6912 -0.7207 0.0538
vn 0.6921 -0.7211 0.0303
vn -0.6153 0.7875 -0.0337
vn -0.6555 0.7545 -0.0322
vn -0.6553 0.7547 -0.0317
vn -0.6153 0.7876 -0.0331
vn 0.6154 -0.7875 -0.0328
vn 0.6708 -0.7410 -0.0309
vn 0.6711 -0.7413 -0.0071
vn 0.6157 -0.7879 -0.0112
vn -0.6154 0.7875 0.0331
vn -0.6154 0.7875 0.0328
vn -0.6352 0.7717 0.0322
vn -0.6354 0.7715 0.0325
vn 0.6700 -0.7404 -0.0541
vn 0.6148 -0.7866 -0.0570
vn -0.2038 0.2573 0.9446
vn 0.1776 -0.2668 0.9473
vn 0.1979 -0.2533 0.9469
vn -0.2031 0.2600 0.9440
vn 0.6711 -0.7413 0.0071
vn 0.6157 -0.7879 0.0112
vn 0.6816 -0.7298 0.0534
vn 0.6671 -0.7430 0.0541
vn 0.6676 -0.7439 0.0310
vn 0.6824 -0.7303 0.0304
vn 0.4777 0.8776 0.0416
vn 0.4767 0.8783 0.0369
vn 0.9172 0.3980 0.0167
vn 0.9168 0.3991 0.0137
vn -0.2000 0.2612 -0.9443
vn -0.2035 0.2604 -0.9438
vn 0.1976 -0.2529 -0.9471
vn 0.1740 -0.2689 -0.9473
vn -0.6823 0.7304 0.0306
vn -0.6824 0.7303 0.0307
vn -0.6676 0.7439 0.0313
vn -0.6677 0.7437 0.0314
vn -0.2060 0.2553 -0.9447
vn 0.2310 -0.2241 -0.9468
vn 0.5384 0.8417 0.0408
vn 0.5374 0.8425 0.0360
vn 0.9426 0.3336 0.0143
vn 0.9422 0.3348 0.0106
vn 0.5384 0.8417 -0.0407
vn 0.9422 0.3348 -0.0105
vn 0.9426 0.3336 -0.0143
vn 0.5375 0.8425 -0.0360
vn -0.6153 0.7875 0.0350
vn -0.6153 0.7876 0.0337
vn -0.6553 0.7547 0.0323
vn -0.6555 0.7545 0.0333
vn 0.5623 -0.8262 -0.0353
vn 0.5617 -0.8250 -0.0622
vn -0.2036 0.2606 -0.9437
vn -0.2061 0.2554 -0.9446
vn 0.2308 -0.2240 -0.9469
vn 0.1975 -0.2527 -0.9472
vn 0.5384 0.8416 0.0425
vn 0.5373 0.8426 0.0367
vn 0.9426 0.3336 0.0145
vn 0.9422 0.3348 0.0110
vn 0.5384 0.8416 -0.0432
vn 0.9422 0.3348 -0.0112
vn 0.9426 0.3336 -0.0146
vn 0.5374 0.8425 -0.0370
vn -0.6153 0.7875 0.0366
vn -0.6153 0.7875 0.0343
vn -0.6552 0.7547 0.0329
vn -0.6555 0.7544 0.0348
vn 0.5622 -0.8262 -0.0360
vn 0.5615 -0.8249 -0.0649
vn -0.2033 0.2602 -0.9439
vn -0.2059 0.2551 -0.9447
vn 0.2311 -0.2243 -0.9467
vn 0.1978 -0.2531 -0.9470
vn 0.5384 0.8418 0.0388
vn 0.5374 0.8426 0.0352
vn 0.9426 0.3337 0.0139
vn 0.9423 0.3347 0.0100
vn 0.5384 0.8418 -0.0376
vn 0.9423 0.3347 -0.0097
vn 0.9426 0.3337 -0.0138
vn 0.5374 0.8426 -0.0348
vn -0.6153 0.7876 0.0332
vn -0.6153 0.7876 0.0329
vn -0.6553 0.7547 0.0316
vn -0.6554 0.7546 0.0317
vn 0.5623 -0.8262 -0.0345
vn 0.5618 -0.8252 -0.0592
vn -0.2033 0.2601 -0.9439
vn -0.2058 0.2550 -0.9448
vn 0.2313 -0.2244 -0.9467
vn 0.1979 -0.2532 -0.9470
vn 0.5384 0.8418 0.0374
vn 0.5374 0.8426 0.0347
vn 0.9426 0.3337 0.0137
vn 0.9423 0.3347 0.0097
vn 0.5384 0.8418 -0.0392
vn 0.9422 0.3348 -0.0101
vn 0.9426 0.3337 -0.0140
vn 0.5374 0.8426 -0.0354
vn -0.6154 0.7876 0.0323
vn -0.6154 0.7876 0.0324
vn -0.6553 0.7547 0.0311
vn -0.6555 0.7546 0.0306
vn 0.5622 -0.8263 -0.0340
vn 0.5619 -0.8252 -0.0573
vn 0.5737 -0.8184 -0.0341
vn 0.5733 -0.8173 -0.0583
vn -0.6155 0.7875 -0.0309
vn -0.6354 0.7716 -0.0304
vn -0.6351 0.7718 -0.0311
vn -0.6155 0.7875 -0.0318
vn -0.5472 -0.8369 -0.0126
vn -0.9467 -0.3220 -0.0046
vn -0.9466 -0.3220 -0.0134
vn -0.5468 -0.8365 -0.0349
vn -0.9460 -0.3230 -0.0280
vn -0.5473 -0.8350 -0.0571
vn -0.6354 0.7720 -0.0148
vn -0.6157 0.7879 -0.0112
vn -0.6815 -0.7296 -0.0561
vn -0.6670 -0.7429 -0.0569
vn -0.6676 -0.7439 -0.0317
vn -0.6824 -0.7303 -0.0312
vn 0.2283 0.2373 0.9442
vn 0.2165 0.2482 0.9442
vn -0.2220 -0.2309 0.9473
vn -0.2104 -0.2413 0.9474
vn 0.9172 -0.3980 -0.0170
vn 0.4767 -0.8783 -0.0374
vn 0.4772 -0.8766 -0.0625
vn 0.9164 -0.3988 -0.0337
vn 0.6823 0.7304 0.0317
vn 0.6677 0.7437 0.0324
vn 0.6676 0.7439 0.0317
vn 0.6824 0.7303 0.0311
vn 0.2033 0.2602 -0.9439
vn -0.1978 -0.2530 -0.9470
vn -0.2233 -0.2305 -0.9471
vn 0.1997 0.2601 -0.9447
vn 0.6154 0.7875 0.0331
vn 0.6354 0.7715 0.0325
vn 0.6352 0.7717 0.0322
vn 0.6154 0.7875 0.0328
vn 0.2039 0.2576 -0.9445
vn -0.1774 -0.2665 -0.9474
vn 0.6011 0.7985 0.0339
vn 0.6012 0.7984 0.0333
vn 0.2040 0.2575 0.9445
vn 0.2034 0.2602 0.9439
vn -0.1977 -0.2530 0.9470
vn -0.1774 -0.2665 0.9474
vn -0.6148 -0.7866 -0.0567
vn -0.5733 -0.8173 -0.0583
vn -0.5737 -0.8184 -0.0341
vn -0.6154 -0.7875 -0.0328
vn -0.5405 0.8404 0.0397
vn -0.9434 0.3315 0.0101
vn -0.9437 0.3305 0.0140
vn -0.5395 0.8412 0.0355
vn -0.6699 -0.7404 -0.0555
vn -0.6147 -0.7866 -0.0585
vn -0.6154 -0.7875 -0.0333
vn -0.6708 -0.7410 -0.0313
vn 0.2036 0.2605 0.9438
vn 0.2000 0.2604 0.9446
vn -0.2229 -0.2302 0.9473
vn -0.1974 -0.2526 0.9472
vn -0.6146 -0.7864 0.0627
vn -0.6154 -0.7874 0.0343
vn -0.5737 -0.8183 0.0356
vn -0.5731 -0.8169 0.0644
vn 0.6154 0.7874 -0.0366
vn 0.6154 0.7874 -0.0343
vn 0.6351 0.7717 -0.0336
vn 0.6353 0.7714 -0.0358
vn -0.5405 0.8405 0.0377
vn -0.9434 0.3316 0.0094
vn -0.9437 0.3305 0.0136
vn -0.5396 0.8412 0.0347
vn -0.6700 -0.7405 -0.0527
vn -0.6149 -0.7867 -0.0556
vn -0.6154 -0.7875 -0.0325
vn -0.6709 -0.7409 -0.0306
vn 0.2033 0.2601 0.9439
vn 0.1997 0.2600 0.9447
vn -0.2233 -0.2306 0.9471
vn -0.1978 -0.2531 0.9470
vn -0.6148 -0.7867 0.0555
vn -0.6154 -0.7875 0.0325
vn -0.5738 -0.8183 0.0337
vn -0.5733 -0.8174 0.0570
vn 0.6154 0.7875 -0.0323
vn 0.6155 0.7875 -0.0325
vn 0.6352 0.7717 -0.0318
vn 0.6354 0.7715 -0.0317
vn -0.5405 0.8404 0.0401
vn -0.9433 0.3317 0.0102
vn -0.5395 0.8412 0.0357
vn -0.6699 -0.7403 -0.0561
vn -0.6147 -0.7866 -0.0592
vn -0.6154 -0.7875 -0.0334
vn -0.6709 -0.7409 -0.0314
vn 0.2033 0.2602 0.9439
vn 0.1998 0.2601 0.9447
vn -0.2232 -0.2305 0.9471
vn -0.1977 -0.2530 0.9471
vn -0.6147 -0.7866 0.0580
vn -0.6154 -0.7875 0.0331
vn -0.5736 -0.8184 0.0344
vn -0.5732 -0.8173 0.0596
vn 0.6154 0.7875 -0.0337
vn 0.6154 0.7875 -0.0331
vn 0.6352 0.7717 -0.0325
vn 0.6354 0.7715 -0.0331
vn -0.5405 0.8405 0.0385
vn -0.9434 0.3316 0.0097
vn -0.9437 0.3305 0.0138
vn -0.5396 0.8412 0.0351
vn -0.6700 -0.7404 -0.0540
vn -0.6148 -0.7866 -0.0568
vn -0.6708 -0.7410 -0.0309
vn -0.5405 0.8406 -0.0360
vn -0.5396 0.8412 -0.0340
vn -0.9437 0.3305 -0.0134
vn -0.9434 0.3315 -0.0090
vn -0.6149 -0.7868 0.0532
vn -0.6155 -0.7875 0.0318
vn -0.5738 -0.8184 0.0331
vn -0.5734 -0.8175 0.0546
vn 0.6822 0.7304 -0.0323
vn 0.6824 0.7303 -0.0314
vn 0.6676 0.7438 -0.0320
vn 0.6677 0.7437 -0.0331
vn 0.4770 -0.8788 0.0132
vn 0.9174 -0.3980 0.0057
vn 0.9172 -0.3980 0.0171
vn 0.4767 -0.8783 0.0378
vn -0.5405 0.8404 -0.0390
vn -0.5396 0.8412 -0.0353
vn -0.9437 0.3305 -0.0139
vn -0.9434 0.3316 -0.0098
vn -0.6815 -0.7296 0.0574
vn -0.6824 -0.7303 0.0315
vn -0.6676 -0.7438 0.0320
vn -0.6669 -0.7429 0.0582
vn 0.9163 -0.3990 0.0346
vn 0.4772 -0.8765 0.0638
vn 0.6010 0.7985 -0.0344
vn 0.6012 0.7984 -0.0335
vn 0.6154 0.7875 -0.0330
vn 0.6154 0.7875 -0.0336
vn -0.6148 -0.7866 0.0576
vn -0.6154 -0.7875 0.0330
vn -0.5737 -0.8184 0.0343
vn -0.5733 -0.8172 0.0591
vn 0.6352 0.7717 -0.0324
vn 0.6354 0.7715 -0.0329
vn -0.6700 -0.7404 -0.0538
vn 0.2034 0.2602 -0.9439
vn -0.1976 -0.2529 -0.9471
vn -0.2231 -0.2304 -0.9472
vn 0.1997 0.2602 -0.9447
vn -0.6698 -0.7402 0.0595
vn -0.6708 -0.7409 0.0323
vn -0.5404 0.8403 -0.0426
vn -0.5395 0.8412 -0.0367
vn -0.9437 0.3305 -0.0144
vn -0.9433 0.3317 -0.0107
vn 0.6155 0.7874 0.0341
vn 0.6354 0.7714 0.0333
vn 0.6352 0.7717 0.0326
vn 0.6154 0.7875 0.0333
vn -0.5732 -0.8172 -0.0600
vn -0.5737 -0.8183 -0.0345
vn 0.2032 0.2600 -0.9440
vn -0.1978 -0.2531 -0.9470
vn -0.2233 -0.2306 -0.9471
vn 0.1996 0.2600 -0.9447
vn -0.6700 -0.7405 0.0527
vn -0.6709 -0.7409 0.0306
vn -0.5405 0.8405 -0.0376
vn -0.5396 0.8412 -0.0347
vn -0.9437 0.3305 -0.0136
vn -0.9434 0.3316 -0.0094
vn 0.6154 0.7875 0.0324
vn 0.6354 0.7715 0.0317
vn 0.6352 0.7717 0.0318
vn 0.6155 0.7875 0.0325
vn -0.5733 -0.8173 -0.0571
vn -0.5738 -0.8183 -0.0338
vn 0.2034 0.2603 -0.9439
vn 0.1998 0.2602 -0.9447
vn -0.6699 -0.7404 0.0550
vn -0.6708 -0.7410 0.0312
vn -0.5405 0.8404 -0.0392
vn -0.5395 0.8412 -0.0354
vn -0.9434 0.3316 -0.0099
vn 0.6154 0.7874 0.0345
vn 0.6353 0.7715 0.0338
vn 0.6352 0.7717 0.0328
vn 0.6154 0.7875 0.0334
vn -0.5732 -0.8172 -0.0608
vn -0.5737 -0.8183 -0.0347
vn 0.2033 0.2601 -0.9439
vn -0.2232 -0.2305 -0.9471
vn 0.2032 0.2599 0.9440
vn 0.1996 0.2599 0.9448
vn -0.2234 -0.2307 0.9470
vn -0.1980 -0.2533 0.9469
vn -0.6701 -0.7406 0.0504
vn -0.6709 -0.7410 0.0300
vn 0.6155 0.7876 -0.0310
vn 0.6155 0.7875 -0.0318
vn 0.6351 0.7718 -0.0312
vn 0.6354 0.7716 -0.0304
vn -0.5733 -0.8173 -0.0585
vn -0.5738 -0.8183 -0.0341
vn 0.6354 0.7715 0.0324
vn -0.9172 -0.3980 0.0166
vn -0.4767 -0.8783 0.0366
vn -0.4772 -0.8768 0.0595
vn -0.9164 -0.3989 0.0322
vn 0.6679 -0.7442 0.0106
vn 0.6678 -0.7442 -0.0145
vn 0.6827 -0.7306 -0.0104
vn 0.6827 -0.7306 0.0066
vn -0.6679 0.7442 0.0106
vn -0.6827 0.7307 0.0064
vn -0.5472 -0.8369 0.0126
vn -0.9467 -0.3220 0.0046
vn 0.9174 0.3980 -0.0057
vn 0.9174 0.3980 0.0049
vn 0.4770 0.8788 0.0125
vn 0.4770 0.8788 -0.0132
vn 0.6156 -0.7880 0.0112
vn 0.6924 -0.7214 0.0103
vn -0.4770 -0.8788 -0.0125
vn -0.4770 -0.8788 0.0132
vn -0.9174 -0.3980 0.0057
vn -0.9174 -0.3980 -0.0051
vn 0.6355 0.7720 -0.0110
vn 0.6157 0.7879 -0.0112
vn -0.6679 0.7441 -0.0145
vn -0.6827 0.7306 -0.0104
vn 0.6156 -0.7880 -0.0112
vn 0.6924 -0.7215 -0.0068
vn 0.5626 -0.8267 -0.0118
vn 0.6924 -0.7215 0.0068
vn -0.5486 -0.8360 0.0119
vn -0.5483 -0.8355 0.0357
vn -0.9471 -0.3206 0.0137
vn -0.9472 -0.3207 0.0038
vn -0.5486 -0.8360 -0.0119
vn -0.9472 -0.3207 -0.0038
vn -0.6156 0.7880 -0.0111
vn -0.6555 0.7551 -0.0108
vn -0.6555 0.7550 0.0147
vn -0.6156 0.7880 0.0112
vn -0.6556 0.7550 0.0107
vn -0.6156 0.7880 0.0111
vn -0.5889 0.8075 0.0346
vn -0.5892 0.8079 0.0081
vn -0.5892 0.8079 -0.0115
vn -0.5889 0.8075 -0.0345
vn -0.5483 -0.8355 -0.0357
vn -0.9471 -0.3206 -0.0137
vn -0.5483 -0.8355 0.0367
vn -0.9471 -0.3206 0.0141
vn -0.6156 0.7880 -0.0112
vn -0.5889 0.8075 -0.0354
vn -0.5889 0.8074 0.0352
vn -0.5483 -0.8355 -0.0364
vn -0.9471 -0.3206 -0.0140
vn 0.5626 -0.8266 -0.0118
vn -0.5484 -0.8355 0.0345
vn -0.9471 -0.3206 0.0132
vn -0.5889 0.8075 -0.0333
vn 0.9427 0.3337 -0.0048
vn 0.9427 0.3337 0.0041
vn 0.5377 0.8430 0.0120
vn 0.5377 0.8430 -0.0129
vn -0.6556 0.7550 -0.0147
vn -0.5889 0.8075 0.0338
vn -0.5484 -0.8355 -0.0349
vn -0.9471 -0.3207 -0.0134
vn -0.5484 -0.8355 0.0351
vn -0.9471 -0.3207 0.0135
vn -0.5889 0.8075 -0.0340
vn 0.5377 0.8431 0.0120
vn 0.5377 0.8431 -0.0129
vn -0.6678 -0.7442 -0.0145
vn -0.6827 -0.7306 -0.0104
vn -0.6555 0.7550 -0.0147
vn -0.5889 0.8075 0.0333
vn -0.5484 -0.8355 -0.0344
vn -0.9471 -0.3206 -0.0132
vn -0.5469 -0.8365 0.0338
vn -0.9467 -0.3220 0.0130
vn 0.5740 -0.8187 0.0149
vn 0.6155 -0.7875 0.0318
vn 0.5738 -0.8184 0.0331
vn 0.6708 -0.7410 0.0300
vn 0.5404 0.8406 -0.0360
vn 0.9434 0.3315 -0.0091
vn 0.9437 0.3305 -0.0134
vn 0.5396 0.8412 -0.0340
vn 0.6149 -0.7868 0.0532
vn 0.5734 -0.8175 0.0546
vn -0.6012 0.7984 0.0333
vn -0.6015 0.7988 0.0079
vn -0.6157 0.7879 0.0112
vn -0.6556 0.7551 0.0107
vn 0.9438 0.3306 0.0040
vn 0.5399 0.8417 0.0120
vn 0.5399 0.8417 -0.0128
vn 0.9438 0.3306 -0.0047
vn -0.6015 0.7988 -0.0114
vn -0.6012 0.7984 -0.0322
vn 0.4770 -0.8788 -0.0132
vn 0.9174 -0.3980 -0.0057
vn 0.6827 0.7307 -0.0064
vn 0.6679 0.7442 -0.0106
vn -0.6678 -0.7442 0.0145
vn -0.6827 -0.7306 0.0104
vn -0.4777 0.8775 0.0429
vn -0.9168 0.3991 0.0142
vn -0.9173 0.3979 0.0170
vn -0.4767 0.8783 0.0374
vn 0.6678 0.7442 0.0145
vn 0.6827 0.7306 0.0104
vn -0.9173 0.3979 -0.0171
vn -0.4766 0.8783 -0.0378
vn -0.4770 0.8788 -0.0132
vn -0.9174 0.3980 -0.0057
vn 0.5472 -0.8369 -0.0126
vn 0.9467 -0.3220 -0.0046
vn 0.9467 -0.3220 0.0039
vn 0.5472 -0.8369 0.0119
vn -0.6157 -0.7879 -0.0112
vn -0.6711 -0.7413 -0.0106
vn -0.5740 -0.8187 -0.0149
vn -0.6157 -0.7879 0.0112
vn -0.6711 -0.7413 0.0071
vn -0.5740 -0.8188 0.0117
vn 0.5472 -0.8369 -0.0119
vn 0.5468 -0.8365 -0.0353
vn 0.9467 -0.3219 -0.0136
vn 0.9467 -0.3220 -0.0039
vn 0.6157 0.7879 0.0112
vn 0.6016 0.7987 0.0114
vn 0.6012 0.7984 0.0338
vn 0.6355 0.7720 0.0110
vn 0.6354 0.7720 -0.0148
vn 0.6012 0.7983 -0.0348
vn 0.6016 0.7988 -0.0079
vn 0.5469 -0.8364 0.0365
vn 0.9466 -0.3220 0.0140
vn 0.5469 -0.8365 -0.0345
vn 0.9467 -0.3220 -0.0133
vn 0.6015 0.7988 0.0114
vn 0.6012 0.7984 0.0329
vn 0.9467 -0.3221 0.0039
vn 0.6355 0.7721 0.0110
vn 0.6355 0.7720 -0.0148
vn 0.6012 0.7984 -0.0329
vn 0.6015 0.7988 -0.0079
vn -0.9438 0.3305 0.0047
vn -0.9438 0.3306 -0.0040
vn -0.5398 0.8417 -0.0120
vn -0.5399 0.8417 0.0128
vn 0.5469 -0.8365 0.0345
vn 0.9466 -0.3220 0.0133
vn -0.6711 -0.7413 -0.0071
vn 0.5469 -0.8364 -0.0355
vn 0.9467 -0.3220 -0.0137
vn 0.6012 0.7984 0.0339
vn -0.9438 0.3306 0.0047
vn -0.5398 0.8417 0.0128
vn 0.6354 0.7720 0.0148
vn 0.6012 0.7984 -0.0336
vn 0.9437 0.3305 0.0138
vn 0.5396 0.8412 0.0351
vn 0.5469 -0.8365 0.0352
vn 0.9466 -0.3220 0.0135
vn 0.5468 -0.8365 -0.0349
vn 0.9466 -0.3220 -0.0134
vn -0.5399 0.8417 -0.0120
vn 0.6013 0.7984 -0.0323
vn 0.5469 -0.8365 0.0338
vn 0.9467 -0.3220 0.0130
vn -0.6711 -0.7413 0.0105
vn -0.6708 -0.7410 0.0311
vn 0.6015 0.7988 -0.0114
vn -0.4770 0.8788 0.0132
vn -0.9174 0.3980 0.0057
vn -0.5395 0.8413 0.0350
vn -0.4767 -0.8783 -0.0370
vn -0.9172 -0.3980 -0.0167
vn -0.2281 0.2372 -0.9443
vn -0.2163 0.2482 -0.9443
vn 0.2222 -0.2311 -0.9472
vn 0.2105 -0.2415 -0.9473
vn -0.6556 0.7550 0.0147
vn -0.6355 0.7720 0.0110
vn 0.5740 -0.8188 -0.0117
vn -0.5474 -0.8352 0.0534
vn -0.9461 -0.3230 0.0261
vn 0.5405 0.8405 0.0385
vn 0.9434 0.3316 0.0097
vn 0.6702 -0.7405 0.0504
vn -0.6011 0.7986 -0.0317
vn -0.6010 0.7985 0.0340
vn 0.5625 -0.8266 0.0149
vn -0.5887 0.8076 -0.0352
vn -0.2280 0.2371 0.9443
vn 0.2106 -0.2416 0.9473
vn 0.2222 -0.2311 0.9472
vn -0.2163 0.2481 0.9443
vn -0.9465 -0.3217 -0.0271
vn -0.5488 -0.8341 -0.0553
vn -0.5487 -0.8340 0.0579
vn -0.9464 -0.3217 0.0284
vn -0.4776 0.8775 -0.0438
vn -0.9168 0.3991 -0.0144
vn -0.5887 0.8076 0.0336
vn 0.5626 -0.8266 0.0149
vn -0.5887 0.8076 -0.0337
vn -0.1997 0.2610 -0.9445
vn 0.1742 -0.2693 -0.9472
vn -0.9464 -0.3217 -0.0281
vn -0.5488 -0.8340 -0.0572
vn -0.5488 -0.8341 0.0557
vn -0.9465 -0.3216 0.0274
vn -0.2000 0.2612 0.9444
vn 0.1741 -0.2690 0.9473
vn -0.5887 0.8076 0.0347
vn 0.9427 0.3337 0.0048
vn 0.5377 0.8430 0.0129
vn 0.9427 0.3337 -0.0041
vn 0.5377 0.8431 -0.0120
vn -0.5886 0.8075 -0.0387
vn -0.1998 0.2611 -0.9444
vn 0.1742 -0.2691 -0.9472
vn -0.9464 -0.3217 -0.0308
vn -0.5486 -0.8337 -0.0628
vn -0.5486 -0.8336 0.0639
vn -0.9463 -0.3217 0.0314
vn -0.1998 0.2610 0.9444
vn 0.1743 -0.2693 0.9472
vn -0.5886 0.8075 0.0381
vn 0.5378 0.8430 0.0129
vn 0.5378 0.8430 -0.0120
vn -0.5886 0.8076 -0.0365
vn -0.2001 0.2613 -0.9443
vn 0.1739 -0.2687 -0.9474
vn -0.9464 -0.3217 -0.0295
vn -0.5487 -0.8338 -0.0601
vn -0.5487 -0.8338 0.0602
vn -0.9464 -0.3216 0.0296
vn -0.2001 0.2614 0.9443
vn 0.1738 -0.2686 0.9474
vn -0.5886 0.8076 0.0365
vn 0.6011 0.7986 -0.0318
vn 0.9461 -0.3230 0.0261
vn 0.5474 -0.8352 0.0534
vn 0.5474 -0.8349 -0.0571
vn 0.9460 -0.3231 -0.0280
vn -0.6700 -0.7404 0.0546
vn 0.6010 0.7985 0.0340
vn 0.2281 0.2372 -0.9443
vn -0.2105 -0.2414 -0.9473
vn -0.2221 -0.2310 -0.9473
vn 0.2164 0.2483 -0.9442
vn 0.6010 0.7985 -0.0346
vn 0.9460 -0.3230 0.0285
vn 0.5473 -0.8349 0.0582
vn 0.5473 -0.8348 -0.0593
vn 0.9459 -0.3231 -0.0291
vn 0.2038 0.2574 0.9445
vn -0.1776 -0.2668 0.9473
vn 0.6010 0.7985 0.0354
vn 0.2039 0.2575 -0.9445
vn 0.6011 0.7985 -0.0332
vn 0.9460 -0.3230 0.0273
vn 0.5472 -0.8351 0.0557
vn 0.5473 -0.8351 -0.0557
vn 0.9460 -0.3229 -0.0274
vn 0.2039 0.2576 0.9445
vn -0.1773 -0.2664 0.9474
vn 0.6011 0.7985 0.0332
vn 0.2040 0.2576 -0.9445
vn -0.1773 -0.2663 -0.9474
vn -0.9438 0.3306 -0.0047
vn -0.5398 0.8417 -0.0128
vn -0.9438 0.3306 0.0040
vn -0.5398 0.8417 0.0120
vn 0.6009 0.7984 -0.0375
vn 0.9459 -0.3231 0.0308
vn 0.5471 -0.8347 0.0628
vn 0.5473 -0.8349 -0.0587
vn 0.9459 -0.3231 -0.0288
vn 0.2039 0.2575 0.9445
vn -0.1775 -0.2666 0.9473
vn 0.6010 0.7985 0.0350
vn 0.2038 0.2574 -0.9446
vn -0.1775 -0.2666 -0.9473
vn 0.5469 -0.8365 -0.0348
vn 0.9467 -0.3219 0.0135
vn 0.5469 -0.8364 0.0351
vn 0.5474 -0.8350 -0.0570
vn 0.9460 -0.3230 -0.0278
vn -0.1773 -0.2664 -0.9474
vn 0.9460 -0.3229 0.0283
vn 0.5474 -0.8349 0.0577
vn -0.5405 0.8405 0.0384
vn -0.9434 0.3316 0.0096
vn 0.2041 0.2578 0.9444
vn -0.1771 -0.2661 0.9475
vn 0.2234 -0.2307 0.9470
vn -0.1996 0.2599 0.9448
vn -0.2039 0.2575 -0.9445
vn 0.1978 -0.2530 -0.9470
vn 0.1774 -0.2665 -0.9474
vn -0.1997 0.2601 -0.9447
vn 0.2232 -0.2305 -0.9471
vn -0.9164 -0.3989 -0.0328
vn -0.4772 -0.8767 -0.0606
vt 0.049728 0.420412
vt 0.034578 0.420412
vt 0.034578 0.268962
vt 0.049728 0.268962
vt 0.245329 0.420412
vt 0.230309 0.420412
vt 0.230309 0.268962
vt 0.245329 0.268962
vt 0.439766 0.420412
vt 0.424966 0.420412
vt 0.424966 0.268962
vt 0.439766 0.268962
vt 0.350299 0.483002
vt 0.350299 0.465663
vt 0.365266 0.465663
vt 0.365266 0.483002
vt 0.019407 0.420412
vt 0.019407 0.268962
vt 0.215336 0.420412
vt 0.215336 0.268962
vt 0.380225 0.465663
vt 0.380225 0.483002
vt 0.410122 0.420412
vt 0.410122 0.268962
vt 0.395177 0.489422
vt 0.380225 0.489422
vt 0.380225 0.486362
vt 0.395177 0.486362
vt 0.004227 0.420412
vt 0.004227 0.268962
vt 0.200350 0.420412
vt 0.200350 0.268962
vt 0.395177 0.465663
vt 0.395177 0.483002
vt 0.395177 0.420412
vt 0.395177 0.268962
vt 0.185351 0.420412
vt 0.185351 0.268962
vt 0.380225 0.420412
vt 0.380225 0.268962
vt 0.410122 0.465663
vt 0.410122 0.483002
vt 0.170339 0.420412
vt 0.170339 0.268962
vt 0.004227 0.483002
vt 0.004227 0.465663
vt 0.019407 0.465663
vt 0.019407 0.483002
vt 0.365266 0.420412
vt 0.365266 0.268962
vt 0.155314 0.420412
vt 0.155314 0.268962
vt 0.350299 0.420412
vt 0.350299 0.268962
vt 0.424966 0.465663
vt 0.424966 0.483002
vt 0.140275 0.420412
vt 0.140275 0.268962
vt 0.034578 0.465663
vt 0.034578 0.483002
vt 0.335325 0.420412
vt 0.335325 0.268962
vt 0.439766 0.465663
vt 0.439766 0.483002
vt 0.125222 0.420412
vt 0.125222 0.268962
vt 0.320343 0.420412
vt 0.320343 0.268962
vt 0.049728 0.465663
vt 0.049728 0.483002
vt 0.110155 0.420412
vt 0.110155 0.268962
vt 0.454459 0.465663
vt 0.454459 0.483002
vt 0.305354 0.420412
vt 0.305354 0.268962
vt 0.095073 0.420412
vt 0.095073 0.268962
vt 0.064860 0.465663
vt 0.064860 0.483002
vt 0.290357 0.420412
vt 0.290357 0.268962
vt 0.469000 0.465663
vt 0.469000 0.483002
vt 0.079975 0.420412
vt 0.079975 0.268962
vt 0.079975 0.465663
vt 0.079975 0.483002
vt 0.275354 0.420412
vt 0.275354 0.268962
vt 0.484666 0.420412
vt 0.469000 0.420412
vt 0.469000 0.268962
vt 0.484666 0.268962
vt 0.484666 0.465663
vt 0.484666 0.483002
vt 0.064860 0.420412
vt 0.064860 0.268962
vt 0.095073 0.465663
vt 0.095073 0.483002
vt 0.260344 0.420412
vt 0.260344 0.268962
vt 0.454459 0.420412
vt 0.454459 0.268962
vt 0.110155 0.465663
vt 0.110155 0.483002
vt 0.049728 0.489422
vt 0.034578 0.489422
vt 0.034578 0.486362
vt 0.049728 0.486362
vt 0.469000 0.620056
vt 0.469000 0.489422
vt 0.484666 0.489422
vt 0.484666 0.620056
vt 0.454459 0.620056
vt 0.454459 0.489422
vt 0.439766 0.620056
vt 0.439766 0.489422
vt 0.424966 0.620056
vt 0.424966 0.489422
vt 0.410122 0.620056
vt 0.410122 0.489422
vt 0.395177 0.620056
vt 0.380225 0.620056
vt 0.365266 0.620056
vt 0.365266 0.489422
vt 0.350299 0.620056
vt 0.350299 0.489422
vt 0.335325 0.620056
vt 0.335325 0.489422
vt 0.320343 0.620056
vt 0.320343 0.489422
vt 0.305354 0.620056
vt 0.305354 0.489422
vt 0.290357 0.620056
vt 0.290357 0.489422
vt 0.275354 0.620056
vt 0.275354 0.489422
vt 0.260344 0.620056
vt 0.260344 0.489422
vt 0.245329 0.620056
vt 0.245329 0.489422
vt 0.230309 0.620056
vt 0.230309 0.489422
vt 0.215336 0.620056
vt 0.215336 0.489422
vt 0.200350 0.620056
vt 0.200350 0.489422
vt 0.185351 0.620056
vt 0.185351 0.489422
vt 0.170339 0.620056
vt 0.170339 0.489422
vt 0.155314 0.620056
vt 0.155314 0.489422
vt 0.140275 0.620056
vt 0.140275 0.489422
vt 0.125222 0.620056
vt 0.125222 0.489422
vt 0.110155 0.620056
vt 0.110155 0.489422
vt 0.095073 0.620056
vt 0.095073 0.489422
vt 0.079975 0.620056
vt 0.079975 0.489422
vt 0.064860 0.620056
vt 0.064860 0.489422
vt 0.049728 0.620056
vt 0.034578 0.620056
vt 0.019407 0.620056
vt 0.019407 0.489422
vt 0.004227 0.620056
vt 0.004227 0.489422
vt 0.215336 0.441717
vt 0.200350 0.441717
vt 0.200350 0.423826
vt 0.215336 0.423826
vt 0.245329 0.483002
vt 0.245329 0.465663
vt 0.260344 0.465663
vt 0.260344 0.483002
vt 0.410122 0.421529
vt 0.395177 0.421529
vt 0.230309 0.486362
vt 0.245329 0.486362
vt 0.410122 0.441717
vt 0.395177 0.441717
vt 0.395177 0.423826
vt 0.410122 0.423826
vt 0.200350 0.486362
vt 0.215336 0.486362
vt 0.185351 0.441717
vt 0.185351 0.423826
vt 0.185351 0.486362
vt 0.380225 0.441717
vt 0.380225 0.423826
vt 0.170339 0.486362
vt 0.170339 0.441717
vt 0.170339 0.423826
vt 0.155314 0.421529
vt 0.140275 0.421529
vt 0.365266 0.441717
vt 0.365266 0.423826
vt 0.155314 0.486362
vt 0.155314 0.441717
vt 0.155314 0.423826
vt 0.125222 0.486362
vt 0.140275 0.486362
vt 0.350299 0.441717
vt 0.350299 0.423826
vt 0.110155 0.486362
vt 0.140275 0.441717
vt 0.140275 0.423826
vt 0.095073 0.486362
vt 0.004227 0.486362
vt 0.019407 0.486362
vt 0.335325 0.441717
vt 0.335325 0.423826
vt 0.484666 0.421529
vt 0.469000 0.421529
vt 0.125222 0.441717
vt 0.125222 0.423826
vt 0.079975 0.486362
vt 0.320343 0.441717
vt 0.320343 0.423826
vt 0.064860 0.486362
vt 0.439766 0.486362
vt 0.454459 0.486362
vt 0.275354 0.421529
vt 0.260344 0.421529
vt 0.454459 0.421529
vt 0.439766 0.421529
vt 0.095073 0.421529
vt 0.079975 0.421529
vt 0.110155 0.421529
vt 0.125222 0.421529
vt 0.170339 0.421529
vt 0.185351 0.421529
vt 0.200350 0.421529
vt 0.424966 0.421529
vt 0.230309 0.448519
vt 0.230309 0.463013
vt 0.215336 0.463013
vt 0.215336 0.448519
vt 0.064860 0.421529
vt 0.049728 0.421529
vt 0.290357 0.421529
vt 0.305354 0.421529
vt 0.320343 0.421529
vt 0.335325 0.421529
vt 0.350299 0.421529
vt 0.365266 0.421529
vt 0.380225 0.421529
vt 0.019407 0.421529
vt 0.004227 0.421529
vt 0.424966 0.448519
vt 0.424966 0.463013
vt 0.410122 0.463013
vt 0.410122 0.448519
vt 0.469000 0.486362
vt 0.245329 0.421529
vt 0.034578 0.448519
vt 0.034578 0.463013
vt 0.019407 0.463013
vt 0.019407 0.448519
vt 0.335325 0.483002
vt 0.335325 0.465663
vt 0.320343 0.483002
vt 0.320343 0.465663
vt 0.305354 0.483002
vt 0.305354 0.465663
vt 0.290357 0.483002
vt 0.290357 0.465663
vt 0.275354 0.483002
vt 0.275354 0.465663
vt 0.230309 0.483002
vt 0.230309 0.465663
vt 0.215336 0.483002
vt 0.215336 0.465663
vt 0.200350 0.483002
vt 0.200350 0.465663
vt 0.185351 0.483002
vt 0.185351 0.465663
vt 0.170339 0.483002
vt 0.170339 0.465663
vt 0.155314 0.483002
vt 0.155314 0.465663
vt 0.140275 0.483002
vt 0.140275 0.465663
vt 0.125222 0.483002
vt 0.125222 0.465663
vt 0.454459 0.448519
vt 0.454459 0.463013
vt 0.439766 0.463013
vt 0.439766 0.448519
vt 0.260344 0.448519
vt 0.260344 0.463013
vt 0.245329 0.463013
vt 0.245329 0.448519
vt 0.064860 0.448519
vt 0.064860 0.463013
vt 0.049728 0.463013
vt 0.049728 0.448519
vt 0.469000 0.448519
vt 0.469000 0.463013
vt 0.275354 0.448519
vt 0.275354 0.463013
vt 0.079975 0.448519
vt 0.079975 0.463013
vt 0.484666 0.448519
vt 0.484666 0.463013
vt 0.290357 0.448519
vt 0.290357 0.463013
vt 0.095073 0.448519
vt 0.095073 0.463013
vt 0.305354 0.448519
vt 0.305354 0.463013
vt 0.110155 0.448519
vt 0.110155 0.463013
vt 0.320343 0.448519
vt 0.320343 0.463013
vt 0.125222 0.448519
vt 0.125222 0.463013
vt 0.335325 0.448519
vt 0.335325 0.463013
vt 0.140275 0.448519
vt 0.140275 0.463013
vt 0.350299 0.448519
vt 0.350299 0.463013
vt 0.155314 0.448519
vt 0.155314 0.463013
vt 0.365266 0.448519
vt 0.365266 0.463013
vt 0.170339 0.448519
vt 0.170339 0.463013
vt 0.380225 0.448519
vt 0.380225 0.463013
vt 0.185351 0.448519
vt 0.185351 0.463013
vt 0.395177 0.448519
vt 0.395177 0.463013
vt 0.200350 0.448519
vt 0.200350 0.463013
vt 0.004227 0.463013
vt 0.004227 0.448519
vt 0.019407 0.441717
vt 0.004227 0.441717
vt 0.004227 0.423826
vt 0.019407 0.423826
vt 0.230309 0.421529
vt 0.215336 0.421529
vt 0.439766 0.441717
vt 0.424966 0.441717
vt 0.424966 0.423826
vt 0.439766 0.423826
vt 0.454459 0.441717
vt 0.454459 0.423826
vt 0.260344 0.486362
vt 0.245329 0.441717
vt 0.230309 0.441717
vt 0.230309 0.423826
vt 0.245329 0.423826
vt 0.260344 0.441717
vt 0.260344 0.423826
vt 0.275354 0.486362
vt 0.049728 0.441717
vt 0.034578 0.441717
vt 0.034578 0.423826
vt 0.049728 0.423826
vt 0.064860 0.441717
vt 0.064860 0.423826
vt 0.290357 0.486362
vt 0.469000 0.441717
vt 0.469000 0.423826
vt 0.305354 0.486362
vt 0.275354 0.441717
vt 0.275354 0.423826
vt 0.320343 0.486362
vt 0.079975 0.441717
vt 0.079975 0.423826
vt 0.335325 0.486362
vt 0.484666 0.441717
vt 0.484666 0.423826
vt 0.350299 0.486362
vt 0.290357 0.441717
vt 0.290357 0.423826
vt 0.365266 0.486362
vt 0.095073 0.441717
vt 0.095073 0.423826
vt 0.305354 0.441717
vt 0.305354 0.423826
vt 0.410122 0.486362
vt 0.110155 0.441717
vt 0.110155 0.423826
vt 0.424966 0.486362
vt 0.034578 0.421529
vt 0.484666 0.486362
vt 0.201066 0.010678
vt 0.201745 0.010678
vt 0.200153 0.044133
vt 0.199507 0.043817
vt 0.921562 0.612157
vt 0.921562 0.417908
vt 0.927997 0.417951
vt 0.927997 0.612157
vt 0.199346 0.056225
vt 0.193441 0.055755
vt 0.193352 0.044133
vt 0.545334 0.097380
vt 0.545533 0.096642
vt 0.545667 0.108950
vt 0.545521 0.108120
vt 0.199424 0.096611
vt 0.193637 0.096876
vt 0.179803 0.055755
vt 0.004227 0.055755
vt 0.004227 0.044133
vt 0.179031 0.044133
vt 0.180429 0.108640
vt 0.004227 0.108640
vt 0.004227 0.096876
vt 0.180284 0.096876
vt 0.931101 0.612157
vt 0.931101 0.418027
vt 0.941295 0.418428
vt 0.941295 0.612157
vt 0.176306 0.010678
vt 0.177067 0.010678
vt 0.179693 0.044133
vt 0.190317 0.096876
vt 0.192938 0.096876
vt 0.192996 0.108640
vt 0.190317 0.108640
vt 0.194865 0.010678
vt 0.977568 0.811961
vt 0.968916 0.811961
vt 0.968916 0.806203
vt 0.977568 0.806468
vt 0.977676 0.612126
vt 0.977676 0.805935
vt 0.968858 0.805635
vt 0.968858 0.612126
vt 0.950855 0.418478
vt 0.950855 0.612157
vt 0.944416 0.612157
vt 0.944416 0.418520
vt 0.931233 0.412321
vt 0.941235 0.412321
vt 0.941235 0.417769
vt 0.931233 0.417413
vt 0.200153 0.055755
vt 0.200153 0.096876
vt 0.987220 0.612126
vt 0.987220 0.805998
vt 0.980785 0.805954
vt 0.980785 0.612126
vt 0.180797 0.152265
vt 0.004227 0.152265
vt 0.180978 0.096876
vt 0.180483 0.055755
vt 0.189589 0.055755
vt 0.189732 0.096876
vt 0.189304 0.044133
vt 0.189800 0.108640
vt 0.190028 0.152265
vt 0.181436 0.152265
vt 0.181172 0.108640
vt 0.190317 0.055755
vt 0.192770 0.055755
vt 0.186938 0.010678
vt 0.193041 0.152265
vt 0.190317 0.152265
vt 0.200153 0.152265
vt 0.199332 0.152026
vt 0.199369 0.108967
vt 0.200153 0.108640
vt 0.190317 0.044133
vt 0.192677 0.044133
vt 0.193697 0.152265
vt 0.193732 0.108640
vt 0.202216 0.006258
vt 0.204617 0.004227
vt 0.371156 0.004227
vt 0.372274 0.006258
vt 0.190317 0.010678
vt 0.194277 0.010678
vt 0.959310 0.805637
vt 0.959310 0.612126
vt 0.965744 0.612125
vt 0.965744 0.805594
vt 0.544826 0.010678
vt 0.545627 0.043911
vt 0.544935 0.044133
vt 0.543659 0.010678
vt 0.927997 0.805844
vt 0.921562 0.805844
vt 0.545401 0.044599
vt 0.545649 0.056155
vt 0.545440 0.055376
vt 0.541794 0.004227
vt 0.551687 0.004227
vt 0.551637 0.006258
vt 0.544386 0.006258
vt 0.551467 0.055755
vt 0.551170 0.096876
vt 0.565146 0.055755
vt 0.565649 0.044133
vt 0.735070 0.044133
vt 0.735070 0.055755
vt 0.563777 0.108640
vt 0.563928 0.096876
vt 0.735070 0.096876
vt 0.735070 0.108640
vt 0.941295 0.805844
vt 0.931101 0.805844
vt 0.564738 0.044133
vt 0.565392 0.010678
vt 0.566643 0.010678
vt 0.554452 0.096876
vt 0.554452 0.108640
vt 0.551757 0.108640
vt 0.551723 0.096876
vt 0.551338 0.010678
vt 0.551681 0.044133
vt 0.977587 0.412321
vt 0.977587 0.417825
vt 0.968936 0.417825
vt 0.968936 0.412321
vt 0.968858 0.418438
vt 0.977676 0.418438
vt 0.950855 0.805844
vt 0.944416 0.805844
vt 0.931223 0.811961
vt 0.931223 0.806468
vt 0.941224 0.806468
vt 0.941224 0.811961
vt 0.544935 0.055755
vt 0.544935 0.096876
vt 0.980785 0.418438
vt 0.987220 0.418438
vt 0.564188 0.152265
vt 0.563366 0.152265
vt 0.563010 0.108640
vt 0.563148 0.096876
vt 0.554621 0.096876
vt 0.555287 0.055755
vt 0.564216 0.055755
vt 0.555591 0.044133
vt 0.554919 0.152265
vt 0.554625 0.108640
vt 0.552131 0.055755
vt 0.554452 0.055755
vt 0.555785 0.010678
vt 0.554452 0.152265
vt 0.551908 0.152265
vt 0.545672 0.152135
vt 0.544935 0.152265
vt 0.544935 0.108640
vt 0.554452 0.044133
vt 0.552333 0.044133
vt 0.551176 0.108640
vt 0.551251 0.152265
vt 0.543190 0.006258
vt 0.373396 0.004227
vt 0.540795 0.004227
vt 0.552085 0.010678
vt 0.554452 0.010678
vt 0.959310 0.418438
vt 0.965744 0.418438
vt 0.199830 0.256015
vt 0.199444 0.220508
vt 0.200153 0.220342
vt 0.200636 0.256015
vt 0.921562 0.204063
vt 0.927998 0.204063
vt 0.927998 0.397750
vt 0.921562 0.397750
vt 0.199763 0.219783
vt 0.199366 0.207722
vt 0.199467 0.208615
vt 0.193421 0.208179
vt 0.193768 0.164278
vt 0.199526 0.164641
vt 0.179832 0.208179
vt 0.179209 0.220342
vt 0.004227 0.220342
vt 0.004227 0.208179
vt 0.180679 0.164278
vt 0.004227 0.164278
vt 0.931101 0.204063
vt 0.941347 0.204063
vt 0.941347 0.397750
vt 0.931101 0.397750
vt 0.179832 0.220342
vt 0.179028 0.256015
vt 0.178145 0.256015
vt 0.190317 0.164278
vt 0.193157 0.164278
vt 0.193353 0.256015
vt 0.193228 0.220342
vt 0.968995 0.403867
vt 0.968995 0.398364
vt 0.977645 0.398364
vt 0.977645 0.403867
vt 0.968905 0.204063
vt 0.977724 0.204063
vt 0.977724 0.397750
vt 0.968905 0.397750
vt 0.950907 0.397750
vt 0.944468 0.397750
vt 0.944468 0.204063
vt 0.950907 0.204063
vt 0.931224 0.403867
vt 0.931224 0.398375
vt 0.941276 0.398375
vt 0.941276 0.403867
vt 0.200153 0.208179
vt 0.200153 0.164278
vt 0.372062 0.164278
vt 0.372062 0.208179
vt 0.959362 0.204063
vt 0.965797 0.204063
vt 0.965797 0.397750
vt 0.959362 0.397750
vt 0.181331 0.164278
vt 0.190091 0.164278
vt 0.189623 0.208179
vt 0.180507 0.208179
vt 0.189224 0.220342
vt 0.541730 0.260194
vt 0.544352 0.258004
vt 0.551249 0.258004
vt 0.551863 0.260194
vt 0.192777 0.208179
vt 0.190317 0.208179
vt 0.188950 0.256015
vt 0.199715 0.163830
vt 0.199522 0.152824
vt 0.190317 0.220342
vt 0.192559 0.220342
vt 0.192619 0.256015
vt 0.190317 0.256015
vt 0.201142 0.258004
vt 0.372461 0.258004
vt 0.371337 0.260507
vt 0.203614 0.260507
vt 0.987272 0.397750
vt 0.980837 0.397750
vt 0.980837 0.204063
vt 0.987272 0.204063
vt 0.544811 0.256015
vt 0.543572 0.256015
vt 0.544935 0.220342
vt 0.545645 0.220342
vt 0.921562 0.009798
vt 0.927998 0.009842
vt 0.545565 0.208179
vt 0.551462 0.208179
vt 0.551793 0.220342
vt 0.545476 0.164674
vt 0.551189 0.164278
vt 0.565104 0.208179
vt 0.735070 0.208179
vt 0.735070 0.220342
vt 0.565656 0.220342
vt 0.735070 0.152265
vt 0.735070 0.164278
vt 0.564161 0.164278
vt 0.931101 0.009920
vt 0.941347 0.010323
vt 0.566721 0.255342
vt 0.565475 0.255342
vt 0.564764 0.220342
vt 0.554452 0.164278
vt 0.551751 0.164278
vt 0.551160 0.256015
vt 0.969014 0.004227
vt 0.977665 0.004227
vt 0.977665 0.009985
vt 0.969014 0.009720
vt 0.968905 0.010253
vt 0.977724 0.010553
vt 0.950907 0.010375
vt 0.944468 0.010417
vt 0.931234 0.004227
vt 0.941287 0.004227
vt 0.941287 0.009662
vt 0.931234 0.009302
vt 0.544935 0.208179
vt 0.544935 0.164278
vt 0.959362 0.010190
vt 0.965797 0.010234
vt 0.563334 0.164278
vt 0.564171 0.208179
vt 0.555194 0.208179
vt 0.554714 0.164278
vt 0.555592 0.220342
vt 0.554452 0.208179
vt 0.552083 0.208179
vt 0.555821 0.255342
vt 0.554452 0.220342
vt 0.552447 0.220342
vt 0.554452 0.255342
vt 0.552012 0.255355
vt 0.543124 0.258004
vt 0.540721 0.260194
vt 0.373580 0.260194
vt 0.987272 0.010551
vt 0.980837 0.010594
vt 0.202943 0.260507
vt 0.193116 0.260507
vt 0.193088 0.258004
vt 0.200317 0.258004
vt 0.968374 0.806030
vt 0.978110 0.806352
vt 0.941869 0.417977
vt 0.930616 0.417543
vt 0.199461 0.055395
vt 0.199760 0.044534
vt 0.199624 0.108193
vt 0.199658 0.097333
vt 0.187133 0.006258
vt 0.194630 0.006258
vt 0.968389 0.417957
vt 0.978124 0.417981
vt 0.941861 0.806177
vt 0.930608 0.806424
vt 0.555233 0.006258
vt 0.978193 0.398231
vt 0.968458 0.398208
vt 0.941917 0.398078
vt 0.930607 0.398334
vt 0.189266 0.258004
vt 0.978207 0.010158
vt 0.968472 0.009836
vt 0.941924 0.009870
vt 0.930614 0.009432
vt 0.545425 0.208520
vt 0.545368 0.219773
vt 0.545395 0.152801
vt 0.545380 0.163924
vt 0.555573 0.258004
vt 0.201459 0.006258
vt 0.941869 0.412321
vt 0.978110 0.811961
vt 0.930616 0.412321
vt 0.968374 0.811961
vt 0.177662 0.006258
vt 0.192067 0.006258
vt 0.004227 0.010678
vt 0.004227 0.006258
vt 0.176827 0.006258
vt 0.941861 0.811961
vt 0.978124 0.412321
vt 0.930608 0.811961
vt 0.968389 0.412321
vt 0.564793 0.006258
vt 0.566072 0.006258
vt 0.735070 0.006258
vt 0.735070 0.010678
vt 0.941917 0.403867
vt 0.968458 0.403867
vt 0.930607 0.403867
vt 0.978193 0.403867
vt 0.179669 0.258004
vt 0.190092 0.258004
vt 0.178762 0.258004
vt 0.004227 0.258004
vt 0.004227 0.256015
vt 0.941924 0.004227
vt 0.968472 0.004227
vt 0.930614 0.004227
vt 0.978207 0.004227
vt 0.564902 0.258004
vt 0.552716 0.260194
vt 0.735070 0.255342
vt 0.735070 0.258004
vt 0.566177 0.258004
vt 0.203916 0.004227
vt 0.194547 0.004227
vt 0.372460 0.256015
vt 0.372276 0.010678
vt 0.372062 0.220342
vt 0.372062 0.108640
vt 0.372062 0.152265
vt 0.372062 0.055755
vt 0.372062 0.096876
vt 0.372062 0.044133
vt 0.793046 0.539144
vt 0.793046 0.522987
vt 0.798323 0.523023
vt 0.798323 0.539122
vt 0.810681 0.472387
vt 0.805217 0.472548
vt 0.805217 0.457299
vt 0.810681 0.456904
vt 0.787467 0.491871
vt 0.791751 0.491762
vt 0.791751 0.507963
vt 0.787467 0.508077
vt 0.787467 0.539908
vt 0.791751 0.539271
vt 0.791751 0.552800
vt 0.787467 0.545272
vt 0.805217 0.540000
vt 0.805217 0.523208
vt 0.810681 0.523345
vt 0.810681 0.540233
vt 0.810681 0.544161
vt 0.805217 0.543810
vt 0.799629 0.491842
vt 0.799629 0.473280
vt 0.803981 0.472694
vt 0.803981 0.492026
vt 0.803981 0.456853
vt 0.799629 0.457064
vt 0.799629 0.452256
vt 0.803981 0.452019
vt 0.799629 0.458074
vt 0.803981 0.457873
vt 0.799629 0.539253
vt 0.803981 0.539850
vt 0.803981 0.545323
vt 0.799629 0.552849
vt 0.793046 0.491734
vt 0.798323 0.491800
vt 0.798323 0.507895
vt 0.793046 0.507937
vt 0.799629 0.507959
vt 0.803981 0.508182
vt 0.803981 0.523169
vt 0.799629 0.523048
vt 0.805217 0.492061
vt 0.810681 0.492078
vt 0.810681 0.508371
vt 0.805217 0.508228
vt 0.791751 0.522997
vt 0.787467 0.523072
vt 0.793046 0.473355
vt 0.798323 0.473364
vt 0.791751 0.473226
vt 0.787467 0.472629
vt 0.787467 0.457086
vt 0.791751 0.457355
vt 0.613656 0.303024
vt 0.604448 0.303176
vt 0.604448 0.279970
vt 0.613656 0.279235
vt 0.793046 0.457413
vt 0.798323 0.457626
vt 0.615312 0.581550
vt 0.615312 0.470457
vt 0.627285 0.469458
vt 0.627285 0.581731
vt 0.591055 0.468497
vt 0.591055 0.437550
vt 0.602882 0.437873
vt 0.602882 0.470259
vt 0.604448 0.470388
vt 0.604448 0.437916
vt 0.613656 0.437952
vt 0.613656 0.470541
vt 0.579588 0.468348
vt 0.579588 0.437662
vt 0.589540 0.437512
vt 0.589540 0.468376
vt 0.579588 0.581355
vt 0.589540 0.581339
vt 0.627285 0.437690
vt 0.615312 0.437928
vt 0.615312 0.406082
vt 0.627285 0.406333
vt 0.591055 0.377734
vt 0.591055 0.350257
vt 0.602882 0.350448
vt 0.602882 0.378518
vt 0.604448 0.406092
vt 0.604448 0.378577
vt 0.613656 0.378457
vt 0.613656 0.406070
vt 0.604448 0.581417
vt 0.613656 0.581527
vt 0.591055 0.581340
vt 0.602882 0.581399
vt 0.579588 0.377458
vt 0.579588 0.350300
vt 0.589540 0.350239
vt 0.589540 0.377655
vt 0.604448 0.326048
vt 0.613656 0.325993
vt 0.615312 0.378393
vt 0.627285 0.377549
vt 0.591055 0.406451
vt 0.602882 0.406108
vt 0.604448 0.350464
vt 0.613656 0.350448
vt 0.589540 0.304020
vt 0.579588 0.303942
vt 0.579588 0.280186
vt 0.589540 0.280686
vt 0.579588 0.406383
vt 0.589540 0.406461
vt 0.627285 0.350179
vt 0.615312 0.350428
vt 0.615312 0.325988
vt 0.627285 0.325959
vt 0.591055 0.326019
vt 0.602882 0.326046
vt 0.579588 0.326229
vt 0.589540 0.326033
vt 0.602882 0.270312
vt 0.602882 0.279429
vt 0.591055 0.280086
vt 0.591055 0.270828
vt 0.627285 0.303566
vt 0.615312 0.303040
vt 0.615312 0.279190
vt 0.627285 0.278839
vt 0.825951 0.465991
vt 0.825951 0.450788
vt 0.831247 0.450738
vt 0.831247 0.466016
vt 0.602882 0.303261
vt 0.591055 0.303995
vt 0.591055 0.281218
vt 0.602882 0.280581
vt 0.831247 0.531804
vt 0.831247 0.547546
vt 0.825951 0.547790
vt 0.825951 0.531827
vt 0.843550 0.532705
vt 0.843550 0.548116
vt 0.838159 0.547746
vt 0.838159 0.532555
vt 0.820356 0.513289
vt 0.820356 0.497070
vt 0.824648 0.497185
vt 0.824648 0.513394
vt 0.820356 0.465222
vt 0.820356 0.459857
vt 0.824648 0.452329
vt 0.824648 0.465863
vt 0.838159 0.465142
vt 0.843550 0.464912
vt 0.843550 0.481807
vt 0.838159 0.481941
vt 0.838159 0.461330
vt 0.843550 0.460982
vt 0.832493 0.513300
vt 0.836884 0.513133
vt 0.836884 0.532422
vt 0.832493 0.531895
vt 0.836884 0.548205
vt 0.836884 0.553064
vt 0.832493 0.552869
vt 0.832493 0.548106
vt 0.836884 0.547211
vt 0.832493 0.547082
vt 0.832493 0.465886
vt 0.832493 0.452284
vt 0.836884 0.459815
vt 0.836884 0.465291
vt 0.825951 0.513420
vt 0.825951 0.497211
vt 0.831247 0.497255
vt 0.831247 0.513344
vt 0.832493 0.497191
vt 0.832493 0.482098
vt 0.836884 0.481979
vt 0.836884 0.496970
vt 0.838159 0.513094
vt 0.838159 0.496924
vt 0.843550 0.496785
vt 0.843550 0.513076
vt 0.825951 0.482154
vt 0.831247 0.482122
vt 0.820356 0.482067
vt 0.824648 0.482144
vt 0.824648 0.531956
vt 0.824648 0.547856
vt 0.820356 0.548146
vt 0.820356 0.532566
vt 0.652756 0.303245
vt 0.652756 0.279467
vt 0.662091 0.280148
vt 0.662091 0.303368
vt 0.651115 0.581623
vt 0.639125 0.581757
vt 0.639125 0.469605
vt 0.651115 0.470620
vt 0.675502 0.468689
vt 0.663536 0.470429
vt 0.663536 0.438059
vt 0.675502 0.437743
vt 0.662091 0.470562
vt 0.652756 0.470699
vt 0.652756 0.438134
vt 0.662091 0.438103
vt 0.686836 0.468554
vt 0.676830 0.468564
vt 0.676830 0.437704
vt 0.686836 0.437858
vt 0.686836 0.581536
vt 0.676830 0.581483
vt 0.639125 0.437872
vt 0.639125 0.406520
vt 0.651115 0.406269
vt 0.651115 0.438111
vt 0.662091 0.378760
vt 0.652756 0.378641
vt 0.652756 0.350626
vt 0.662091 0.350636
vt 0.662091 0.406277
vt 0.652756 0.406256
vt 0.662091 0.581525
vt 0.652756 0.581595
vt 0.675502 0.581491
vt 0.663536 0.581501
vt 0.686836 0.377641
vt 0.676830 0.377837
vt 0.676830 0.350413
vt 0.686836 0.350475
vt 0.663536 0.303440
vt 0.663536 0.280722
vt 0.675502 0.281155
vt 0.675502 0.303995
vt 0.675502 0.377916
vt 0.663536 0.378701
vt 0.663536 0.350618
vt 0.675502 0.350432
vt 0.675502 0.406637
vt 0.663536 0.406294
vt 0.639125 0.377735
vt 0.651115 0.378577
vt 0.676830 0.304013
vt 0.676830 0.280586
vt 0.686836 0.280009
vt 0.686836 0.303895
vt 0.686836 0.406569
vt 0.676831 0.406647
vt 0.639125 0.350368
vt 0.639125 0.326171
vt 0.651115 0.326167
vt 0.651115 0.350607
vt 0.663536 0.326176
vt 0.675502 0.326178
vt 0.676831 0.326190
vt 0.686836 0.326370
vt 0.663536 0.270356
vt 0.675502 0.270890
vt 0.675502 0.280007
vt 0.663536 0.279589
vt 0.652756 0.326170
vt 0.662091 0.326182
vt 0.639125 0.303838
vt 0.639125 0.279146
vt 0.651115 0.279429
vt 0.651115 0.303267
vt 0.758710 0.466399
vt 0.758710 0.450784
vt 0.764236 0.450738
vt 0.764236 0.466453
vt 0.764236 0.531745
vt 0.764236 0.547747
vt 0.758710 0.547989
vt 0.758710 0.531808
vt 0.776543 0.532437
vt 0.776543 0.548168
vt 0.771024 0.547855
vt 0.771024 0.532410
vt 0.753139 0.513300
vt 0.753139 0.497300
vt 0.757407 0.497448
vt 0.757407 0.513432
vt 0.753139 0.465670
vt 0.753139 0.460228
vt 0.757407 0.452375
vt 0.757407 0.466271
vt 0.771024 0.465709
vt 0.776543 0.465728
vt 0.776543 0.482534
vt 0.771024 0.482559
vt 0.771024 0.461761
vt 0.776543 0.461770
vt 0.765462 0.513367
vt 0.769822 0.513199
vt 0.769822 0.532290
vt 0.765462 0.531829
vt 0.769822 0.548348
vt 0.769822 0.553336
vt 0.765462 0.553204
vt 0.765462 0.548305
vt 0.769822 0.547329
vt 0.765462 0.547255
vt 0.765462 0.466332
vt 0.765462 0.452336
vt 0.769822 0.460153
vt 0.769822 0.465825
vt 0.758710 0.513464
vt 0.758710 0.497485
vt 0.764236 0.497573
vt 0.764236 0.513410
vt 0.765462 0.497523
vt 0.765462 0.482636
vt 0.769822 0.482576
vt 0.769822 0.497342
vt 0.771024 0.513155
vt 0.771024 0.497307
vt 0.776543 0.497181
vt 0.776543 0.513111
vt 0.758710 0.482626
vt 0.764236 0.482644
vt 0.753139 0.482536
vt 0.757407 0.482612
vt 0.757407 0.531935
vt 0.757407 0.548055
vt 0.753139 0.548317
vt 0.753139 0.532529
vt 0.710604 0.303245
vt 0.710604 0.279467
vt 0.719939 0.280148
vt 0.719939 0.303367
vt 0.708963 0.581623
vt 0.696973 0.581757
vt 0.696973 0.469604
vt 0.708963 0.470620
vt 0.733350 0.468688
vt 0.721384 0.470429
vt 0.721384 0.438059
vt 0.733350 0.437742
vt 0.719939 0.470562
vt 0.710604 0.470699
vt 0.710604 0.438134
vt 0.719939 0.438103
vt 0.744684 0.468554
vt 0.734679 0.468563
vt 0.734679 0.437704
vt 0.744684 0.437858
vt 0.744684 0.581536
vt 0.734679 0.581483
vt 0.696973 0.437872
vt 0.696973 0.406520
vt 0.708963 0.406268
vt 0.708963 0.438110
vt 0.719939 0.378760
vt 0.710604 0.378641
vt 0.710604 0.350626
vt 0.719939 0.350635
vt 0.719939 0.406277
vt 0.710604 0.406256
vt 0.719939 0.581525
vt 0.710604 0.581595
vt 0.733350 0.581491
vt 0.721384 0.581501
vt 0.744684 0.377640
vt 0.734679 0.377837
vt 0.734679 0.350413
vt 0.744684 0.350475
vt 0.721384 0.303439
vt 0.721384 0.280722
vt 0.733350 0.281155
vt 0.733350 0.303995
vt 0.733350 0.377916
vt 0.721384 0.378701
vt 0.721384 0.350618
vt 0.733350 0.350432
vt 0.733350 0.406637
vt 0.721384 0.406294
vt 0.696973 0.377735
vt 0.708963 0.378577
vt 0.734679 0.304013
vt 0.734679 0.280586
vt 0.744684 0.280009
vt 0.744684 0.303895
vt 0.744684 0.406569
vt 0.734679 0.406647
vt 0.696973 0.350368
vt 0.696973 0.326171
vt 0.708963 0.326167
vt 0.708963 0.350607
vt 0.721384 0.326176
vt 0.733350 0.326178
vt 0.734679 0.326189
vt 0.744684 0.326370
vt 0.721384 0.270356
vt 0.733350 0.270890
vt 0.733350 0.280006
vt 0.721384 0.279589
vt 0.710604 0.326169
vt 0.719939 0.326181
vt 0.696973 0.303838
vt 0.696973 0.279146
vt 0.708963 0.279429
vt 0.708963 0.303267
vt 0.827586 0.917048
vt 0.836234 0.916969
vt 0.836234 0.941790
vt 0.827586 0.941711
vt 0.827586 0.891418
vt 0.836234 0.891395
vt 0.855756 0.812660
vt 0.847003 0.812729
vt 0.847003 0.788286
vt 0.855756 0.787761
vt 0.818812 0.842986
vt 0.825542 0.842774
vt 0.825542 0.868008
vt 0.818812 0.868239
vt 0.818812 0.918193
vt 0.825542 0.917248
vt 0.825542 0.939198
vt 0.818812 0.926790
vt 0.847003 0.918150
vt 0.847003 0.891535
vt 0.855756 0.891580
vt 0.855756 0.918125
vt 0.855756 0.924378
vt 0.847003 0.924386
vt 0.838247 0.842856
vt 0.838247 0.813766
vt 0.845023 0.812939
vt 0.845023 0.843144
vt 0.845023 0.787524
vt 0.838247 0.787770
vt 0.838247 0.779968
vt 0.845023 0.779700
vt 0.838247 0.789404
vt 0.845023 0.789176
vt 0.838247 0.917160
vt 0.845023 0.917965
vt 0.845023 0.926925
vt 0.838247 0.939267
vt 0.827586 0.842721
vt 0.836234 0.842791
vt 0.836234 0.867815
vt 0.827586 0.867950
vt 0.838247 0.867896
vt 0.845023 0.868185
vt 0.845023 0.891508
vt 0.838247 0.891410
vt 0.847003 0.843206
vt 0.855756 0.843272
vt 0.855756 0.868443
vt 0.847003 0.868239
vt 0.825542 0.891439
vt 0.818812 0.891556
vt 0.827586 0.813813
vt 0.836234 0.813886
vt 0.825542 0.813613
vt 0.818812 0.812696
vt 0.818812 0.787839
vt 0.825542 0.788223
vt 0.517332 0.709158
vt 0.531874 0.708918
vt 0.531874 0.745565
vt 0.517332 0.746727
vt 0.827586 0.788315
vt 0.836234 0.788651
vt 0.514718 0.269304
vt 0.514718 0.444744
vt 0.495810 0.446321
vt 0.495810 0.269017
vt 0.553025 0.447839
vt 0.553025 0.496711
vt 0.534348 0.496202
vt 0.534348 0.445056
vt 0.531874 0.444853
vt 0.531874 0.496133
vt 0.517332 0.496077
vt 0.517332 0.444611
vt 0.571134 0.448075
vt 0.571134 0.496534
vt 0.555417 0.496772
vt 0.555417 0.448030
vt 0.571134 0.269611
vt 0.555417 0.269637
vt 0.495810 0.496490
vt 0.514718 0.496114
vt 0.514718 0.546406
vt 0.495810 0.546009
vt 0.553025 0.591174
vt 0.553025 0.634567
vt 0.534348 0.634265
vt 0.534348 0.589936
vt 0.531874 0.546391
vt 0.531874 0.589842
vt 0.517332 0.590033
vt 0.517332 0.546426
vt 0.531874 0.269513
vt 0.517332 0.269339
vt 0.553025 0.269635
vt 0.534348 0.269542
vt 0.571134 0.591610
vt 0.571134 0.634498
vt 0.555417 0.634595
vt 0.555417 0.591299
vt 0.531874 0.672798
vt 0.517332 0.672884
vt 0.514718 0.590134
vt 0.495810 0.591466
vt 0.553025 0.545824
vt 0.534348 0.546365
vt 0.531874 0.634240
vt 0.517332 0.634265
vt 0.555417 0.707586
vt 0.571134 0.707708
vt 0.571134 0.745225
vt 0.555417 0.744435
vt 0.571134 0.545931
vt 0.555417 0.545807
vt 0.495810 0.634690
vt 0.514718 0.634297
vt 0.514718 0.672893
vt 0.495810 0.672939
vt 0.553025 0.672844
vt 0.534348 0.672801
vt 0.571134 0.672512
vt 0.555417 0.672822
vt 0.534348 0.760817
vt 0.534348 0.746419
vt 0.553025 0.745382
vt 0.553025 0.760003
vt 0.495810 0.708301
vt 0.514718 0.709133
vt 0.514718 0.746797
vt 0.495810 0.747352
vt 0.534348 0.708785
vt 0.553025 0.707625
vt 0.553025 0.743595
vt 0.534348 0.744601
vt 0.805217 0.451724
vt 0.803547 0.450738
vt 0.798323 0.452171
vt 0.798932 0.451067
vt 0.604448 0.270069
vt 0.602985 0.268962
vt 0.589540 0.270692
vt 0.590234 0.269550
vt 0.838159 0.553349
vt 0.836609 0.554392
vt 0.831247 0.552971
vt 0.831975 0.554020
vt 0.662091 0.270118
vt 0.663352 0.268962
vt 0.676830 0.270739
vt 0.676075 0.269655
vt 0.771024 0.553607
vt 0.769686 0.554697
vt 0.764236 0.553328
vt 0.764918 0.554392
vt 0.719939 0.270118
vt 0.721200 0.268962
vt 0.734679 0.270739
vt 0.733923 0.269655
vt 0.847003 0.779256
vt 0.844669 0.777628
vt 0.836234 0.779795
vt 0.837183 0.778032
vt 0.531874 0.761201
vt 0.534185 0.762950
vt 0.555417 0.760218
vt 0.554322 0.762021
vt 0.786242 0.472500
vt 0.786242 0.457013
vt 0.786242 0.508096
vt 0.786242 0.491879
vt 0.786242 0.523092
vt 0.786242 0.540064
vt 0.786242 0.543807
vt 0.793046 0.554341
vt 0.798323 0.554394
vt 0.628988 0.469389
vt 0.628988 0.581766
vt 0.628988 0.406336
vt 0.628988 0.437674
vt 0.628988 0.377457
vt 0.628988 0.325967
vt 0.628988 0.350154
vt 0.628988 0.303610
vt 0.628988 0.278831
vt 0.819136 0.548223
vt 0.819136 0.532699
vt 0.819136 0.513282
vt 0.819136 0.497050
vt 0.819136 0.482046
vt 0.819136 0.465066
vt 0.819136 0.461322
vt 0.637442 0.581799
vt 0.637442 0.469540
vt 0.637442 0.437856
vt 0.637442 0.406522
vt 0.637442 0.377644
vt 0.637442 0.350344
vt 0.637442 0.326182
vt 0.637442 0.303887
vt 0.637442 0.279144
vt 0.777787 0.532350
vt 0.777787 0.548206
vt 0.777787 0.497207
vt 0.777787 0.513130
vt 0.777787 0.482546
vt 0.777787 0.465864
vt 0.777787 0.460136
vt 0.695291 0.581799
vt 0.695291 0.469540
vt 0.695291 0.437856
vt 0.695291 0.406522
vt 0.695291 0.377644
vt 0.695291 0.350344
vt 0.695291 0.326182
vt 0.695291 0.303887
vt 0.695291 0.279144
vt 0.857707 0.787697
vt 0.857707 0.812793
vt 0.857707 0.843242
vt 0.857707 0.868402
vt 0.857707 0.891562
vt 0.857707 0.917911
vt 0.857707 0.926959
vt 0.493120 0.446431
vt 0.493120 0.268962
vt 0.493120 0.546005
vt 0.493120 0.496516
vt 0.493120 0.591611
vt 0.493120 0.672926
vt 0.493120 0.634730
vt 0.493120 0.708233
vt 0.493120 0.747365
vt 0.783738 0.004227
vt 0.745482 0.004227
vt 0.745482 0.037503
vt 0.783738 0.037503
vt 0.823996 0.180292
vt 0.823996 0.147306
vt 0.785654 0.147306
vt 0.785654 0.180292
vt 0.744872 0.004227
vt 0.744135 0.004227
vt 0.744135 0.037503
vt 0.744872 0.037503
vt 0.782180 0.189327
vt 0.781494 0.189338
vt 0.780526 0.212202
vt 0.781302 0.212204
vt 0.818796 0.268962
vt 0.795426 0.268962
vt 0.795426 0.300636
vt 0.818796 0.300636
vt 0.833780 0.442283
vt 0.833780 0.410629
vt 0.818796 0.410629
vt 0.818796 0.442283
vt 0.781505 0.226835
vt 0.782181 0.226847
vt 0.833780 0.268962
vt 0.833780 0.300636
vt 0.770166 0.268962
vt 0.755089 0.268962
vt 0.755089 0.300636
vt 0.770166 0.300636
vt 0.898124 0.004227
vt 0.874757 0.004227
vt 0.874757 0.034136
vt 0.898124 0.034136
vt 0.913108 0.174534
vt 0.913108 0.144134
vt 0.898124 0.144134
vt 0.898124 0.174534
vt 0.464166 0.793292
vt 0.463390 0.793291
vt 0.464368 0.807919
vt 0.465042 0.807931
vt 0.913108 0.004227
vt 0.913108 0.034136
vt 0.849485 0.004227
vt 0.834398 0.004227
vt 0.834398 0.034136
vt 0.849485 0.034136
vt 0.256538 0.628510
vt 0.233103 0.628510
vt 0.233103 0.662212
vt 0.256538 0.662212
vt 0.271549 0.805837
vt 0.271549 0.772649
vt 0.256538 0.772649
vt 0.256538 0.805837
vt 0.620966 0.786846
vt 0.620190 0.786844
vt 0.621168 0.801479
vt 0.621844 0.801491
vt 0.271549 0.628510
vt 0.271549 0.662212
vt 0.207883 0.628510
vt 0.192869 0.628510
vt 0.192869 0.662212
vt 0.207883 0.662212
vt 0.345700 0.628510
vt 0.322202 0.628510
vt 0.322202 0.661406
vt 0.345700 0.661406
vt 0.360714 0.805551
vt 0.360714 0.771818
vt 0.345700 0.771818
vt 0.345700 0.805551
vt 0.464165 0.699075
vt 0.463389 0.699073
vt 0.464368 0.713706
vt 0.465043 0.713718
vt 0.360714 0.628510
vt 0.360714 0.661406
vt 0.296976 0.628510
vt 0.281966 0.628510
vt 0.281966 0.661406
vt 0.296976 0.661406
vt 0.702121 0.623787
vt 0.718125 0.623787
vt 0.718125 0.660547
vt 0.702121 0.660547
vt 0.655305 0.590253
vt 0.655305 0.623787
vt 0.639413 0.623787
vt 0.639413 0.590253
vt 0.718125 0.590253
vt 0.702121 0.590253
vt 0.545937 0.809449
vt 0.545250 0.809465
vt 0.544591 0.787540
vt 0.545369 0.787539
vt 0.718124 0.697655
vt 0.702121 0.697655
vt 0.823996 0.004227
vt 0.785654 0.004227
vt 0.785654 0.037503
vt 0.823996 0.037503
vt 0.744872 0.180292
vt 0.744872 0.147306
vt 0.744135 0.147306
vt 0.744135 0.180292
vt 0.465043 0.666583
vt 0.464165 0.643705
vt 0.463390 0.643706
vt 0.464357 0.666572
vt 0.783738 0.180292
vt 0.783738 0.147306
vt 0.745482 0.147306
vt 0.745482 0.180292
vt 0.465044 0.629063
vt 0.464369 0.629075
vt 0.754490 0.442283
vt 0.754490 0.410629
vt 0.753754 0.410629
vt 0.753754 0.442283
vt 0.754490 0.268962
vt 0.753754 0.268962
vt 0.753754 0.300636
vt 0.754490 0.300636
vt 0.770166 0.442283
vt 0.770166 0.410629
vt 0.755089 0.410629
vt 0.755089 0.442283
vt 0.795426 0.410629
vt 0.795426 0.442283
vt 0.464165 0.737918
vt 0.465044 0.723278
vt 0.464369 0.723290
vt 0.463390 0.737919
vt 0.833804 0.174534
vt 0.833804 0.144134
vt 0.833067 0.144134
vt 0.833067 0.174534
vt 0.833804 0.004227
vt 0.833067 0.004227
vt 0.833067 0.034136
vt 0.833804 0.034136
vt 0.849485 0.174534
vt 0.849485 0.144134
vt 0.834398 0.144134
vt 0.834398 0.174534
vt 0.874757 0.144134
vt 0.874757 0.174534
vt 0.803656 0.203944
vt 0.804535 0.189300
vt 0.803859 0.189312
vt 0.802880 0.203946
vt 0.192256 0.805837
vt 0.192256 0.772649
vt 0.191522 0.772649
vt 0.191522 0.805837
vt 0.192256 0.628510
vt 0.191522 0.628510
vt 0.191522 0.662212
vt 0.192256 0.662212
vt 0.207883 0.805837
vt 0.207883 0.772649
vt 0.192869 0.772649
vt 0.192869 0.805837
vt 0.233103 0.772649
vt 0.233103 0.805837
vt 0.792478 0.203945
vt 0.793357 0.189300
vt 0.792681 0.189313
vt 0.791703 0.203947
vt 0.281353 0.805551
vt 0.281353 0.771818
vt 0.280619 0.771818
vt 0.280619 0.805551
vt 0.281353 0.628510
vt 0.280619 0.628510
vt 0.280619 0.661406
vt 0.281353 0.661406
vt 0.296976 0.805551
vt 0.296976 0.771818
vt 0.281966 0.771818
vt 0.281966 0.805551
vt 0.322202 0.771818
vt 0.322201 0.805551
vt 0.679558 0.623787
vt 0.679558 0.590253
vt 0.655305 0.769174
vt 0.639413 0.769174
vt 0.639413 0.734526
vt 0.655305 0.734526
vt 0.678963 0.660547
vt 0.678222 0.660547
vt 0.678222 0.623787
vt 0.678963 0.623787
vt 0.678222 0.590253
vt 0.678963 0.590253
vt 0.639413 0.697655
vt 0.655305 0.697655
vt 0.896155 0.763093
vt 0.857905 0.763093
vt 0.857905 0.731027
vt 0.896155 0.731027
vt 0.081107 0.807045
vt 0.081009 0.841513
vt 0.080263 0.841536
vt 0.080318 0.807023
vt 0.856582 0.731027
vt 0.857315 0.731027
vt 0.857315 0.763093
vt 0.856582 0.763093
vt 0.855990 0.763093
vt 0.817663 0.763093
vt 0.817663 0.731027
vt 0.855990 0.731027
vt 0.027314 0.822528
vt 0.026537 0.822529
vt 0.027220 0.806962
vt 0.027898 0.806951
vt 0.387103 0.804953
vt 0.371126 0.804953
vt 0.371126 0.771754
vt 0.387103 0.771754
vt 0.027883 0.844440
vt 0.027196 0.844456
vt 0.409446 0.804953
vt 0.409446 0.771754
vt 0.826285 0.189335
vt 0.825716 0.211248
vt 0.824939 0.211247
vt 0.825598 0.189319
vt 0.433781 0.804953
vt 0.411357 0.804953
vt 0.411357 0.771754
vt 0.433781 0.771754
vt 0.637442 0.856862
vt 0.637442 0.857597
vt 0.669905 0.857597
vt 0.669905 0.856862
vt 0.637442 0.777628
vt 0.637442 0.793555
vt 0.669905 0.793555
vt 0.669905 0.777628
vt 0.049099 0.822698
vt 0.049666 0.806965
vt 0.048980 0.806948
vt 0.048323 0.822700
vt 0.810358 0.793555
vt 0.779929 0.793555
vt 0.779929 0.815969
vt 0.810358 0.815969
vt 0.810358 0.840255
vt 0.779929 0.840255
vt 0.779929 0.856259
vt 0.810358 0.856259
vt 0.004227 0.707570
vt 0.004227 0.708303
vt 0.038049 0.708303
vt 0.038049 0.707570
vt 0.004227 0.628510
vt 0.004227 0.644427
vt 0.038049 0.644427
vt 0.038049 0.628510
vt 0.038196 0.822530
vt 0.038779 0.806951
vt 0.038101 0.806963
vt 0.037418 0.822531
vt 0.182452 0.644427
vt 0.148645 0.644427
vt 0.148645 0.666754
vt 0.182452 0.666754
vt 0.182452 0.690982
vt 0.148645 0.690982
vt 0.148645 0.706951
vt 0.182452 0.706951
vt 0.179194 0.718722
vt 0.179194 0.717987
vt 0.146983 0.717987
vt 0.146983 0.718722
vt 0.179195 0.797943
vt 0.179194 0.782020
vt 0.146983 0.782020
vt 0.146983 0.797943
vt 0.534488 0.787535
vt 0.535071 0.771958
vt 0.534394 0.771970
vt 0.533710 0.787536
vt 0.004227 0.782020
vt 0.036922 0.782020
vt 0.036922 0.759598
vt 0.004227 0.759598
vt 0.004227 0.735323
vt 0.036922 0.735323
vt 0.036922 0.719329
vt 0.004227 0.719329
vt 0.727933 0.590253
vt 0.727196 0.590253
vt 0.727196 0.623787
vt 0.727933 0.623787
vt 0.807261 0.590253
vt 0.791257 0.590253
vt 0.791257 0.623787
vt 0.807261 0.623787
vt 0.727933 0.769174
vt 0.727933 0.734526
vt 0.727196 0.734526
vt 0.727196 0.769174
vt 0.791257 0.769174
vt 0.791257 0.734526
vt 0.768695 0.734526
vt 0.768695 0.769174
vt 0.855990 0.590253
vt 0.855990 0.621578
vt 0.817663 0.621578
vt 0.817663 0.590253
vt 0.857315 0.658051
vt 0.856582 0.658051
vt 0.856582 0.621578
vt 0.857315 0.621578
vt 0.370515 0.628510
vt 0.370515 0.661492
vt 0.369780 0.661492
vt 0.369780 0.628510
vt 0.896155 0.590253
vt 0.896155 0.621578
vt 0.857905 0.621578
vt 0.857905 0.590253
vt 0.856582 0.590253
vt 0.857315 0.590253
vt 0.409446 0.628510
vt 0.409446 0.661492
vt 0.387103 0.661492
vt 0.387103 0.628510
vt 0.826300 0.226826
vt 0.825622 0.226814
vt 0.433781 0.628510
vt 0.433781 0.661492
vt 0.411357 0.661492
vt 0.411357 0.628510
vt 0.371126 0.661492
vt 0.371126 0.628510
vt 0.449708 0.804953
vt 0.449708 0.771754
vt 0.559149 0.793907
vt 0.558372 0.793906
vt 0.559055 0.809472
vt 0.559733 0.809484
vt 0.810358 0.777628
vt 0.779929 0.777628
vt 0.810358 0.856862
vt 0.779929 0.856862
vt 0.779929 0.857597
vt 0.810358 0.857597
vt 0.637442 0.840255
vt 0.637442 0.856259
vt 0.669905 0.856259
vt 0.669905 0.840255
vt 0.637442 0.815969
vt 0.669905 0.815969
vt 0.016432 0.828897
vt 0.015655 0.828896
vt 0.016338 0.844463
vt 0.017016 0.844475
vt 0.182452 0.628510
vt 0.148645 0.628510
vt 0.182452 0.707570
vt 0.148645 0.707570
vt 0.148645 0.708303
vt 0.182452 0.708303
vt 0.004227 0.690982
vt 0.004227 0.706951
vt 0.038049 0.706951
vt 0.038049 0.690982
vt 0.004227 0.666754
vt 0.038049 0.666754
vt 0.005552 0.828900
vt 0.004774 0.828899
vt 0.005457 0.844464
vt 0.006135 0.844476
vt 0.004227 0.797943
vt 0.036922 0.797943
vt 0.004227 0.718722
vt 0.036922 0.718722
vt 0.036922 0.717987
vt 0.004227 0.717987
vt 0.179194 0.735323
vt 0.179195 0.719329
vt 0.146983 0.719329
vt 0.146983 0.735323
vt 0.179195 0.759598
vt 0.146983 0.759598
vt 0.814835 0.211248
vt 0.814057 0.211247
vt 0.814740 0.226814
vt 0.815418 0.226826
vt 0.570030 0.787539
vt 0.570613 0.771958
vt 0.569935 0.771971
vt 0.569252 0.787540
vt 0.807261 0.769174
vt 0.807261 0.734526
vt 0.744441 0.769174
vt 0.744441 0.734526
vt 0.728549 0.734526
vt 0.728549 0.769174
vt 0.768695 0.590253
vt 0.768695 0.623787
vt 0.744441 0.590253
vt 0.728549 0.590253
vt 0.728549 0.623787
vt 0.744441 0.623787
vt 0.784325 0.037503
vt 0.785067 0.037503
vt 0.785067 0.004227
vt 0.784325 0.004227
vt 0.785654 0.074097
vt 0.785654 0.110781
vt 0.823996 0.110781
vt 0.823996 0.074097
vt 0.745482 0.110781
vt 0.783738 0.110781
vt 0.678963 0.697655
vt 0.678222 0.697655
vt 0.744135 0.074097
vt 0.744135 0.110781
vt 0.744872 0.110781
vt 0.744872 0.074097
vt 0.345700 0.698092
vt 0.360714 0.698092
vt 0.785067 0.110781
vt 0.785067 0.074097
vt 0.784325 0.074097
vt 0.784325 0.110781
vt 0.728549 0.697655
vt 0.744441 0.697655
vt 0.745482 0.074097
vt 0.783738 0.074097
vt 0.818796 0.374007
vt 0.833780 0.374007
vt 0.795426 0.374007
vt 0.818796 0.337268
vt 0.833780 0.337268
vt 0.794815 0.337268
vt 0.794815 0.300636
vt 0.794096 0.300636
vt 0.794096 0.337268
vt 0.794815 0.374007
vt 0.794096 0.374007
vt 0.770166 0.337268
vt 0.755089 0.337268
vt 0.755089 0.374007
vt 0.770166 0.374007
vt 0.834398 0.107513
vt 0.849485 0.107513
vt 0.793489 0.410629
vt 0.793489 0.374007
vt 0.793489 0.337268
vt 0.793489 0.300636
vt 0.794815 0.410629
vt 0.794096 0.410629
vt 0.898124 0.107513
vt 0.913108 0.107513
vt 0.874757 0.107513
vt 0.898124 0.070773
vt 0.913108 0.070773
vt 0.874143 0.070773
vt 0.874143 0.034136
vt 0.873426 0.034136
vt 0.873426 0.070773
vt 0.849485 0.070773
vt 0.872818 0.070773
vt 0.872818 0.034136
vt 0.874143 0.107513
vt 0.873426 0.107513
vt 0.834398 0.070773
vt 0.872818 0.144134
vt 0.872818 0.107513
vt 0.874143 0.144134
vt 0.873426 0.144134
vt 0.256538 0.735936
vt 0.271549 0.735936
vt 0.233103 0.735936
vt 0.256538 0.699013
vt 0.271549 0.699013
vt 0.232520 0.699013
vt 0.232520 0.662212
vt 0.231773 0.662212
vt 0.231773 0.699013
vt 0.207883 0.699013
vt 0.231193 0.699013
vt 0.231193 0.662212
vt 0.232520 0.735936
vt 0.231773 0.735936
vt 0.191522 0.699013
vt 0.191522 0.735936
vt 0.192256 0.735936
vt 0.192256 0.699013
vt 0.387103 0.698187
vt 0.371126 0.698187
vt 0.192869 0.699013
vt 0.207883 0.735936
vt 0.231193 0.772649
vt 0.231193 0.735936
vt 0.232520 0.772649
vt 0.231773 0.772649
vt 0.345700 0.735045
vt 0.360714 0.735045
vt 0.322201 0.735045
vt 0.321618 0.698092
vt 0.321618 0.661406
vt 0.320871 0.661406
vt 0.320871 0.698092
vt 0.296976 0.698092
vt 0.320293 0.698092
vt 0.320293 0.661406
vt 0.321618 0.735045
vt 0.320871 0.735045
vt 0.280619 0.698092
vt 0.280619 0.735045
vt 0.281353 0.735045
vt 0.281353 0.698092
vt 0.857905 0.694586
vt 0.896155 0.694586
vt 0.281966 0.698092
vt 0.296976 0.735045
vt 0.320293 0.771818
vt 0.320293 0.735045
vt 0.321618 0.771818
vt 0.320871 0.771818
vt 0.678963 0.734526
vt 0.678222 0.734526
vt 0.679558 0.697655
vt 0.702121 0.734526
vt 0.679558 0.734526
vt 0.718124 0.734526
vt 0.638797 0.769174
vt 0.638059 0.769174
vt 0.638059 0.734526
vt 0.638797 0.734526
vt 0.702121 0.769174
vt 0.679558 0.769174
vt 0.677630 0.623787
vt 0.677630 0.660547
vt 0.655305 0.660547
vt 0.192869 0.735936
vt 0.638059 0.660547
vt 0.638797 0.660547
vt 0.638797 0.697655
vt 0.638059 0.697655
vt 0.677630 0.697655
vt 0.677630 0.734526
vt 0.857315 0.694586
vt 0.856582 0.694586
vt 0.855990 0.658051
vt 0.817663 0.658051
vt 0.857905 0.658051
vt 0.896155 0.658051
vt 0.817058 0.763093
vt 0.816321 0.763093
vt 0.816320 0.731027
vt 0.817058 0.731027
vt 0.817663 0.694586
vt 0.855990 0.694586
vt 0.816320 0.621578
vt 0.817058 0.621578
vt 0.817058 0.658051
vt 0.816321 0.658051
vt 0.410769 0.735026
vt 0.410030 0.735026
vt 0.410030 0.698187
vt 0.410769 0.698187
vt 0.706568 0.793555
vt 0.706568 0.777628
vt 0.411357 0.735026
vt 0.433781 0.735026
vt 0.743318 0.793555
vt 0.743318 0.777628
vt 0.743318 0.815969
vt 0.706568 0.816564
vt 0.669905 0.816564
vt 0.669905 0.817294
vt 0.706568 0.817294
vt 0.706568 0.840255
vt 0.706568 0.817890
vt 0.669905 0.817890
vt 0.743318 0.816564
vt 0.743318 0.817294
vt 0.706568 0.856259
vt 0.743318 0.856259
vt 0.743318 0.840255
vt 0.449708 0.735026
vt 0.779929 0.817890
vt 0.743318 0.817890
vt 0.074892 0.644427
vt 0.074892 0.628510
vt 0.779929 0.816564
vt 0.779929 0.817294
vt 0.111811 0.644427
vt 0.111811 0.628510
vt 0.111811 0.666754
vt 0.074892 0.667363
vt 0.038049 0.667363
vt 0.038049 0.668088
vt 0.074892 0.668088
vt 0.074892 0.690982
vt 0.074892 0.668703
vt 0.038049 0.668703
vt 0.111811 0.667363
vt 0.111811 0.668088
vt 0.074892 0.706951
vt 0.111811 0.706951
vt 0.111811 0.690982
vt 0.148645 0.668703
vt 0.111811 0.668703
vt 0.074892 0.708303
vt 0.111811 0.708303
vt 0.111811 0.707570
vt 0.074892 0.707570
vt 0.148645 0.667363
vt 0.148645 0.668088
vt 0.073583 0.782020
vt 0.073583 0.797943
vt 0.073583 0.759598
vt 0.110350 0.782020
vt 0.110350 0.797943
vt 0.110350 0.759006
vt 0.146983 0.759006
vt 0.146983 0.758274
vt 0.110350 0.758274
vt 0.110350 0.735323
vt 0.110350 0.757676
vt 0.146983 0.757676
vt 0.073583 0.759006
vt 0.073583 0.758274
vt 0.110350 0.717987
vt 0.073583 0.717987
vt 0.073583 0.718722
vt 0.110350 0.718722
vt 0.791257 0.660547
vt 0.807261 0.660547
vt 0.110350 0.719329
vt 0.073583 0.735323
vt 0.036922 0.757676
vt 0.073583 0.757676
vt 0.638059 0.623787
vt 0.638797 0.623787
vt 0.036922 0.759006
vt 0.036922 0.758274
vt 0.791257 0.697655
vt 0.807261 0.697655
vt 0.768695 0.697655
vt 0.768100 0.660547
vt 0.768100 0.623787
vt 0.767358 0.623787
vt 0.767358 0.660547
vt 0.744441 0.660547
vt 0.766767 0.660547
vt 0.766767 0.623787
vt 0.768100 0.697655
vt 0.767358 0.697655
vt 0.727196 0.660547
vt 0.727196 0.697655
vt 0.727933 0.697655
vt 0.727933 0.660547
vt 0.728549 0.660547
vt 0.766767 0.734526
vt 0.766767 0.697655
vt 0.768100 0.734526
vt 0.767358 0.734526
vt 0.433781 0.698187
vt 0.449708 0.698187
vt 0.387103 0.735026
vt 0.409446 0.735026
vt 0.449708 0.661492
vt 0.409446 0.698187
vt 0.369780 0.698187
vt 0.370515 0.698187
vt 0.370515 0.735026
vt 0.369780 0.735026
vt 0.817058 0.694586
vt 0.816320 0.694586
vt 0.370515 0.771754
vt 0.369780 0.771754
vt 0.785067 0.147306
vt 0.784325 0.147306
vt 0.069841 0.807044
vt 0.069790 0.841512
vt 0.070522 0.841536
vt 0.070566 0.807024
vt 0.281966 0.735045
vt 0.639413 0.660547
vt 0.679558 0.660547
vt 0.678963 0.769174
vt 0.678222 0.769174
vt 0.638797 0.590253
vt 0.638059 0.590253
vt 0.718124 0.769174
vt 0.677630 0.769174
vt 0.677630 0.590253
vt 0.322202 0.698092
vt 0.320293 0.628510
vt 0.059360 0.841518
vt 0.060085 0.841537
vt 0.060041 0.807025
vt 0.059310 0.807050
vt 0.320871 0.805551
vt 0.321618 0.805551
vt 0.321618 0.628510
vt 0.320871 0.628510
vt 0.817058 0.590253
vt 0.816321 0.590253
vt 0.320293 0.805551
vt 0.233103 0.699013
vt 0.231193 0.628510
vt 0.793356 0.226819
vt 0.792671 0.226808
vt 0.231773 0.805837
vt 0.232520 0.805837
vt 0.232520 0.628510
vt 0.231773 0.628510
vt 0.465043 0.676198
vt 0.464357 0.676209
vt 0.231193 0.805837
vt 0.833067 0.107513
vt 0.833804 0.107513
vt 0.833067 0.070773
vt 0.833804 0.070773
vt 0.874757 0.070773
vt 0.872818 0.004227
vt 0.804534 0.226819
vt 0.803849 0.226808
vt 0.873426 0.174534
vt 0.874143 0.174534
vt 0.874143 0.004227
vt 0.873426 0.004227
vt 0.621843 0.763972
vt 0.621158 0.763983
vt 0.872818 0.174534
vt 0.753754 0.374007
vt 0.754490 0.374007
vt 0.753754 0.337268
vt 0.754490 0.337268
vt 0.795426 0.337268
vt 0.793489 0.268962
vt 0.465043 0.760798
vt 0.464358 0.760787
vt 0.794096 0.442283
vt 0.794815 0.442283
vt 0.794815 0.268962
vt 0.794096 0.268962
vt 0.465028 0.770423
vt 0.464342 0.770407
vt 0.793489 0.442283
vt 0.073583 0.719329
vt 0.768695 0.660547
vt 0.766767 0.769174
vt 0.767358 0.769174
vt 0.768100 0.769174
vt 0.768100 0.590253
vt 0.767358 0.590253
vt 0.449708 0.628510
vt 0.766767 0.590253
vt 0.090687 0.807045
vt 0.091509 0.807024
vt 0.091509 0.841537
vt 0.090687 0.841513
vt 0.110350 0.759598
vt 0.004227 0.757676
vt 0.004227 0.758274
vt 0.004227 0.759006
vt 0.179194 0.759006
vt 0.179194 0.758274
vt 0.570599 0.809449
vt 0.569912 0.809464
vt 0.179194 0.757676
vt 0.815404 0.189335
vt 0.814716 0.189319
vt 0.074892 0.666754
vt 0.182452 0.668703
vt 0.182452 0.668088
vt 0.182452 0.667363
vt 0.004227 0.667363
vt 0.004227 0.668088
vt 0.535057 0.809449
vt 0.534369 0.809465
vt 0.004227 0.668703
vt 0.006121 0.806986
vt 0.005433 0.806970
vt 0.411357 0.698187
vt 0.743318 0.857597
vt 0.743318 0.856862
vt 0.706568 0.857597
vt 0.706568 0.856862
vt 0.706568 0.815969
vt 0.810358 0.817890
vt 0.810358 0.817294
vt 0.810358 0.816564
vt 0.637442 0.816564
vt 0.637442 0.817294
vt 0.038765 0.844440
vt 0.038077 0.844456
vt 0.637442 0.817890
vt 0.017001 0.806985
vt 0.016314 0.806970
vt 0.410769 0.771754
vt 0.410030 0.771754
vt 0.410030 0.661492
vt 0.410769 0.661492
vt 0.371126 0.735026
vt 0.410769 0.804953
vt 0.410030 0.804953
vt 0.559718 0.771993
vt 0.559031 0.771977
vt 0.410030 0.628510
vt 0.410769 0.628510
vt 0.370515 0.804953
vt 0.369780 0.804953
vt 0.049678 0.844325
vt 0.049001 0.844342
vt 0.545274 0.771971
vt 0.545952 0.771958
vt 0.837167 0.189335
vt 0.836598 0.211247
vt 0.835820 0.211246
vt 0.836479 0.189319
vt 0.837181 0.226825
vt 0.836503 0.226813
vt 0.069778 0.806397
vt 0.069239 0.806880
vt 0.071165 0.806884
vt 0.070674 0.806424
vt 0.069139 0.841650
vt 0.069712 0.842164
vt 0.070641 0.842138
vt 0.071165 0.841654
vt 0.465133 0.667135
vt 0.465565 0.666711
vt 0.463798 0.666726
vt 0.464301 0.667164
vt 0.465565 0.628960
vt 0.465145 0.628540
vt 0.463813 0.628944
vt 0.464321 0.628510
vt 0.465132 0.761350
vt 0.465564 0.760925
vt 0.463797 0.760941
vt 0.464301 0.761379
vt 0.465564 0.723175
vt 0.465145 0.722755
vt 0.463813 0.723159
vt 0.464321 0.722725
vt 0.804624 0.227370
vt 0.805056 0.226946
vt 0.803290 0.226961
vt 0.803793 0.227398
vt 0.805056 0.189196
vt 0.804637 0.188776
vt 0.803304 0.189180
vt 0.803812 0.188747
vt 0.793447 0.227370
vt 0.793879 0.226946
vt 0.792112 0.226961
vt 0.792615 0.227398
vt 0.793879 0.189196
vt 0.793460 0.188776
vt 0.792126 0.189181
vt 0.792634 0.188747
vt 0.058758 0.841681
vt 0.059297 0.842164
vt 0.060193 0.842138
vt 0.060684 0.841677
vt 0.059231 0.806397
vt 0.058658 0.806912
vt 0.060684 0.806907
vt 0.060160 0.806423
vt 0.782270 0.188775
vt 0.782701 0.189200
vt 0.781438 0.188747
vt 0.780935 0.189184
vt 0.782282 0.227370
vt 0.782701 0.226950
vt 0.780949 0.226966
vt 0.781457 0.227399
vt 0.465096 0.769833
vt 0.465562 0.770274
vt 0.464265 0.769851
vt 0.463795 0.770273
vt 0.465143 0.808453
vt 0.465562 0.808033
vt 0.463811 0.808050
vt 0.464319 0.808483
vt 0.621934 0.763421
vt 0.622366 0.763845
vt 0.621102 0.763393
vt 0.620599 0.763830
vt 0.621947 0.802015
vt 0.622366 0.801595
vt 0.620613 0.801610
vt 0.621121 0.802044
vt 0.465133 0.675647
vt 0.465565 0.676071
vt 0.464301 0.675618
vt 0.463798 0.676056
vt 0.465145 0.714241
vt 0.465565 0.713822
vt 0.463813 0.713837
vt 0.464321 0.714271
vt 0.080142 0.842136
vt 0.079620 0.841651
vt 0.081645 0.841652
vt 0.081007 0.842165
vt 0.079719 0.806880
vt 0.080211 0.806421
vt 0.081109 0.806397
vt 0.081645 0.806882
vt 0.826819 0.226931
vt 0.826390 0.227351
vt 0.825052 0.189188
vt 0.825517 0.188765
vt 0.826819 0.189187
vt 0.826349 0.188747
vt 0.559781 0.771405
vt 0.560252 0.771845
vt 0.558949 0.771423
vt 0.558485 0.771845
vt 0.559823 0.810008
vt 0.560252 0.809589
vt 0.558498 0.809603
vt 0.558998 0.810037
vt 0.017065 0.806397
vt 0.017536 0.806837
vt 0.016233 0.806416
vt 0.015769 0.806838
vt 0.017106 0.845000
vt 0.017536 0.844581
vt 0.015782 0.844594
vt 0.016281 0.845029
vt 0.006183 0.806397
vt 0.006654 0.806837
vt 0.005352 0.806416
vt 0.004887 0.806838
vt 0.006225 0.845001
vt 0.006654 0.844581
vt 0.004900 0.844595
vt 0.005400 0.845029
vt 0.815467 0.188747
vt 0.815938 0.189187
vt 0.814635 0.188766
vt 0.814171 0.189188
vt 0.815508 0.227351
vt 0.815938 0.226931
vt 0.814184 0.226945
vt 0.814683 0.227379
vt 0.092076 0.841655
vt 0.091509 0.842139
vt 0.090687 0.842165
vt 0.090100 0.841650
vt 0.091509 0.806424
vt 0.092076 0.806884
vt 0.090100 0.806881
vt 0.090687 0.806397
vt 0.027163 0.806397
vt 0.026663 0.806831
vt 0.027988 0.806426
vt 0.028417 0.806845
vt 0.027115 0.845010
vt 0.026650 0.844588
vt 0.028417 0.844589
vt 0.027947 0.845029
vt 0.049740 0.844906
vt 0.050204 0.844472
vt 0.048464 0.844474
vt 0.048921 0.844888
vt 0.050204 0.806838
vt 0.049735 0.806397
vt 0.048430 0.806837
vt 0.048901 0.806416
vt 0.038828 0.845029
vt 0.039299 0.844589
vt 0.037532 0.844588
vt 0.037996 0.845010
vt 0.039299 0.806845
vt 0.038870 0.806426
vt 0.037545 0.806832
vt 0.038044 0.806397
vt 0.535120 0.810038
vt 0.535591 0.809597
vt 0.533823 0.809597
vt 0.534288 0.810019
vt 0.535591 0.771853
vt 0.535161 0.771433
vt 0.533837 0.771839
vt 0.534336 0.771405
vt 0.570663 0.810037
vt 0.571134 0.809597
vt 0.569367 0.809595
vt 0.569831 0.810017
vt 0.571134 0.771852
vt 0.570704 0.771433
vt 0.569379 0.771839
vt 0.569879 0.771405
vt 0.825565 0.227379
vt 0.825065 0.226945
vt 0.544718 0.771839
vt 0.545217 0.771405
vt 0.546043 0.771433
vt 0.546472 0.771852
vt 0.545170 0.810018
vt 0.544706 0.809596
vt 0.546001 0.810037
vt 0.546472 0.809597
vt 0.835947 0.226945
vt 0.836446 0.227379
vt 0.837701 0.226931
vt 0.837272 0.227350
vt 0.835934 0.189188
vt 0.836398 0.188766
vt 0.837230 0.188747
vt 0.837701 0.189187
vt 0.464735 0.643721
vt 0.462842 0.643719
vt 0.464735 0.737935
vt 0.462842 0.737933
vt 0.804227 0.203959
vt 0.802333 0.203958
vt 0.793050 0.203960
vt 0.791156 0.203958
vt 0.781872 0.212188
vt 0.779979 0.212190
vt 0.464735 0.793275
vt 0.462842 0.793277
vt 0.621537 0.786831
vt 0.619643 0.786833
vt 0.464735 0.699059
vt 0.462842 0.699061
vt 0.824392 0.211235
vt 0.826286 0.211233
vt 0.559719 0.793892
vt 0.557825 0.793893
vt 0.017003 0.828883
vt 0.015109 0.828884
vt 0.006121 0.828884
vt 0.004227 0.828886
vt 0.815405 0.211233
vt 0.813511 0.211235
vt 0.025990 0.822542
vt 0.049667 0.822714
vt 0.047754 0.822716
vt 0.027884 0.822543
vt 0.038766 0.822544
vt 0.036872 0.822543
vt 0.535058 0.787550
vt 0.533164 0.787548
vt 0.570601 0.787553
vt 0.568706 0.787551
vt 0.743524 0.037503
vt 0.743524 0.074097
vt 0.743524 0.110781
vt 0.743524 0.147306
vt 0.753139 0.300636
vt 0.753139 0.337268
vt 0.753139 0.374007
vt 0.753139 0.410629
vt 0.832450 0.034136
vt 0.832450 0.070773
vt 0.832450 0.107513
vt 0.832450 0.144134
vt 0.190906 0.662212
vt 0.190906 0.699013
vt 0.190906 0.735936
vt 0.190906 0.772649
vt 0.280003 0.661406
vt 0.280003 0.698092
vt 0.280003 0.735045
vt 0.280003 0.771818
vt 0.544045 0.787552
vt 0.545940 0.787553
vt 0.835274 0.211234
vt 0.837168 0.211233
vt 0.637442 0.769174
vt 0.637442 0.734526
vt 0.637442 0.623787
vt 0.637442 0.590253
vt 0.815715 0.658051
vt 0.815715 0.621578
vt 0.815715 0.694586
vt 0.815715 0.731027
vt 0.669905 0.858208
vt 0.706568 0.858208
vt 0.743318 0.858208
vt 0.779929 0.858208
vt 0.038049 0.708923
vt 0.074892 0.708923
vt 0.111811 0.708923
vt 0.148645 0.708923
vt 0.146983 0.717377
vt 0.110350 0.717377
vt 0.073583 0.717377
vt 0.036922 0.717377
vt 0.726579 0.623787
vt 0.726579 0.660547
vt 0.726579 0.697655
vt 0.726579 0.734526
vt 0.369168 0.698187
vt 0.369168 0.661492
vt 0.369168 0.735026
vt 0.369168 0.771754
vt 0.784325 0.180292
vt 0.785067 0.180292
vt 0.743524 0.180292
vt 0.743524 0.004227
vt 0.753139 0.442283
vt 0.753139 0.268962
vt 0.832450 0.174534
vt 0.832450 0.004227
vt 0.190906 0.805837
vt 0.190906 0.628510
vt 0.280003 0.805551
vt 0.280003 0.628510
vt 0.815715 0.590253
vt 0.815715 0.763093
vt 0.369168 0.628510
vt 0.369168 0.804953
vt 0.637442 0.858208
vt 0.810358 0.858208
vt 0.004227 0.708923
vt 0.182452 0.708923
vt 0.179195 0.717377
vt 0.004227 0.717377
vt 0.726579 0.590253
vt 0.726579 0.769174
vt 0.637442 0.697655
vt 0.637442 0.660547
s 1
usemtl SM_Well:M_Well_02
f 124/1/1 97/2/2 35/3/3 36/4/4
f 126/5/5 98/6/6 48/7/7 49/8/8
f 128/9/9 99/10/10 61/11/11 62/12/12
f 304/13/13 176/14/14 178/15/15 306/16/16
f 97/2/2 100/17/17 34/18/18 35/3/3
f 98/6/6 101/19/19 47/20/20 48/7/7
f 306/16/16 178/15/15 180/21/21 308/22/22
f 99/10/10 102/23/23 60/24/24 61/11/11
f 91/25/25 90/26/26 307/27/27 309/28/28
f 100/17/17 119/29/29 33/30/30 34/18/18
f 101/19/19 103/31/31 46/32/32 47/20/20
f 308/22/22 180/21/21 182/33/33 310/34/34
f 102/23/23 104/35/35 59/36/36 60/24/24
f 103/31/31 105/37/37 45/38/38 46/32/32
f 104/35/35 106/39/39 58/40/40 59/36/36
f 310/34/34 182/33/33 184/41/41 312/42/42
f 105/37/37 107/43/43 44/44/44 45/38/38
f 257/45/45 131/46/46 130/47/47 260/48/48
f 106/39/39 108/49/49 57/50/50 58/40/40
f 107/43/43 109/51/51 43/52/52 44/44/44
f 108/49/49 110/53/53 56/54/54 57/50/50
f 312/42/42 184/41/41 186/55/55 314/56/56
f 109/51/51 111/57/57 42/58/58 43/52/52
f 260/48/48 130/47/47 134/59/59 262/60/60
f 110/53/53 112/61/61 55/62/62 56/54/54
f 314/56/56 186/55/55 188/63/63 316/64/64
f 111/57/57 113/65/65 41/66/66 42/58/58
f 112/61/61 114/67/67 54/68/68 55/62/62
f 262/60/60 134/59/59 136/69/69 264/70/70
f 113/65/65 115/71/71 40/72/72 41/66/66
f 316/64/64 188/63/63 190/73/73 318/74/74
f 114/67/67 116/75/75 53/76/76 54/68/68
f 115/71/71 117/77/77 39/78/78 40/72/72
f 264/70/70 136/69/69 138/79/79 266/80/80
f 116/75/75 118/81/81 52/82/82 53/76/76
f 318/74/74 190/73/73 192/83/83 320/84/84
f 117/77/77 120/85/85 38/86/86 39/78/78
f 266/80/80 138/79/79 140/87/87 268/88/88
f 118/81/81 121/89/89 51/90/90 52/82/82
f 119/91/29 122/92/91 64/93/92 33/94/30
f 320/84/84 192/83/83 131/95/46 257/96/45
f 120/85/85 123/97/93 37/98/94 38/86/86
f 268/88/88 140/87/87 142/99/95 270/100/96
f 121/89/89 125/101/97 50/102/98 51/90/90
f 122/92/91 127/103/99 63/104/100 64/93/92
f 123/97/93 124/1/1 36/4/4 37/98/94
f 125/101/97 126/5/5 49/8/8 50/102/98
f 270/100/96 142/99/95 144/105/101 272/106/102
f 127/103/99 128/9/9 62/12/12 63/104/100
f 68/107/103 67/108/104 261/109/105 263/110/106
f 32/111/7 96/112/107 65/113/108 1/114/8
f 31/115/20 95/116/109 96/112/107 32/111/7
f 30/117/32 94/118/110 95/116/109 31/115/20
f 29/119/38 93/120/111 94/118/110 30/117/32
f 28/121/44 92/122/112 93/120/111 29/119/38
f 27/123/52 91/25/25 92/122/112 28/121/44
f 26/124/58 90/26/26 91/25/25 27/123/52
f 25/125/66 89/126/113 90/26/26 26/124/58
f 24/127/72 88/128/114 89/126/113 25/125/66
f 23/129/78 87/130/115 88/128/114 24/127/72
f 22/131/86 86/132/116 87/130/115 23/129/78
f 21/133/94 85/134/117 86/132/116 22/131/86
f 20/135/4 84/136/118 85/134/117 21/133/94
f 19/137/3 83/138/119 84/136/118 20/135/4
f 18/139/18 82/140/120 83/138/119 19/137/3
f 17/141/30 81/142/121 82/140/120 18/139/18
f 16/143/92 80/144/122 81/142/121 17/141/30
f 15/145/100 79/146/123 80/144/122 16/143/92
f 14/147/12 78/148/124 79/146/123 15/145/100
f 13/149/11 77/150/125 78/148/124 14/147/12
f 12/151/24 76/152/126 77/150/125 13/149/11
f 11/153/36 75/154/127 76/152/126 12/151/24
f 10/155/40 74/156/128 75/154/127 11/153/36
f 9/157/50 73/158/129 74/156/128 10/155/40
f 8/159/54 72/160/130 73/158/129 9/157/50
f 7/161/62 71/162/131 72/160/130 8/159/54
f 6/163/68 70/164/132 71/162/131 7/161/62
f 5/165/76 69/166/133 70/164/132 6/163/68
f 4/167/82 68/107/103 69/166/133 5/165/76
f 3/168/90 67/108/104 68/107/103 4/167/82
f 2/169/98 66/170/134 67/108/104 3/168/90
f 1/171/8 65/172/108 66/170/134 2/169/98
f 201/173/135 205/174/136 334/175/137 330/176/138
f 290/177/139 162/178/140 164/179/141 292/180/142
f 104/35/35 102/23/23 331/181/143 335/182/144
f 81/142/121 80/144/122 287/183/145 289/184/146
f 203/185/147 207/186/148 336/187/149 332/188/150
f 79/146/123 78/148/124 283/189/151 285/190/152
f 205/174/136 209/191/153 338/192/154 334/175/137
f 78/148/124 77/150/125 281/193/155 283/189/151
f 207/186/148 211/194/156 340/195/157 336/187/149
f 77/150/125 76/152/126 279/196/158 281/193/155
f 209/191/153 213/197/159 342/198/160 338/192/154
f 111/57/57 109/51/51 345/199/161 349/200/162
f 211/194/156 215/201/163 344/202/164 340/195/157
f 76/152/126 75/154/127 277/203/165 279/196/158
f 213/197/159 217/204/166 346/205/167 342/198/160
f 74/156/128 73/158/129 273/206/168 275/207/169
f 215/201/163 219/208/170 348/209/171 344/202/164
f 73/158/129 72/160/130 271/210/172 273/206/168
f 217/204/166 221/211/173 350/212/174 346/205/167
f 72/160/130 71/162/131 269/213/175 271/210/172
f 66/170/134 65/172/108 258/214/176 259/215/177
f 219/208/170 223/216/178 352/217/179 348/209/171
f 122/92/91 119/91/29 365/218/180 371/219/181
f 221/211/173 225/220/182 354/221/183 350/212/174
f 71/162/131 70/164/132 267/222/184 269/213/175
f 223/216/178 227/223/185 356/224/186 352/217/179
f 69/166/133 68/107/103 263/110/106 265/225/187
f 95/116/109 94/118/110 315/226/188 317/227/189
f 125/101/97 121/89/89 369/228/190 375/229/191
f 67/108/104 66/170/134 259/215/177 261/109/105
f 70/164/132 69/166/133 265/225/187 267/222/184
f 128/9/9 127/103/99 377/230/192 384/231/193
f 127/103/99 122/92/91 371/219/181 377/230/192
f 120/85/85 117/77/77 361/232/194 367/233/195
f 117/77/77 115/71/71 357/234/196 361/232/194
f 75/154/127 74/156/128 275/207/169 277/203/165
f 115/71/71 113/65/65 353/235/197 357/234/196
f 113/65/65 111/57/57 349/200/162 353/235/197
f 109/51/51 107/43/43 341/236/198 345/199/161
f 107/43/43 105/37/37 337/237/199 341/236/198
f 80/144/122 79/146/123 285/190/152 287/183/145
f 105/37/37 103/31/31 333/238/200 337/237/199
f 99/10/10 128/9/9 384/231/193 325/239/201
f 196/240/202 159/241/203 157/242/204 202/243/205
f 124/1/1 123/97/93 373/244/206 380/245/207
f 123/97/93 120/85/85 367/233/195 373/244/206
f 121/89/89 118/81/81 363/246/208 369/228/190
f 118/81/81 116/75/75 359/247/209 363/246/208
f 116/75/75 114/67/67 355/248/210 359/247/209
f 114/67/67 112/61/61 351/249/211 355/248/210
f 112/61/61 110/53/53 347/250/212 351/249/211
f 110/53/53 108/49/49 343/251/213 347/250/212
f 108/49/49 106/39/39 339/252/214 343/251/213
f 106/39/39 104/35/35 335/182/144 339/252/214
f 119/29/29 100/17/17 327/253/215 365/254/180
f 198/255/216 185/256/217 183/257/218 204/258/219
f 96/112/107 95/116/109 317/227/189 319/259/220
f 126/5/5 125/101/97 375/229/191 382/260/221
f 194/261/222 133/262/223 129/263/224 200/264/225
f 302/265/226 174/266/227 176/14/14 304/13/13
f 300/267/228 172/268/229 174/266/227 302/265/226
f 298/269/230 170/270/231 172/268/229 300/267/228
f 296/271/232 168/272/233 170/270/231 298/269/230
f 294/273/234 166/274/235 168/272/233 296/271/232
f 292/180/142 164/179/141 166/274/235 294/273/234
f 288/275/236 160/276/237 162/178/140 290/177/139
f 286/277/238 158/278/239 160/276/237 288/275/236
f 284/279/240 156/280/241 158/278/239 286/277/238
f 282/281/242 154/282/243 156/280/241 284/279/240
f 280/283/244 152/284/245 154/282/243 282/281/242
f 278/285/246 150/286/247 152/284/245 280/283/244
f 276/287/248 148/288/249 150/286/247 278/285/246
f 274/289/250 146/290/251 148/288/249 276/287/248
f 272/106/102 144/105/101 146/290/251 274/289/250
f 250/291/252 189/292/253 187/293/254 256/294/255
f 248/295/256 163/296/257 161/297/258 254/298/259
f 246/299/260 137/300/261 135/301/262 252/302/263
f 244/303/264 191/304/265 189/292/253 250/291/252
f 242/305/266 165/306/267 163/296/257 248/295/256
f 240/307/268 139/308/269 137/300/261 246/299/260
f 237/309/270 132/310/271 191/304/265 244/303/264
f 236/311/272 167/312/273 165/306/267 242/305/266
f 234/313/274 141/314/275 139/308/269 240/307/268
f 232/315/276 169/316/277 167/312/273 236/311/272
f 230/317/278 143/318/279 141/314/275 234/313/274
f 228/319/280 171/320/281 169/316/277 232/315/276
f 226/321/282 145/322/283 143/318/279 230/317/278
f 224/323/284 173/324/285 171/320/281 228/319/280
f 222/325/286 147/326/287 145/322/283 226/321/282
f 220/327/288 175/328/289 173/324/285 224/323/284
f 218/329/290 149/330/291 147/326/287 222/325/286
f 216/331/292 177/332/293 175/328/289 220/327/288
f 214/333/294 151/334/295 149/330/291 218/329/290
f 212/335/296 179/336/297 177/332/293 216/331/292
f 210/337/298 153/338/299 151/334/295 214/333/294
f 208/339/300 181/340/301 179/336/297 212/335/296
f 206/341/302 155/342/303 153/338/299 210/337/298
f 204/258/219 183/257/218 181/340/301 208/339/300
f 202/243/205 157/242/204 155/342/303 206/341/302
f 200/264/225 129/263/224 132/343/271 237/344/270
f 256/294/255 187/293/254 185/256/217 198/255/216
f 254/298/259 161/297/258 159/241/203 196/240/202
f 252/302/263 135/301/262 133/262/223 194/261/222
f 199/345/304 238/346/305 366/347/306 328/348/307
f 102/23/23 99/10/10 325/239/201 331/181/143
f 101/19/19 98/6/6 323/349/308 329/350/309
f 255/351/310 197/352/311 326/353/312 383/354/313
f 249/355/314 255/351/310 383/354/313 378/356/315
f 82/140/120 81/142/121 289/184/146 291/357/316
f 253/358/317 195/359/318 324/360/319 381/361/320
f 247/362/321 253/358/317 381/361/320 376/363/322
f 83/138/119 82/140/120 291/357/316 293/364/323
f 251/365/324 193/366/325 322/367/326 379/368/327
f 245/369/328 251/365/324 379/368/327 374/370/329
f 84/136/118 83/138/119 293/364/323 295/371/330
f 197/352/311 203/185/147 332/188/150 326/353/312
f 243/372/331 249/355/314 378/356/315 372/373/332
f 85/134/117 84/136/118 295/371/330 297/374/333
f 195/359/318 201/173/135 330/176/138 324/360/319
f 241/375/334 247/362/321 376/363/322 370/376/335
f 86/132/116 85/134/117 297/374/333 299/377/336
f 193/366/325 199/345/304 328/348/307 322/367/326
f 239/378/337 245/369/328 374/370/329 368/379/338
f 87/130/115 86/132/116 299/377/336 301/380/339
f 238/381/305 243/372/331 372/373/332 366/382/306
f 88/128/114 87/130/115 301/380/339 303/383/340
f 235/384/341 241/375/334 370/376/335 364/385/342
f 89/126/113 88/128/114 303/383/340 305/386/343
f 233/387/344 239/378/337 368/379/338 362/388/345
f 90/26/26 89/126/113 305/386/343 307/27/27
f 231/389/346 235/384/341 364/385/342 360/390/347
f 92/122/112 91/25/25 309/28/28 311/391/348
f 229/392/349 233/387/344 362/388/345 358/393/350
f 93/120/111 92/122/112 311/391/348 313/394/351
f 227/223/185 231/389/346 360/390/347 356/224/186
f 94/118/110 93/120/111 313/394/351 315/226/188
f 103/31/31 101/19/19 329/350/309 333/238/200
f 225/220/182 229/392/349 358/393/350 354/221/183
f 130/47/47 131/46/46 132/343/271 129/263/224
f 134/59/59 130/47/47 129/263/224 133/262/223
f 136/69/69 134/59/59 133/262/223 135/301/262
f 138/79/79 136/69/69 135/301/262 137/300/261
f 140/87/87 138/79/79 137/300/261 139/308/269
f 142/99/95 140/87/87 139/308/269 141/314/275
f 144/105/101 142/99/95 141/314/275 143/318/279
f 146/290/251 144/105/101 143/318/279 145/322/283
f 148/288/249 146/290/251 145/322/283 147/326/287
f 150/286/247 148/288/249 147/326/287 149/330/291
f 152/284/245 150/286/247 149/330/291 151/334/295
f 154/282/243 152/284/245 151/334/295 153/338/299
f 156/280/241 154/282/243 153/338/299 155/342/303
f 158/278/239 156/280/241 155/342/303 157/242/204
f 160/276/237 158/278/239 157/242/204 159/241/203
f 162/178/140 160/276/237 159/241/203 161/297/258
f 164/179/141 162/178/140 161/297/258 163/296/257
f 166/274/235 164/179/141 163/296/257 165/306/267
f 168/272/233 166/274/235 165/306/267 167/312/273
f 170/270/231 168/272/233 167/312/273 169/316/277
f 172/268/229 170/270/231 169/316/277 171/320/281
f 174/266/227 172/268/229 171/320/281 173/324/285
f 176/14/14 174/266/227 173/324/285 175/328/289
f 178/15/15 176/14/14 175/328/289 177/332/293
f 180/21/21 178/15/15 177/332/293 179/336/297
f 182/33/33 180/21/21 179/336/297 181/340/301
f 184/41/41 182/33/33 181/340/301 183/257/218
f 186/55/55 184/41/41 183/257/218 185/256/217
f 188/63/63 186/55/55 185/256/217 187/293/254
f 190/73/73 188/63/63 187/293/254 189/292/253
f 192/83/83 190/73/73 189/292/253 191/304/265
f 131/95/46 192/83/83 191/304/265 132/310/271
f 98/6/6 126/5/5 382/260/221 323/349/308
f 200/264/225 237/344/270 238/346/305 199/345/304
f 194/261/222 200/264/225 199/345/304 193/366/325
f 252/302/263 194/261/222 193/366/325 251/365/324
f 246/299/260 252/302/263 251/365/324 245/369/328
f 240/307/268 246/299/260 245/369/328 239/378/337
f 234/313/274 240/307/268 239/378/337 233/387/344
f 230/317/278 234/313/274 233/387/344 229/392/349
f 226/321/282 230/317/278 229/392/349 225/220/182
f 222/325/286 226/321/282 225/220/182 221/211/173
f 218/329/290 222/325/286 221/211/173 217/204/166
f 214/333/294 218/329/290 217/204/166 213/197/159
f 210/337/298 214/333/294 213/197/159 209/191/153
f 206/341/302 210/337/298 209/191/153 205/174/136
f 202/243/205 206/341/302 205/174/136 201/173/135
f 196/240/202 202/243/205 201/173/135 195/359/318
f 254/298/259 196/240/202 195/359/318 253/358/317
f 248/295/256 254/298/259 253/358/317 247/362/321
f 242/305/266 248/295/256 247/362/321 241/375/334
f 236/311/272 242/305/266 241/375/334 235/384/341
f 232/315/276 236/311/272 235/384/341 231/389/346
f 228/319/280 232/315/276 231/389/346 227/223/185
f 224/323/284 228/319/280 227/223/185 223/216/178
f 220/327/288 224/323/284 223/216/178 219/208/170
f 216/331/292 220/327/288 219/208/170 215/201/163
f 212/335/296 216/331/292 215/201/163 211/194/156
f 208/339/300 212/335/296 211/194/156 207/186/148
f 204/258/219 208/339/300 207/186/148 203/185/147
f 198/255/216 204/258/219 203/185/147 197/352/311
f 256/294/255 198/255/216 197/352/311 255/351/310
f 250/291/252 256/294/255 255/351/310 249/355/314
f 244/303/264 250/291/252 249/355/314 243/372/331
f 237/309/270 244/303/264 243/372/331 238/381/305
f 97/2/2 124/1/1 380/245/207 321/395/352
f 320/84/84 257/96/45 258/396/176 319/259/220
f 318/74/74 320/84/84 319/259/220 317/227/189
f 316/64/64 318/74/74 317/227/189 315/226/188
f 314/56/56 316/64/64 315/226/188 313/394/351
f 312/42/42 314/56/56 313/394/351 311/391/348
f 310/34/34 312/42/42 311/391/348 309/28/28
f 308/22/22 310/34/34 309/28/28 307/27/27
f 306/16/16 308/22/22 307/27/27 305/386/343
f 304/13/13 306/16/16 305/386/343 303/383/340
f 302/265/226 304/13/13 303/383/340 301/380/339
f 300/267/228 302/265/226 301/380/339 299/377/336
f 298/269/230 300/267/228 299/377/336 297/374/333
f 296/271/232 298/269/230 297/374/333 295/371/330
f 294/273/234 296/271/232 295/371/330 293/364/323
f 292/180/142 294/273/234 293/364/323 291/357/316
f 290/177/139 292/180/142 291/357/316 289/184/146
f 288/275/236 290/177/139 289/184/146 287/183/145
f 286/277/238 288/275/236 287/183/145 285/190/152
f 284/279/240 286/277/238 285/190/152 283/189/151
f 282/281/242 284/279/240 283/189/151 281/193/155
f 280/283/244 282/281/242 281/193/155 279/196/158
f 278/285/246 280/283/244 279/196/158 277/203/165
f 276/287/248 278/285/246 277/203/165 275/207/169
f 274/289/250 276/287/248 275/207/169 273/206/168
f 272/106/102 274/289/250 273/206/168 271/210/172
f 270/100/96 272/106/102 271/210/172 269/213/175
f 268/88/88 270/100/96 269/213/175 267/222/184
f 266/80/80 268/88/88 267/222/184 265/225/187
f 264/70/70 266/80/80 265/225/187 263/110/106
f 262/60/60 264/70/70 263/110/106 261/109/105
f 260/48/48 262/60/60 261/109/105 259/215/177
f 257/45/45 260/48/48 259/215/177 258/214/176
f 65/113/108 96/112/107 319/259/220 258/396/176
f 384/231/193 377/230/192 378/356/315 383/354/313
f 382/260/221 375/229/191 376/363/322 381/361/320
f 380/245/207 373/244/206 374/370/329 379/368/327
f 377/230/192 371/219/181 372/373/332 378/356/315
f 375/229/191 369/228/190 370/376/335 376/363/322
f 373/244/206 367/233/195 368/379/338 374/370/329
f 371/219/181 365/218/180 366/382/306 372/373/332
f 369/228/190 363/246/208 364/385/342 370/376/335
f 367/233/195 361/232/194 362/388/345 368/379/338
f 363/246/208 359/247/209 360/390/347 364/385/342
f 361/232/194 357/234/196 358/393/350 362/388/345
f 359/247/209 355/248/210 356/224/186 360/390/347
f 357/234/196 353/235/197 354/221/183 358/393/350
f 355/248/210 351/249/211 352/217/179 356/224/186
f 353/235/197 349/200/162 350/212/174 354/221/183
f 351/249/211 347/250/212 348/209/171 352/217/179
f 349/200/162 345/199/161 346/205/167 350/212/174
f 347/250/212 343/251/213 344/202/164 348/209/171
f 345/199/161 341/236/198 342/198/160 346/205/167
f 343/251/213 339/252/214 340/195/157 344/202/164
f 341/236/198 337/237/199 338/192/154 342/198/160
f 339/252/214 335/182/144 336/187/149 340/195/157
f 337/237/199 333/238/200 334/175/137 338/192/154
f 335/182/144 331/181/143 332/188/150 336/187/149
f 333/238/200 329/350/309 330/176/138 334/175/137
f 365/254/180 327/253/215 328/348/307 366/347/306
f 331/181/143 325/239/201 326/353/312 332/188/150
f 329/350/309 323/349/308 324/360/319 330/176/138
f 327/253/215 321/395/352 322/367/326 328/348/307
f 325/239/201 384/231/193 383/354/313 326/353/312
f 323/349/308 382/260/221 381/361/320 324/360/319
f 321/395/352 380/245/207 379/368/327 322/367/326
f 100/17/17 97/2/2 321/395/352 327/253/215
f 429/397/353 659/398/354 448/399/355 450/400/356
f 400/401/30 446/402/357 444/403/358 504/404/359
f 450/400/356 447/405/360 471/406/361 474/407/362
f 516/408/363 518/409/364 515/410/365 514/411/366
f 447/405/360 456/412/367 478/413/368 471/406/361
f 415/414/369 389/415/370 390/416/371 667/417/372
f 403/418/373 391/419/373 392/420/374 428/421/375
f 503/422/376 443/423/377 439/424/378 506/425/379
f 667/417/372 661/426/380 431/427/381 387/428/382
f 468/429/383 477/430/384 476/431/385 469/432/386
f 429/397/353 450/400/356 474/407/362 461/433/387
f 451/434/388 455/435/389 435/436/390 437/437/391
f 493/438/392 438/439/393 434/440/394 496/441/395
f 448/442/396 401/443/8 505/444/397 441/445/398
f 445/446/399 449/447/400 440/448/401 442/449/402
f 447/405/360 446/450/403 454/451/403 456/412/367
f 398/452/30 452/453/404 436/454/405 494/455/406
f 403/418/373 658/456/407 413/457/407 391/419/373
f 385/458/408 388/459/409 466/460/410 467/461/411
f 388/459/409 387/428/382 463/462/412 466/460/410
f 470/463/413 583/464/414 408/465/415 386/466/416
f 477/430/384 468/429/383 465/467/417 472/468/418
f 386/466/416 385/458/408 467/461/411 470/463/413
f 387/428/382 431/427/381 457/469/419 463/462/412
f 476/431/385 589/470/420 584/471/421 469/432/386
f 565/472/422 567/473/423 453/474/424 452/475/425
f 464/476/426 473/477/427 472/468/418 465/467/417
f 567/473/423 590/478/428 475/479/429 453/474/424
f 660/480/430 662/481/431 479/482/431 486/483/432
f 415/414/369 388/459/409 385/458/408 428/421/375
f 473/477/427 464/476/426 459/484/433 462/485/434
f 454/486/435 399/487/8 495/488/436 433/489/437
f 482/490/438 512/491/439 511/492/440 677/493/441
f 400/401/30 504/404/442 501/494/443 507/495/444
f 510/496/445 512/491/439 509/497/446 508/498/447
f 483/499/448 521/500/449 522/501/450 481/502/451
f 509/497/446 534/503/452 539/504/453 518/409/364
f 671/505/454 669/506/455 406/507/456 402/508/457
f 672/509/458 670/510/459 405/511/459 404/512/458
f 503/422/460 506/425/461 497/513/462 502/514/463
f 669/506/455 396/515/464 484/516/465 679/517/466
f 529/518/467 532/519/468 537/520/469 540/521/470
f 482/490/438 524/522/471 535/523/472 512/491/439
f 514/524/473 492/525/474 488/526/475 516/527/476
f 493/438/477 496/441/478 489/528/479 491/529/480
f 511/530/481 498/531/482 505/444/483 401/443/8
f 508/532/484 500/533/485 499/534/486 510/535/487
f 507/536/488 509/497/446 518/409/364 517/537/488
f 398/452/30 494/455/489 490/538/490 513/539/444
f 672/509/458 675/540/491 417/541/492 395/542/493
f 394/543/494 530/544/495 527/545/496 397/546/497
f 397/546/497 527/545/496 526/547/498 396/515/464
f 395/542/493 417/541/492 646/548/499 531/549/500
f 540/521/470 533/550/501 528/551/502 529/518/467
f 395/542/493 531/549/500 530/544/495 394/543/494
f 396/515/464 526/547/498 519/552/503 484/516/465
f 532/519/468 645/553/504 652/554/505 537/520/469
f 629/555/506 628/556/507 513/557/507 515/410/365
f 525/558/508 528/551/502 533/550/501 536/559/509
f 629/555/506 515/410/365 538/560/510 651/561/511
f 676/562/512 486/483/513 542/563/514 678/564/514
f 671/505/454 670/510/459 394/543/494 397/546/497
f 536/559/509 523/565/515 520/566/516 525/558/508
f 517/567/481 487/568/517 495/488/518 399/487/8
f 544/569/519 564/570/520 563/571/521 664/572/522
f 422/573/8 617/574/523 557/575/524 559/576/435
f 562/577/525 564/570/520 561/578/526 560/579/527
f 561/578/526 586/580/528 591/581/529 570/582/530
f 657/583/531 668/584/532 412/585/533 411/586/531
f 658/456/407 393/587/534 414/588/534 413/457/407
f 618/589/535 619/590/536 553/591/537 558/592/538
f 668/584/532 409/593/539 546/594/540 666/595/541
f 581/596/542 584/471/421 589/470/420 592/597/543
f 544/569/519 576/598/544 587/599/545 564/570/520
f 566/600/546 552/601/547 548/602/548 568/603/549
f 608/604/550 609/605/551 549/606/552 551/607/553
f 563/608/404 554/609/554 620/610/555 423/611/30
f 560/612/556 556/613/557 555/614/558 562/615/559
f 559/616/560 569/617/560 421/618/561 422/619/561
f 420/620/8 607/621/562 550/622/563 565/623/435
f 407/624/564 582/625/565 579/626/566 410/627/567
f 410/627/567 579/626/566 578/628/568 409/593/539
f 598/629/569 596/630/570 636/631/571 634/632/572
f 592/597/543 585/633/573 580/634/574 581/596/542
f 408/465/415 583/464/414 582/625/565 407/624/564
f 409/593/539 578/628/568 571/635/575 546/594/540
f 568/636/576 570/582/530 567/473/423 566/637/577
f 577/638/578 580/634/574 585/633/573 588/639/579
f 588/639/579 575/640/580 572/641/581 577/638/578
f 663/642/582 600/643/583 594/644/584 665/645/584
f 657/583/531 393/587/534 407/624/564 410/627/567
f 569/646/585 547/647/586 610/648/587 421/649/30
f 595/650/588 680/651/589 624/652/590 626/653/591
f 422/573/8 622/654/481 616/655/592 617/574/593
f 626/653/591 623/656/594 647/657/595 650/658/596
f 623/656/594 632/659/597 654/660/598 647/657/595
f 674/661/599 424/662/599 425/663/600 684/664/601
f 675/540/491 426/665/491 427/666/602 673/667/603
f 618/589/604 615/668/605 611/669/606 619/590/607
f 684/664/601 682/670/608 597/671/609 418/672/610
f 644/673/611 653/674/612 652/554/505 645/553/504
f 595/650/588 626/653/591 650/658/596 637/675/613
f 627/676/614 631/677/615 603/678/616 605/679/617
f 608/604/618 606/680/619 602/681/620 609/605/621
f 624/682/622 423/611/30 620/610/623 613/683/624
f 621/684/625 625/685/626 612/686/627 614/687/628
f 623/656/594 622/688/629 630/689/629 632/659/597
f 420/620/8 628/690/481 604/691/630 607/621/631
f 416/692/632 419/693/633 642/694/634 643/695/635
f 419/693/633 418/672/610 639/696/636 642/694/634
f 653/674/612 644/673/611 641/697/637 648/698/638
f 417/541/492 416/692/632 643/695/635 646/548/499
f 418/672/610 597/671/609 633/699/639 639/696/636
f 632/659/597 629/555/506 651/561/511 654/660/598
f 640/700/640 649/701/641 648/698/638 641/697/637
f 649/701/641 640/700/640 635/702/642 638/703/643
f 681/704/644 683/705/645 655/706/645 600/643/646
f 674/661/599 419/693/633 416/692/632 673/667/603
f 630/707/444 421/649/30 610/648/647 601/708/648
f 545/709/649 573/710/650 574/711/651 543/712/652
f 456/412/367 453/474/424 475/479/429 478/413/368
f 433/713/437 434/440/394 435/436/390
f 436/714/405 437/437/391 438/439/393
f 439/424/378 440/448/401 441/715/398
f 442/449/402 443/423/377 444/716/358
f 445/717/653 446/450/403 447/405/360
f 448/399/355 449/718/654 450/400/356
f 451/719/655 452/475/425 453/474/424
f 454/451/403 455/720/656 456/412/367
f 457/469/419 458/721/657 459/484/433
f 460/722/658 461/433/387 462/485/434
f 487/723/517 488/526/475 489/528/479
f 490/724/490 491/529/480 492/525/474
f 497/513/462 498/725/482 499/534/486
f 500/533/485 501/726/443 502/514/463
f 507/536/488 508/498/447 509/497/446
f 510/496/445 511/492/440 512/491/439
f 513/557/507 514/411/366 515/410/365
f 516/408/363 517/537/488 518/409/364
f 519/552/503 520/566/516 521/727/449
f 522/501/450 523/565/515 524/522/471
f 547/728/586 548/602/548 549/606/552
f 550/729/563 551/607/553 552/601/547
f 553/591/537 554/730/554 555/614/558
f 556/613/557 557/731/524 558/592/538
f 559/616/560 560/579/527 561/578/526
f 562/577/525 563/571/521 564/570/520
f 565/472/422 566/637/577 567/473/423
f 568/636/576 569/617/560 570/582/530
f 571/635/575 572/641/581 573/732/650
f 574/711/651 575/640/580 576/598/544
f 601/733/648 602/681/620 603/678/616
f 604/734/630 605/679/617 606/680/619
f 611/669/606 612/686/627 613/735/624
f 614/687/628 615/668/605 616/736/592
f 621/737/659 622/688/629 623/656/594
f 624/652/590 625/738/660 626/653/591
f 627/739/661 628/556/507 629/555/506
f 630/689/629 631/740/662 632/659/597
f 633/699/639 634/741/572 635/702/642
f 636/631/571 637/675/613 638/703/643
f 433/489/437 495/488/436 496/441/395 434/440/394
f 659/398/354 429/397/353 430/742/663 660/480/430
f 441/445/398 505/444/397 506/425/379 439/424/378
f 448/743/396 441/715/398 440/448/401 449/447/400
f 494/455/406 436/454/405 438/439/393 493/438/392
f 442/449/402 440/448/401 439/424/378 443/423/377
f 504/404/359 444/403/358 443/423/377 503/422/376
f 437/437/391 435/436/390 434/440/394 438/439/393
f 451/434/388 437/437/391 436/714/405 452/744/404
f 444/716/358 446/745/357 445/446/399 442/449/402
f 435/436/390 455/435/389 454/746/435 433/713/437
f 432/747/664 458/721/657 457/469/419 431/427/381
f 458/748/657 460/722/658 462/485/434 459/484/433
f 464/476/426 465/467/417 466/460/410 463/462/412
f 468/429/383 469/432/386 470/463/413 467/461/411
f 472/468/418 473/477/427 474/407/362 471/406/361
f 476/431/385 477/430/384 478/413/368 475/479/429
f 473/477/427 462/485/434 461/433/387 474/407/362
f 471/406/361 478/413/368 477/430/384 472/468/418
f 467/461/411 466/460/410 465/467/417 468/429/383
f 463/462/412 457/469/419 459/484/433 464/476/426
f 460/722/658 430/742/663 429/397/353 461/433/387
f 661/426/380 480/749/665 479/750/431 662/751/431
f 489/528/479 496/441/478 495/488/518 487/568/517
f 676/562/512 481/502/451 482/490/438 677/493/441
f 497/513/462 506/425/461 505/444/483 498/531/482
f 510/535/487 499/534/486 498/725/482 511/752/481
f 493/438/477 491/529/480 490/538/490 494/455/489
f 502/514/463 497/513/462 499/534/486 500/533/485
f 503/422/460 502/514/463 501/494/443 504/404/442
f 491/529/480 489/528/479 488/526/475 492/525/474
f 513/753/444 490/724/490 492/525/474 514/524/473
f 500/533/485 508/532/484 507/754/444 501/726/443
f 487/723/517 517/755/481 516/527/476 488/526/475
f 484/516/465 519/552/503 521/727/449 483/756/448
f 520/566/516 523/565/515 522/501/450 521/727/449
f 526/547/498 527/545/496 528/551/502 525/558/508
f 530/544/495 531/549/500 532/519/468 529/518/467
f 534/503/452 535/523/472 536/559/509 533/550/501
f 538/560/510 539/504/453 540/521/470 537/520/469
f 535/523/472 524/522/471 523/565/515 536/559/509
f 533/550/501 540/521/470 539/504/453 534/503/452
f 529/518/467 528/551/502 527/545/496 530/544/495
f 525/558/508 520/566/516 519/552/503 526/547/498
f 524/522/471 482/490/438 481/502/451 522/501/450
f 678/757/514 542/758/514 541/759/666 679/517/466
f 549/606/552 609/605/551 610/648/587 547/647/586
f 663/642/582 543/712/652 544/569/519 664/572/522
f 553/591/537 619/590/536 620/610/555 554/609/554
f 562/615/559 555/614/558 554/730/554 563/760/404
f 608/604/550 551/607/553 550/622/563 607/621/562
f 558/592/538 553/591/537 555/614/558 556/613/557
f 618/589/535 558/592/538 557/575/524 617/574/523
f 551/607/553 549/606/552 548/602/548 552/601/547
f 565/761/435 550/729/563 552/601/547 566/600/546
f 556/613/557 560/612/556 559/762/435 557/731/524
f 547/728/586 569/763/585 568/603/549 548/602/548
f 546/594/540 571/635/575 573/732/650 545/764/649
f 572/641/581 575/640/580 574/711/651 573/765/650
f 578/628/568 579/626/566 580/634/574 577/638/578
f 582/625/565 583/464/414 584/471/421 581/596/542
f 586/580/528 587/599/545 588/639/579 585/633/573
f 590/478/428 591/581/529 592/597/543 589/470/420
f 587/599/545 576/598/544 575/640/580 588/639/579
f 585/633/573 592/597/543 591/581/529 586/580/528
f 581/596/542 580/634/574 579/626/566 582/625/565
f 577/638/578 572/641/581 571/635/575 578/628/568
f 576/598/544 544/569/519 543/712/652 574/711/651
f 665/766/584 594/767/584 593/768/541 666/595/541
f 601/708/648 610/648/647 609/605/621 602/681/620
f 680/651/589 595/650/588 596/630/570 681/704/644
f 613/683/624 620/610/623 619/590/607 611/669/606
f 624/769/622 613/735/624 612/686/627 625/685/626
f 607/621/631 604/691/630 606/680/619 608/604/618
f 614/687/628 612/686/627 611/669/606 615/668/605
f 617/574/593 616/655/592 615/668/605 618/589/604
f 605/679/617 603/678/616 602/681/620 606/680/619
f 627/676/614 605/679/617 604/734/630 628/770/481
f 616/736/592 622/771/481 621/684/625 614/687/628
f 603/678/616 631/677/615 630/772/444 601/733/648
f 598/773/569 634/741/572 633/699/639 597/671/609
f 634/632/572 636/631/571 638/703/643 635/774/642
f 640/700/640 641/697/637 642/694/634 639/696/636
f 644/673/611 645/553/504 646/548/499 643/695/635
f 648/698/638 649/701/641 650/658/596 647/657/595
f 652/554/505 653/674/612 654/660/598 651/561/511
f 649/701/641 638/703/643 637/675/613 650/658/596
f 647/657/595 654/660/598 653/674/612 648/698/638
f 643/695/635 642/694/634 641/697/637 644/673/611
f 639/696/636 633/699/639 635/702/642 640/700/640
f 636/631/571 596/630/570 595/650/588 637/675/613
f 682/670/608 656/775/608 655/776/645 683/777/645
f 589/470/420 476/431/385 475/479/429 590/478/428
f 469/432/386 584/471/421 583/464/414 470/463/413
f 651/561/511 538/560/510 537/520/469 652/554/505
f 531/549/500 646/548/499 645/553/504 532/519/468
f 432/778/664 430/742/663 460/722/658 458/779/657
f 447/405/360 450/400/356 449/718/654 445/717/653
f 453/474/424 456/412/367 455/720/656 451/719/655
f 545/764/649 665/766/584 666/595/541 546/594/540
f 567/473/423 570/582/530 591/581/529 590/478/428
f 561/578/526 564/570/520 587/599/545 586/580/528
f 600/643/583 663/642/582 664/572/522 599/780/667
f 431/427/381 661/426/380 662/751/431 432/747/664
f 485/781/668 659/398/354 660/480/430 486/483/669
f 411/586/531 414/588/534 393/587/534 657/583/531
f 543/712/652 663/642/582 665/645/584 545/709/649
f 412/585/533 668/584/532 666/595/541 593/768/541
f 408/465/415 407/624/564 393/587/534 658/456/407
f 410/627/567 409/593/539 668/584/532 657/583/531
f 389/415/370 415/414/369 428/421/375 392/420/374
f 430/742/663 432/778/664 662/481/431 660/480/430
f 386/466/416 408/465/415 658/456/407 403/418/373
f 390/416/371 480/749/665 661/426/380 667/417/372
f 386/466/416 403/418/373 428/421/375 385/458/408
f 388/459/409 415/414/369 667/417/372 387/428/382
f 597/671/609 682/670/608 683/777/645 598/773/569
f 664/572/522 563/571/521 423/782/670 599/780/667
f 569/617/560 559/616/560 561/578/526 570/582/530
f 452/475/425 398/783/422 420/784/422 565/472/422
f 454/451/403 446/450/403 400/785/403 399/786/403
f 448/399/355 659/398/354 485/781/668 401/787/671
f 599/780/672 680/651/589 681/704/644 600/643/673
f 483/756/448 678/757/514 679/517/466 484/516/465
f 486/483/513 676/562/512 677/493/441 485/781/674
f 424/662/599 674/661/599 673/667/603 427/666/602
f 596/630/570 598/629/569 683/705/645 681/704/644
f 425/663/600 656/775/608 682/670/608 684/664/601
f 417/541/492 675/540/491 673/667/603 416/692/632
f 419/693/633 674/661/599 684/664/601 418/672/610
f 402/508/457 405/511/459 670/510/459 671/505/454
f 481/502/451 676/562/512 678/564/514 483/499/448
f 404/512/458 426/665/491 675/540/491 672/509/458
f 406/507/456 669/506/455 679/517/466 541/759/666
f 395/542/493 394/543/494 670/510/459 672/509/458
f 397/546/497 396/515/464 669/506/455 671/505/454
f 677/493/441 511/492/440 401/787/440 485/781/674
f 509/497/446 512/491/439 535/523/472 534/503/452
f 517/537/488 399/786/488 400/785/488 507/536/488
f 515/410/365 518/409/364 539/504/453 538/560/510
f 513/557/507 628/556/507 420/784/507 398/783/507
f 629/555/506 632/659/597 631/740/662 627/739/661
f 630/689/629 622/688/629 422/619/675 421/618/675
f 623/656/594 626/653/591 625/738/660 621/737/659
f 624/652/590 680/651/589 599/780/672 423/782/590
f 685/788/676 715/789/677 720/790/678 690/791/679
f 696/792/680 699/793/681 706/794/682 701/795/683
f 734/796/684 713/797/685 718/798/686 735/799/687
f 693/800/688 686/801/689 739/802/690 744/803/691
f 697/804/692 725/805/693 732/806/694 694/807/695
f 697/804/692 694/807/695 743/808/696 742/809/697
f 722/810/698 691/811/699 700/812/700 727/813/701
f 705/814/702 708/815/703 712/816/704 702/817/705
f 700/812/700 691/811/699 709/818/706 704/819/707
f 689/820/708 698/821/709 741/822/710 738/823/711
f 714/824/712 721/825/713 724/826/714 717/827/715
f 723/828/716 730/829/717 726/830/718 719/831/719
f 728/832/720 733/833/721 736/834/722 729/835/723
f 729/835/723 736/834/722 732/806/694 725/805/693
f 722/810/698 727/813/701 730/829/717 723/828/716
f 717/827/715 724/826/714 720/790/678 715/789/677
f 735/799/687 718/798/686 716/836/724 731/837/725
f 714/824/712 687/838/726 692/839/727 721/825/713
f 728/832/720 699/793/681 696/792/680 733/833/721
f 688/840/728 695/841/729 703/842/730 711/843/731
f 734/796/684 695/841/729 688/840/728 713/797/685
f 745/844/732 748/845/733 812/846/734 809/847/735
f 692/839/727 687/838/726 710/848/736 707/849/737
f 689/820/708 719/831/719 726/830/718 698/821/709
f 693/800/688 731/837/725 716/836/724 686/801/689
f 762/850/738 764/851/739 755/852/740 753/853/741
f 760/854/742 789/855/743 782/856/744 767/857/745
f 768/858/746 781/859/747 780/860/748 763/861/749
f 756/862/750 785/863/751 790/864/752 759/865/753
f 754/866/754 756/862/750 759/865/753 757/867/755
f 786/868/756 779/869/757 778/870/758 787/871/759
f 776/872/760 805/873/761 798/874/762 771/875/763
f 784/876/764 772/877/765 769/878/766 777/879/767
f 766/880/768 768/858/746 763/861/749 761/881/769
f 758/882/770 760/854/742 767/857/745 765/883/771
f 774/884/772 801/885/773 806/886/774 775/887/775
f 764/851/739 779/869/757 786/868/756 755/852/740
f 800/888/776 748/845/733 745/844/732 793/889/777
f 778/870/758 770/890/778 773/891/779 787/871/759
f 792/892/780 776/872/760 771/875/763 783/893/781
f 772/877/765 797/894/782 796/895/783 769/878/766
f 751/896/784 750/897/785 818/898/786 816/899/787
f 788/900/788 774/884/772 775/887/775 791/901/789
f 782/856/744 789/855/743 792/892/780 783/893/781
f 790/864/752 785/863/751 788/900/788 791/901/789
f 802/902/790 795/903/791 794/904/792 803/905/793
f 780/860/748 781/859/747 784/876/764 777/879/767
f 770/890/778 795/903/791 802/902/790 773/891/779
f 798/874/762 805/873/761 808/906/794 799/907/795
f 806/886/774 801/885/773 804/908/796 807/909/797
f 810/910/798 814/911/799 817/912/800 820/913/801
f 796/895/783 797/894/782 800/888/776 793/889/777
f 749/914/802 746/915/803 811/916/804 819/917/805
f 794/904/792 746/915/803 749/914/802 803/905/793
f 822/918/806 875/919/807 874/920/808 825/921/809
f 747/922/810 752/923/811 815/924/812 813/925/813
f 808/906/794 752/923/811 747/922/810 799/907/795
f 804/908/796 750/897/785 751/896/784 807/909/797
f 827/926/814 843/927/815 846/928/816 824/929/817
f 831/930/818 837/931/819 841/932/820 836/933/821
f 869/934/822 872/935/823 853/936/824 850/937/825
f 830/938/826 879/939/691 876/940/690 821/941/827
f 834/942/828 829/943/829 867/944/830 862/945/831
f 834/942/828 877/946/832 880/947/833 829/943/829
f 857/948/834 864/949/835 835/950/836 828/951/837
f 842/952/838 839/953/839 847/954/705 845/955/840
f 835/950/836 840/956/841 844/957/842 828/951/837
f 826/958/843 873/959/711 878/960/710 833/961/844
f 849/962/845 854/963/846 859/964/847 858/965/848
f 860/966/849 856/967/850 861/968/851 865/969/852
f 863/970/853 866/971/854 871/972/855 870/973/856
f 866/971/854 862/945/831 867/944/830 871/972/855
f 857/948/834 860/966/849 865/969/852 864/949/835
f 854/963/846 852/974/857 855/975/858 859/964/847
f 872/935/823 868/976/859 851/977/860 853/936/824
f 849/962/845 858/965/848 827/926/814 824/929/817
f 863/970/853 870/973/856 831/930/818 836/933/821
f 823/978/861 848/979/862 838/980/863 832/981/864
f 869/934/822 850/937/825 823/978/861 832/981/864
f 882/982/865 945/983/866 948/984/867 883/985/868
f 830/938/826 821/941/827 851/977/860 868/976/859
f 826/958/843 833/961/844 861/968/851 856/967/850
f 822/918/806 825/921/809 855/975/858 852/974/857
f 897/986/869 890/987/870 892/988/871 899/989/872
f 895/990/873 904/991/874 917/992/875 926/993/876
f 903/994/877 900/995/878 915/996/879 918/997/880
f 891/998/881 896/999/882 925/1000/883 922/1001/884
f 889/1002/885 894/1003/886 896/999/882 891/998/881
f 921/1004/887 924/1005/888 913/1006/889 916/1007/890
f 907/1008/891 906/1009/892 931/1010/893 934/1011/894
f 919/1012/895 914/1013/896 906/1009/892 907/1008/891
f 901/1014/897 898/1015/898 900/995/878 903/994/877
f 893/1016/771 902/1017/899 904/991/874 895/990/873
f 909/1018/900 912/1019/901 941/1020/902 938/1021/903
f 899/989/872 892/988/871 921/1004/887 916/1007/890
f 884/1022/904 950/1023/905 951/1024/906 887/1025/907
f 911/1026/908 908/1027/909 933/1028/910 942/1029/911
f 927/1030/912 920/1031/913 908/1027/909 911/1026/908
f 913/1006/889 924/1005/888 910/1032/914 905/1033/915
f 888/1034/916 953/1035/917 954/1036/918 885/1037/919
f 923/1038/920 928/1039/921 912/1019/901 909/1018/900
f 917/992/875 920/1031/913 927/1030/912 926/993/876
f 925/1000/883 928/1039/921 923/1038/920 922/1001/884
f 937/1040/922 940/1041/923 929/1042/924 932/1043/925
f 915/996/879 914/1013/896 919/1012/895 918/997/880
f 905/1033/915 910/1032/914 937/1040/922 932/1043/925
f 933/1028/910 936/1044/926 943/1045/927 942/1029/911
f 941/1020/902 944/1046/928 939/1047/929 938/1021/903
f 947/1048/930 955/1049/931 952/1050/932 949/1051/933
f 931/1010/893 930/1052/934 935/1053/935 934/1011/894
f 886/1054/936 956/1055/937 946/1056/938 881/1057/939
f 935/1053/935 930/1052/934 882/982/865 883/985/868
f 958/1058/940 1011/1059/941 1010/1060/942 961/1061/943
f 929/1042/924 940/1041/923 886/1054/936 881/1057/939
f 943/1045/927 936/1044/926 884/1022/904 887/1025/907
f 939/1047/929 944/1046/928 888/1034/916 885/1037/919
f 963/1062/944 979/1063/736 982/1064/737 960/1065/945
f 967/1066/681 973/1067/682 977/1068/683 972/1069/946
f 1005/1070/701 1008/1071/947 989/1072/716 986/1073/948
f 966/1074/949 1015/1075/710 1012/1076/711 957/1077/950
f 970/1078/951 965/1079/952 1003/1080/693 998/1081/953
f 970/1078/951 1013/1082/696 1016/1083/697 965/1079/952
f 993/1084/954 1000/1085/955 971/1086/956 964/1087/728
f 978/1088/957 975/1089/958 983/1090/703 981/1091/704
f 971/1086/956 976/1092/730 980/1093/731 964/1087/728
f 962/1094/959 1009/1095/690 1014/1096/691 969/1097/960
f 985/1098/713 990/1099/714 995/1100/961 994/1101/712
f 996/1102/686 992/1103/724 997/1104/725 1001/1105/962
f 999/1106/721 1002/1107/722 1007/1108/723 1006/1109/720
f 1002/1107/722 998/1081/953 1003/1080/693 1007/1108/723
f 993/1084/954 996/1102/686 1001/1105/962 1000/1085/955
f 990/1099/714 988/1110/963 991/1111/964 995/1100/961
f 1008/1071/947 1004/1112/965 987/1113/719 989/1072/716
f 985/1098/713 994/1101/712 963/1062/944 960/1065/945
f 999/1106/721 1006/1109/720 967/1066/681 972/1069/946
f 959/1114/699 984/1115/966 974/1116/707 968/1117/700
f 1005/1070/701 986/1073/948 959/1114/699 968/1117/700
f 1018/1118/967 1081/1119/734 1084/1120/735 1019/1121/968
f 966/1074/949 957/1077/950 987/1113/719 1004/1112/965
f 962/1094/959 969/1097/960 997/1104/725 992/1103/724
f 958/1058/940 961/1061/943 991/1111/964 988/1110/963
f 1033/1122/969 1026/1123/970 1028/1124/971 1035/1125/745
f 1031/1126/740 1040/1127/972 1053/1128/973 1062/1129/974
f 1039/1130/749 1036/1131/975 1051/1132/747 1054/1133/976
f 1027/1134/753 1032/1135/977 1061/1136/751 1058/1137/978
f 1025/1138/979 1030/1139/980 1032/1135/977 1027/1134/753
f 1057/1140/981 1060/1141/982 1049/1142/781 1052/1143/983
f 1043/1144/984 1042/1145/985 1067/1146/986 1070/1147/987
f 1055/1148/767 1050/1149/764 1042/1145/985 1043/1144/984
f 1037/1150/769 1034/1151/988 1036/1131/975 1039/1130/749
f 1029/1152/869 1038/1153/989 1040/1127/972 1031/1126/740
f 1045/1154/990 1048/1155/772 1077/1156/991 1074/1157/992
f 1035/1125/745 1028/1124/971 1057/1140/981 1052/1143/983
f 1020/1158/993 1086/1159/804 1087/1160/805 1023/1161/802
f 1047/1162/779 1044/1163/778 1069/1164/791 1078/1165/994
f 1063/1166/759 1056/1167/758 1044/1163/778 1047/1162/779
f 1049/1142/781 1060/1141/982 1046/1168/760 1041/1169/995
f 1024/1170/996 1089/1171/786 1090/1172/787 1021/1173/784
f 1059/1174/789 1064/1175/788 1048/1155/772 1045/1154/990
f 1053/1128/973 1056/1167/758 1063/1166/759 1062/1129/974
f 1061/1136/751 1064/1175/788 1059/1174/789 1058/1137/978
f 1073/1176/997 1076/1177/998 1065/1178/999 1068/1179/1000
f 1051/1132/747 1050/1149/764 1055/1148/767 1054/1133/976
f 1041/1169/995 1046/1168/760 1073/1176/997 1068/1179/1000
f 1069/1164/791 1072/1180/792 1079/1181/1001 1078/1165/994
f 1077/1156/991 1080/1182/1002 1075/1183/797 1074/1157/992
f 1083/1184/1003 1091/1185/1004 1088/1186/801 1085/1187/798
f 1067/1146/986 1066/1188/1005 1071/1189/1006 1070/1147/987
f 1022/1190/811 1092/1191/812 1082/1192/813 1017/1193/1007
f 1071/1189/1006 1066/1188/1005 1018/1118/967 1019/1121/968
f 1093/1194/1008 1098/1195/1009 1145/1196/942 1148/1197/941
f 1065/1178/999 1076/1177/998 1022/1190/811 1017/1193/1007
f 1079/1181/1001 1072/1180/792 1020/1158/993 1023/1161/802
f 1075/1183/797 1080/1182/1002 1024/1170/996 1021/1173/784
f 1093/1194/1008 1123/1198/858 1128/1199/1010 1098/1195/1009
f 1104/1200/1011 1107/1201/1012 1114/1202/819 1109/1203/820
f 1142/1204/1013 1121/1205/1014 1126/1206/849 1143/1207/852
f 1101/1208/1015 1094/1209/1016 1147/1210/711 1152/1211/710
f 1105/1212/1017 1133/1213/830 1140/1214/831 1102/1215/1018
f 1105/1212/1017 1102/1215/1018 1151/1216/832 1150/1217/833
f 1130/1218/825 1099/1219/861 1108/1220/864 1135/1221/1019
f 1113/1222/1020 1116/1223/705 1120/1224/840 1110/1225/838
f 1108/1220/864 1099/1219/861 1117/1226/862 1112/1227/863
f 1097/1228/1021 1106/1229/1022 1149/1230/691 1146/1231/690
f 1122/1232/848 1129/1233/845 1132/1234/1023 1125/1235/847
f 1131/1236/824 1138/1237/1024 1134/1238/859 1127/1239/860
f 1136/1240/856 1141/1241/853 1144/1242/1025 1137/1243/1026
f 1137/1243/1026 1144/1242/1025 1140/1214/831 1133/1213/830
f 1130/1218/825 1135/1221/1019 1138/1237/1024 1131/1236/824
f 1125/1235/847 1132/1234/1023 1128/1199/1010 1123/1198/858
f 1143/1207/852 1126/1206/849 1124/1244/850 1139/1245/1027
f 1122/1232/848 1095/1246/1028 1100/1247/1029 1129/1233/845
f 1136/1240/856 1107/1201/1012 1104/1200/1011 1141/1241/853
f 1096/1248/837 1103/1249/1030 1111/1250/841 1119/1251/842
f 1142/1204/1013 1103/1249/1030 1096/1248/837 1121/1205/1014
f 1153/1252/1031 1156/1253/1032 1220/1254/866 1217/1255/1033
f 1100/1247/1029 1095/1246/1028 1118/1256/815 1115/1257/1034
f 1097/1228/1021 1127/1239/860 1134/1238/859 1106/1229/1022
f 1101/1208/1015 1139/1245/1027 1124/1244/850 1094/1209/1016
f 1170/1258/970 1172/1259/1035 1163/1260/873 1161/1261/969
f 1168/1262/871 1197/1263/1036 1190/1264/890 1175/1265/872
f 1176/1266/878 1189/1267/879 1188/1268/1037 1171/1269/877
f 1164/1270/882 1193/1271/883 1198/1272/1038 1167/1273/881
f 1162/1274/768 1164/1270/882 1167/1273/881 1165/1275/885
f 1194/1276/1039 1187/1277/1040 1186/1278/1041 1195/1279/912
f 1184/1280/914 1213/1281/1042 1206/1282/1043 1179/1283/1044
f 1192/1284/896 1180/1285/1045 1177/1286/1046 1185/1287/895
f 1174/1288/1047 1176/1266/878 1171/1269/877 1169/1289/755
f 1166/1290/870 1168/1262/871 1175/1265/872 1173/1291/869
f 1182/1292/1048 1209/1293/1049 1214/1294/1050 1183/1295/900
f 1172/1259/1035 1187/1277/1040 1194/1276/1039 1163/1260/873
f 1208/1296/1051 1156/1253/1032 1153/1252/1031 1201/1297/1052
f 1186/1278/1041 1178/1298/909 1181/1299/908 1195/1279/912
f 1200/1300/1053 1184/1280/914 1179/1283/1044 1191/1301/1054
f 1180/1285/1045 1205/1302/1055 1204/1303/1056 1177/1286/1046
f 1159/1304/919 1158/1305/916 1226/1306/917 1224/1307/918
f 1196/1308/1057 1182/1292/1048 1183/1295/900 1199/1309/920
f 1190/1264/890 1197/1263/1036 1200/1300/1053 1191/1301/1054
f 1198/1272/1038 1193/1271/883 1196/1308/1057 1199/1309/920
f 1210/1310/911 1203/1311/910 1202/1312/926 1211/1313/1058
f 1188/1268/1037 1189/1267/879 1192/1284/896 1185/1287/895
f 1178/1298/909 1203/1311/910 1210/1310/911 1181/1299/908
f 1206/1282/1043 1213/1281/1042 1216/1314/1059 1207/1315/1060
f 1214/1294/1050 1209/1293/1049 1212/1316/1061 1215/1317/1062
f 1218/1318/933 1222/1319/1063 1225/1320/1064 1228/1321/932
f 1204/1303/1056 1205/1302/1055 1208/1296/1051 1201/1297/1052
f 1157/1322/907 1154/1323/1065 1219/1324/905 1227/1325/906
f 1202/1312/926 1154/1323/1065 1157/1322/907 1211/1313/1058
f 1155/1326/1066 1160/1327/936 1223/1328/937 1221/1329/938
f 1216/1314/1059 1160/1327/936 1155/1326/1066 1207/1315/1060
f 1212/1316/1061 1158/1305/916 1159/1304/919 1215/1317/1062
f 701/1330/683 702/817/705 703/1331/730
f 704/819/707 705/814/702 706/794/682
f 707/849/737 708/815/703 709/818/706
f 710/1332/736 711/1333/731 712/816/704
f 809/1334/735 810/910/798 811/1335/804
f 812/846/734 813/925/813 814/911/799
f 815/924/812 816/899/787 817/912/800
f 818/1336/786 819/1337/805 820/913/801
f 837/1338/819 838/1339/863 839/953/839
f 840/956/841 841/932/820 842/952/838
f 843/927/815 844/957/842 845/955/840
f 846/1340/816 847/954/705 848/1341/862
f 945/1342/866 946/1343/938 947/1048/930
f 948/984/867 949/1051/933 950/1023/905
f 951/1024/906 952/1050/932 953/1035/917
f 954/1344/918 955/1049/931 956/1345/937
f 973/1346/682 974/1347/707 975/1089/958
f 976/1092/730 977/1068/683 978/1088/957
f 979/1063/736 980/1093/731 981/1091/704
f 982/1348/737 983/1090/703 984/1349/966
f 1081/1350/734 1082/1351/813 1083/1184/1003
f 1084/1120/735 1085/1187/798 1086/1159/804
f 1087/1160/805 1088/1186/801 1089/1171/786
f 1090/1352/787 1091/1185/1004 1092/1353/812
f 1109/1354/820 1110/1225/838 1111/1355/841
f 1112/1227/863 1113/1222/1020 1114/1202/819
f 1115/1257/1034 1116/1223/705 1117/1226/862
f 1118/1356/815 1119/1357/842 1120/1224/840
f 1217/1358/1033 1218/1318/933 1219/1359/905
f 1220/1254/866 1221/1329/938 1222/1319/1063
f 1223/1328/937 1224/1307/918 1225/1320/1064
f 1226/1360/917 1227/1361/906 1228/1321/932
f 688/840/728 711/843/731 710/848/736 687/838/726
f 692/839/727 707/849/737 709/818/706 691/811/699
f 708/815/703 705/814/702 704/819/707 709/818/706
f 703/842/730 695/841/729 696/1362/680 701/1363/683
f 702/817/705 712/816/704 711/1333/731 703/1331/730
f 712/816/704 708/815/703 707/849/737 710/1332/736
f 705/814/702 702/817/705 701/1330/683 706/794/682
f 706/794/682 699/793/681 700/812/700 704/819/707
f 736/1364/722 733/1365/721 734/796/684 735/799/687
f 714/824/712 717/827/715 718/798/686 713/797/685
f 732/1366/694 736/1364/722 735/799/687 731/837/725
f 717/827/715 715/789/677 716/836/724 718/798/686
f 730/829/717 727/813/701 728/832/720 729/835/723
f 726/830/718 730/829/717 729/835/723 725/805/693
f 724/826/714 721/825/713 722/810/698 723/828/716
f 720/790/678 724/826/714 723/828/716 719/831/719
f 733/1365/721 696/1362/680 695/841/729 734/796/684
f 687/838/726 714/824/712 713/797/685 688/840/728
f 686/801/689 716/836/724 715/789/677 685/788/676
f 719/831/719 689/820/708 690/791/679 720/790/678
f 691/811/699 722/810/698 721/825/713 692/839/727
f 694/1367/695 732/1366/694 731/837/725 693/800/688
f 725/805/693 697/804/692 698/821/709 726/830/718
f 699/793/681 728/832/720 727/813/701 700/812/700
f 693/800/688 744/803/691 743/1368/696 694/1367/695
f 741/822/710 698/821/709 697/804/692 742/809/697
f 685/788/676 740/1369/807 739/802/690 686/801/689
f 737/1370/808 690/791/679 689/820/708 738/823/711
f 753/853/741 755/852/740 756/1371/750 754/1372/754
f 760/854/742 758/882/770 757/867/755 759/865/753
f 768/858/746 766/880/768 765/883/771 767/857/745
f 764/851/739 762/850/738 761/881/769 763/861/749
f 778/870/758 779/869/757 780/860/748 777/879/767
f 782/856/744 783/893/781 784/876/764 781/859/747
f 790/864/752 791/901/789 792/892/780 789/855/743
f 786/868/756 787/871/759 788/1373/788 785/1374/751
f 783/893/781 771/875/763 772/877/765 784/876/764
f 770/890/778 778/870/758 777/879/767 769/878/766
f 763/861/749 780/860/748 779/869/757 764/851/739
f 785/1374/751 756/1371/750 755/852/740 786/868/756
f 767/857/745 782/856/744 781/859/747 768/858/746
f 774/1375/772 788/1373/788 787/871/759 773/891/779
f 791/901/789 775/887/775 776/872/760 792/892/780
f 759/865/753 790/864/752 789/855/743 760/854/742
f 794/904/792 795/903/791 796/895/783 793/889/777
f 798/874/762 799/907/795 800/888/776 797/894/782
f 806/886/774 807/909/797 808/906/794 805/873/761
f 802/902/790 803/905/793 804/1376/796 801/1377/773
f 799/907/795 747/922/810 748/845/733 800/888/776
f 746/915/803 794/904/792 793/889/777 745/844/732
f 769/878/766 796/895/783 795/903/791 770/890/778
f 801/1377/773 774/1375/772 773/891/779 802/902/790
f 771/875/763 798/874/762 797/894/782 772/877/765
f 750/1378/785 804/1376/796 803/905/793 749/914/802
f 807/909/797 751/896/784 752/923/811 808/906/794
f 775/887/775 806/886/774 805/873/761 776/872/760
f 809/1334/735 812/846/734 814/911/799 810/910/798
f 813/925/813 815/924/812 817/912/800 814/911/799
f 816/899/787 818/1336/786 820/913/801 817/912/800
f 819/1337/805 811/1335/804 810/910/798 820/913/801
f 747/922/810 813/925/813 812/846/734 748/845/733
f 811/916/804 746/915/803 745/844/732 809/847/735
f 818/1379/786 750/1378/785 749/914/802 819/917/805
f 751/896/784 816/899/787 815/924/812 752/923/811
f 824/929/817 846/928/816 848/979/862 823/978/861
f 828/951/837 844/957/842 843/927/815 827/926/814
f 844/957/842 840/956/841 842/952/838 845/955/840
f 837/1380/819 831/1381/818 832/981/864 838/980/863
f 838/1339/863 848/1341/862 847/954/705 839/953/839
f 846/1340/816 843/927/815 845/955/840 847/954/705
f 841/932/820 837/1338/819 839/953/839 842/952/838
f 840/956/841 835/950/836 836/933/821 841/932/820
f 872/935/823 869/934/822 870/1382/856 871/1383/855
f 850/937/825 853/936/824 854/963/846 849/962/845
f 868/976/859 872/935/823 871/1383/855 867/1384/830
f 853/936/824 851/977/860 852/974/857 854/963/846
f 866/971/854 863/970/853 864/949/835 865/969/852
f 862/945/831 866/971/854 865/969/852 861/968/851
f 860/966/849 857/948/834 858/965/848 859/964/847
f 856/967/850 860/966/849 859/964/847 855/975/858
f 869/934/822 832/981/864 831/1381/818 870/1382/856
f 823/978/861 850/937/825 849/962/845 824/929/817
f 822/918/806 852/974/857 851/977/860 821/941/827
f 855/975/858 825/921/809 826/958/843 856/967/850
f 827/926/814 858/965/848 857/948/834 828/951/837
f 830/938/826 868/976/859 867/1384/830 829/1385/829
f 861/968/851 833/961/844 834/942/828 862/945/831
f 835/950/836 864/949/835 863/970/853 836/933/821
f 829/1385/829 880/1386/833 879/939/691 830/938/826
f 877/946/832 834/942/828 833/961/844 878/960/710
f 821/941/827 876/940/690 875/919/807 822/918/806
f 873/959/711 826/958/843 825/921/809 874/920/808
f 889/1387/885 891/1388/881 892/988/871 890/987/870
f 896/999/882 894/1003/886 893/1016/771 895/990/873
f 904/991/874 902/1017/899 901/1014/897 903/994/877
f 900/995/878 898/1015/898 897/986/869 899/989/872
f 914/1013/896 915/996/879 916/1007/890 913/1006/889
f 918/997/880 919/1012/895 920/1031/913 917/992/875
f 926/993/876 927/1030/912 928/1039/921 925/1000/883
f 922/1389/884 923/1390/920 924/1005/888 921/1004/887
f 919/1012/895 907/1008/891 908/1027/909 920/1031/913
f 906/1009/892 914/1013/896 913/1006/889 905/1033/915
f 899/989/872 916/1007/890 915/996/879 900/995/878
f 921/1004/887 892/988/871 891/1388/881 922/1389/884
f 903/994/877 918/997/880 917/992/875 904/991/874
f 910/1032/914 924/1005/888 923/1390/920 909/1391/900
f 927/1030/912 911/1026/908 912/1019/901 928/1039/921
f 895/990/873 926/993/876 925/1000/883 896/999/882
f 930/1052/934 931/1010/893 932/1043/925 929/1042/924
f 934/1011/894 935/1053/935 936/1044/926 933/1028/910
f 942/1029/911 943/1045/927 944/1046/928 941/1020/902
f 938/1392/903 939/1393/929 940/1041/923 937/1040/922
f 935/1053/935 883/985/868 884/1022/904 936/1044/926
f 882/982/865 930/1052/934 929/1042/924 881/1057/939
f 905/1033/915 932/1043/925 931/1010/893 906/1009/892
f 937/1040/922 910/1032/914 909/1391/900 938/1392/903
f 907/1008/891 934/1011/894 933/1028/910 908/1027/909
f 886/1054/936 940/1041/923 939/1393/929 885/1394/919
f 943/1045/927 887/1025/907 888/1034/916 944/1046/928
f 911/1026/908 942/1029/911 941/1020/902 912/1019/901
f 947/1048/930 949/1051/933 948/984/867 945/1342/866
f 949/1051/933 952/1050/932 951/1024/906 950/1023/905
f 952/1050/932 955/1049/931 954/1344/918 953/1035/917
f 955/1049/931 947/1048/930 946/1343/938 956/1345/937
f 883/985/868 948/984/867 950/1023/905 884/1022/904
f 945/983/866 882/982/865 881/1057/939 946/1056/938
f 956/1055/937 886/1054/936 885/1394/919 954/1395/918
f 887/1025/907 951/1024/906 953/1035/917 888/1034/916
f 960/1065/945 982/1064/737 984/1115/966 959/1114/699
f 964/1087/728 980/1093/731 979/1063/736 963/1062/944
f 980/1093/731 976/1092/730 978/1088/957 981/1091/704
f 973/1067/682 967/1066/681 968/1396/700 974/1397/707
f 974/1347/707 984/1349/966 983/1090/703 975/1089/958
f 982/1348/737 979/1063/736 981/1091/704 983/1090/703
f 977/1068/683 973/1346/682 975/1089/958 978/1088/957
f 976/1092/730 971/1086/956 972/1069/946 977/1068/683
f 1008/1398/947 1005/1399/701 1006/1109/720 1007/1108/723
f 986/1073/948 989/1072/716 990/1099/714 985/1098/713
f 1004/1400/965 1008/1398/947 1007/1108/723 1003/1080/693
f 989/1072/716 987/1113/719 988/1110/963 990/1099/714
f 1002/1107/722 999/1106/721 1000/1085/955 1001/1105/962
f 998/1081/953 1002/1107/722 1001/1105/962 997/1104/725
f 996/1102/686 993/1084/954 994/1101/712 995/1100/961
f 992/1103/724 996/1102/686 995/1100/961 991/1111/964
f 1005/1399/701 968/1396/700 967/1066/681 1006/1109/720
f 959/1114/699 986/1073/948 985/1098/713 960/1065/945
f 958/1058/940 988/1110/963 987/1113/719 957/1077/950
f 991/1111/964 961/1061/943 962/1094/959 992/1103/724
f 963/1062/944 994/1101/712 993/1084/954 964/1087/728
f 966/1401/949 1004/1400/965 1003/1080/693 965/1079/952
f 997/1104/725 969/1097/960 970/1078/951 998/1081/953
f 971/1086/956 1000/1085/955 999/1106/721 972/1069/946
f 965/1079/952 1016/1083/697 1015/1402/710 966/1401/949
f 1013/1082/696 970/1078/951 969/1097/960 1014/1096/691
f 957/1077/950 1012/1076/711 1011/1059/941 958/1058/940
f 1009/1095/690 962/1094/959 961/1061/943 1010/1060/942
f 1025/1403/979 1027/1404/753 1028/1124/971 1026/1123/970
f 1032/1135/977 1030/1139/980 1029/1152/869 1031/1126/740
f 1040/1127/972 1038/1153/989 1037/1150/769 1039/1130/749
f 1036/1131/975 1034/1151/988 1033/1122/969 1035/1125/745
f 1050/1149/764 1051/1132/747 1052/1143/983 1049/1142/781
f 1054/1133/976 1055/1148/767 1056/1167/758 1053/1128/973
f 1062/1129/974 1063/1166/759 1064/1175/788 1061/1136/751
f 1058/1405/978 1059/1406/789 1060/1141/982 1057/1140/981
f 1055/1148/767 1043/1144/984 1044/1163/778 1056/1167/758
f 1042/1145/985 1050/1149/764 1049/1142/781 1041/1169/995
f 1035/1125/745 1052/1143/983 1051/1132/747 1036/1131/975
f 1057/1140/981 1028/1124/971 1027/1404/753 1058/1405/978
f 1039/1130/749 1054/1133/976 1053/1128/973 1040/1127/972
f 1046/1168/760 1060/1141/982 1059/1406/789 1045/1407/990
f 1063/1166/759 1047/1162/779 1048/1155/772 1064/1175/788
f 1031/1126/740 1062/1129/974 1061/1136/751 1032/1135/977
f 1066/1188/1005 1067/1146/986 1068/1179/1000 1065/1178/999
f 1070/1147/987 1071/1189/1006 1072/1180/792 1069/1164/791
f 1078/1165/994 1079/1181/1001 1080/1182/1002 1077/1156/991
f 1074/1408/992 1075/1409/797 1076/1177/998 1073/1176/997
f 1071/1189/1006 1019/1121/968 1020/1158/993 1072/1180/792
f 1018/1118/967 1066/1188/1005 1065/1178/999 1017/1193/1007
f 1041/1169/995 1068/1179/1000 1067/1146/986 1042/1145/985
f 1073/1176/997 1046/1168/760 1045/1407/990 1074/1408/992
f 1043/1144/984 1070/1147/987 1069/1164/791 1044/1163/778
f 1022/1190/811 1076/1177/998 1075/1409/797 1021/1410/784
f 1079/1181/1001 1023/1161/802 1024/1170/996 1080/1182/1002
f 1047/1162/779 1078/1165/994 1077/1156/991 1048/1155/772
f 1083/1184/1003 1085/1187/798 1084/1120/735 1081/1350/734
f 1085/1187/798 1088/1186/801 1087/1160/805 1086/1159/804
f 1088/1186/801 1091/1185/1004 1090/1352/787 1089/1171/786
f 1091/1185/1004 1083/1184/1003 1082/1351/813 1092/1353/812
f 1019/1121/968 1084/1120/735 1086/1159/804 1020/1158/993
f 1081/1119/734 1018/1118/967 1017/1193/1007 1082/1192/813
f 1092/1191/812 1022/1190/811 1021/1410/784 1090/1411/787
f 1023/1161/802 1087/1160/805 1089/1171/786 1024/1170/996
f 1096/1248/837 1119/1251/842 1118/1256/815 1095/1246/1028
f 1100/1247/1029 1115/1257/1034 1117/1226/862 1099/1219/861
f 1116/1223/705 1113/1222/1020 1112/1227/863 1117/1226/862
f 1111/1412/841 1103/1413/1030 1104/1200/1011 1109/1203/820
f 1110/1225/838 1120/1224/840 1119/1357/842 1111/1355/841
f 1120/1224/840 1116/1223/705 1115/1257/1034 1118/1356/815
f 1113/1222/1020 1110/1225/838 1109/1354/820 1114/1202/819
f 1114/1202/819 1107/1201/1012 1108/1220/864 1112/1227/863
f 1144/1242/1025 1141/1241/853 1142/1414/1013 1143/1415/852
f 1122/1232/848 1125/1235/847 1126/1206/849 1121/1205/1014
f 1140/1214/831 1144/1242/1025 1143/1415/852 1139/1416/1027
f 1125/1235/847 1123/1198/858 1124/1244/850 1126/1206/849
f 1138/1237/1024 1135/1221/1019 1136/1240/856 1137/1243/1026
f 1134/1238/859 1138/1237/1024 1137/1243/1026 1133/1213/830
f 1132/1234/1023 1129/1233/845 1130/1218/825 1131/1236/824
f 1128/1199/1010 1132/1234/1023 1131/1236/824 1127/1239/860
f 1141/1241/853 1104/1200/1011 1103/1413/1030 1142/1414/1013
f 1095/1246/1028 1122/1232/848 1121/1205/1014 1096/1248/837
f 1094/1209/1016 1124/1244/850 1123/1198/858 1093/1194/1008
f 1127/1239/860 1097/1228/1021 1098/1195/1009 1128/1199/1010
f 1099/1219/861 1130/1218/825 1129/1233/845 1100/1247/1029
f 1102/1215/1018 1140/1214/831 1139/1416/1027 1101/1417/1015
f 1133/1213/830 1105/1212/1017 1106/1229/1022 1134/1238/859
f 1107/1201/1012 1136/1240/856 1135/1221/1019 1108/1220/864
f 1101/1417/1015 1152/1418/710 1151/1216/832 1102/1215/1018
f 1149/1230/691 1106/1229/1022 1105/1212/1017 1150/1217/833
f 1093/1194/1008 1148/1197/941 1147/1210/711 1094/1209/1016
f 1145/1196/942 1098/1195/1009 1097/1228/1021 1146/1231/690
f 1161/1261/969 1163/1260/873 1164/1419/882 1162/1420/768
f 1168/1262/871 1166/1290/870 1165/1275/885 1167/1273/881
f 1176/1266/878 1174/1288/1047 1173/1291/869 1175/1265/872
f 1172/1259/1035 1170/1258/970 1169/1289/755 1171/1269/877
f 1186/1278/1041 1187/1277/1040 1188/1268/1037 1185/1287/895
f 1190/1264/890 1191/1301/1054 1192/1284/896 1189/1267/879
f 1198/1272/1038 1199/1309/920 1200/1300/1053 1197/1263/1036
f 1194/1276/1039 1195/1279/912 1196/1421/1057 1193/1422/883
f 1191/1301/1054 1179/1283/1044 1180/1285/1045 1192/1284/896
f 1178/1298/909 1186/1278/1041 1185/1287/895 1177/1286/1046
f 1171/1269/877 1188/1268/1037 1187/1277/1040 1172/1259/1035
f 1193/1422/883 1164/1419/882 1163/1260/873 1194/1276/1039
f 1175/1265/872 1190/1264/890 1189/1267/879 1176/1266/878
f 1182/1423/1048 1196/1421/1057 1195/1279/912 1181/1299/908
f 1199/1309/920 1183/1295/900 1184/1280/914 1200/1300/1053
f 1167/1273/881 1198/1272/1038 1197/1263/1036 1168/1262/871
f 1202/1312/926 1203/1311/910 1204/1303/1056 1201/1297/1052
f 1206/1282/1043 1207/1315/1060 1208/1296/1051 1205/1302/1055
f 1214/1294/1050 1215/1317/1062 1216/1314/1059 1213/1281/1042
f 1210/1310/911 1211/1313/1058 1212/1424/1061 1209/1425/1049
f 1207/1315/1060 1155/1326/1066 1156/1253/1032 1208/1296/1051
f 1154/1323/1065 1202/1312/926 1201/1297/1052 1153/1252/1031
f 1177/1286/1046 1204/1303/1056 1203/1311/910 1178/1298/909
f 1209/1425/1049 1182/1423/1048 1181/1299/908 1210/1310/911
f 1179/1283/1044 1206/1282/1043 1205/1302/1055 1180/1285/1045
f 1158/1426/916 1212/1424/1061 1211/1313/1058 1157/1322/907
f 1215/1317/1062 1159/1304/919 1160/1327/936 1216/1314/1059
f 1183/1295/900 1214/1294/1050 1213/1281/1042 1184/1280/914
f 1217/1358/1033 1220/1254/866 1222/1319/1063 1218/1318/933
f 1221/1329/938 1223/1328/937 1225/1320/1064 1222/1319/1063
f 1224/1307/918 1226/1360/917 1228/1321/932 1225/1320/1064
f 1227/1361/906 1219/1359/905 1218/1318/933 1228/1321/932
f 1155/1326/1066 1221/1329/938 1220/1254/866 1156/1253/1032
f 1219/1324/905 1154/1323/1065 1153/1252/1031 1217/1255/1033
f 1226/1427/917 1158/1426/916 1157/1322/907 1227/1325/906
f 1159/1304/919 1224/1307/918 1223/1328/937 1160/1327/936
f 685/788/676 690/791/679 737/1370/808 740/1369/807
f 1371/1428/1067 1376/1429/1068 1592/1430/1069 1573/1431/1070
f 1319/1432/1071 1600/1433/1072 1581/1434/1073 1314/1435/1074
f 1377/1436/1075 1379/1437/1076 1598/1438/1077 1591/1439/1078
f 1383/1440/1079 1384/1441/1080 2005/1442/1081 2003/1443/1082
f 2004/1444/1083 1385/1445/1084 1616/1446/1085 1261/1447/1086
f 1330/1448/1087 1632/1449/1088 1264/1450/1089 2001/1451/1090
f 2003/1443/1082 2005/1442/1081 1391/1452/1091 1387/1453/1092
f 1390/1454/1093 2004/1444/1083 1261/1447/1086 1629/1455/1094
f 2002/1456/1095 1388/1457/1096 1624/1458/1097 1265/1459/1098
f 1996/1460/1099 1397/1461/1100 1648/1462/1101 1253/1463/1102
f 1342/1464/1103 1664/1465/1104 1256/1466/1105 1993/1467/1106
f 1995/1468/1107 1997/1469/1108 1403/1470/1109 1399/1471/1110
f 1402/1472/1111 1996/1460/1099 1253/1463/1102 1661/1473/1112
f 1994/1474/1113 1400/1475/1114 1656/1476/1115 1257/1477/1116
f 1988/1478/1117 1409/1479/1118 1680/1480/1119 1245/1481/1120
f 1354/1482/1121 1696/1483/1122 1248/1484/1123 1985/1485/1124
f 1987/1486/1125 1989/1487/1126 1415/1488/1127 1411/1489/1128
f 1414/1490/1129 1988/1478/1117 1245/1481/1120 1693/1491/1130
f 1986/1492/1131 1412/1493/1132 1688/1494/1133 1249/1495/1134
f 1980/1496/1135 1421/1497/1136 1712/1498/1137 1237/1499/1138
f 1366/1500/1139 1728/1501/1140 1240/1502/1141 1977/1503/1142
f 1979/1504/1143 1981/1505/1144 1427/1506/1145 1423/1507/1146
f 1426/1508/1147 1980/1496/1135 1237/1499/1138 1725/1509/1148
f 1978/1510/1149 1424/1511/1150 1720/1512/1151 1241/1513/1152
f 1236/1514/1153 1748/1515/1154 1743/1516/1155 1235/1517/1156
f 1740/1518/1157 1232/1519/1158 1753/1520/1159 2053/1521/1160
f 2049/1522/1161 1748/1515/1154 1236/1514/1153 1738/1523/1162
f 2047/1524/1163 1971/1525/1164 1734/1526/1165 1736/1527/1166
f 1235/1517/1156 1743/1516/1155 1741/1528/1167 1234/1529/1168
f 1380/1530/1169 1373/1531/1170 1584/1532/1171 1597/1533/1172
f 1316/1534/1173 1590/1535/1174 1599/1536/1175 1320/1537/1176
f 1322/1538/1177 1998/1539/1178 2000/1540/1179 1324/1541/1180
f 1310/1542/1181 1576/1543/1182 1589/1544/1183 1317/1545/1184
f 1998/1539/1178 1327/1546/1185 1332/1547/1186 2000/1540/1179
f 1328/1548/1187 1622/1549/1188 1631/1550/1189 1331/1551/1190
f 1389/1552/1191 1392/1553/1192 1630/1554/1193 1623/1555/1194
f 1999/1556/1195 1268/1557/1196 1621/1558/1197 1329/1559/1198
f 2001/1451/1090 1264/1450/1089 1613/1560/1199 1326/1561/1200
f 1990/1562/1201 1339/1563/1202 1344/1564/1203 1992/1565/1204
f 1340/1566/1205 1654/1567/1206 1663/1568/1207 1343/1569/1208
f 1401/1570/1209 1404/1571/1210 1662/1572/1211 1655/1573/1212
f 1991/1574/1213 1260/1575/1214 1653/1576/1215 1341/1577/1216
f 1993/1467/1106 1256/1466/1105 1645/1578/1217 1338/1579/1218
f 1982/1580/1219 1351/1581/1220 1356/1582/1221 1984/1583/1222
f 1352/1584/1223 1686/1585/1224 1695/1586/1225 1355/1587/1226
f 1413/1588/1227 1416/1589/1228 1694/1590/1229 1687/1591/1230
f 1983/1592/1231 1252/1593/1232 1685/1594/1233 1353/1595/1234
f 1985/1485/1124 1248/1484/1123 1677/1596/1235 1350/1597/1236
f 1974/1598/1237 1363/1599/1238 1368/1600/1239 1976/1601/1240
f 1364/1602/1241 1718/1603/1242 1727/1604/1243 1367/1605/1244
f 1425/1606/1245 1428/1607/1246 1726/1608/1247 1719/1609/1248
f 1975/1610/1249 1244/1611/1250 1717/1612/1251 1365/1613/1252
f 1977/1503/1142 1240/1502/1141 1709/1614/1253 1362/1615/1254
f 1738/1523/1162 1236/1514/1153 1953/1616/1255 2056/1617/1256
f 1735/1618/1257 1970/1619/1258 1948/1620/1259 1229/1621/1260
f 1949/1622/1261 1960/1623/1262 1963/1624/1263 1954/1625/1264
f 1963/1624/1263 2058/1626/1265 2057/1627/1266 1954/1625/1264
f 1752/1628/1267 1230/1629/1268 1229/1621/1260 1948/1620/1259
f 1499/1630/1269 1506/1631/1270 1773/1632/1271 1756/1633/1272
f 1438/1634/1273 1432/1635/1274 1429/1636/1275 1435/1637/1276
f 1779/1638/1277 1774/1639/1278 1505/1640/1279 1509/1641/1280
f 1508/1642/1281 1503/1643/1282 1765/1644/1283 1780/1645/1284
f 2044/1646/1285 2042/1647/1286 1511/1648/1287 1513/1649/1288
f 2045/1650/1289 1515/1651/1290 1797/1652/1291 1304/1653/1292
f 1521/1654/1293 1516/1655/1294 2042/1647/1286 2044/1646/1285
f 1519/1656/1295 2045/1650/1289 1304/1653/1292 1812/1657/1296
f 1448/1658/1297 2041/1659/1298 2039/1660/1299 1444/1661/1300
f 2043/1662/1301 1518/1663/1302 1805/1664/1303 1308/1665/1304
f 1458/1666/1305 1461/1667/1306 1844/1668/1307 1837/1669/1308
f 1459/1670/1309 2032/1671/1310 1293/1672/1311 1843/1673/1312
f 2034/1674/1313 1528/1675/1314 1533/1676/1315 2036/1677/1316
f 2037/1678/1317 1296/1679/1318 1827/1680/1319 1527/1681/1320
f 2035/1682/1321 1300/1683/1322 1835/1684/1323 1530/1685/1324
f 1470/1686/1325 1473/1687/1326 1876/1688/1327 1869/1689/1328
f 1471/1690/1329 2024/1691/1330 1285/1692/1331 1875/1693/1332
f 2026/1694/1333 1540/1695/1334 1545/1696/1335 2028/1697/1336
f 2029/1698/1337 1288/1699/1338 1859/1700/1339 1539/1701/1340
f 2027/1702/1341 1292/1703/1342 1867/1704/1343 1542/1705/1344
f 1482/1706/1345 1485/1707/1346 1908/1708/1307 1901/1709/1347
f 1483/1710/1348 2016/1711/1349 1277/1712/1350 1907/1713/1351
f 2018/1714/1352 1552/1715/1353 1557/1716/1354 2020/1717/1355
f 2021/1718/1356 1280/1719/1357 1891/1720/1358 1551/1721/1359
f 2019/1722/1360 1284/1723/1361 1899/1724/1362 1554/1725/1363
f 1494/1726/1364 1497/1727/1365 1940/1728/1366 1933/1729/1367
f 1495/1730/1368 2008/1731/1369 1269/1732/1304 1939/1733/1370
f 1565/1734/1371 1932/1735/1372 1941/1736/1373 1568/1737/1374
f 2013/1738/1375 1272/1739/1376 1923/1740/1377 1563/1741/1378
f 1440/1742/1379 1781/1743/1380 1764/1744/1381 1433/1745/1382
f 1775/1746/1383 1786/1747/1384 1782/1748/1385 1771/1749/1386
f 1443/1750/1387 1795/1751/1388 1790/1752/1389 1570/1753/1390
f 1431/1754/1391 1757/1755/1392 1772/1756/1393 1436/1757/1394
f 1782/1748/1385 1439/1758/1395 1437/1759/1396 1771/1749/1386
f 1447/1760/1397 1813/1761/1398 1301/1762/1399 2040/1763/1400
f 2041/1659/1298 1441/1764/1353 1572/1765/1354 2039/1660/1299
f 2038/1766/1401 1305/1767/1402 1804/1768/1403 1445/1769/1404
f 2040/1763/1400 1301/1762/1399 1796/1770/1405 1442/1771/1406
f 1512/1772/1407 2043/1662/1301 1308/1665/1304 1788/1773/1370
f 2031/1774/1408 2033/1775/1409 1460/1776/1410 1456/1777/1411
f 1531/1778/1412 1846/1779/1413 1296/1679/1318 2037/1678/1317
f 1529/1780/1414 1836/1781/1415 1845/1782/1416 1532/1783/1417
f 2030/1784/1418 1457/1785/1419 1838/1786/1420 1297/1787/1421
f 2032/1671/1310 1454/1788/1422 1830/1789/1423 1293/1672/1311
f 2023/1790/1424 2025/1791/1425 1472/1792/1426 1468/1793/1427
f 1543/1794/1428 1878/1795/1429 1288/1699/1338 2029/1698/1337
f 1541/1796/1430 1868/1797/1431 1877/1798/1432 1544/1799/1433
f 2022/1800/1434 1469/1801/1435 1870/1802/1436 1289/1803/1437
f 2024/1691/1330 1466/1804/1438 1862/1805/1439 1285/1692/1331
f 2015/1806/1440 2017/1807/1409 1484/1808/1410 1480/1809/1441
f 1555/1810/1442 1910/1811/1443 1280/1719/1357 2021/1718/1356
f 1553/1812/1444 1900/1813/1445 1909/1814/1389 1556/1815/1446
f 2014/1816/1447 1481/1817/1448 1902/1818/1449 1281/1819/1450
f 2016/1711/1349 1478/1820/1451 1894/1821/1452 1277/1712/1350
f 2007/1822/1453 2009/1823/1286 1496/1824/1454 1492/1825/1288
f 2010/1826/1455 1564/1827/1456 1569/1828/1457 2012/1829/1458
f 1567/1830/1459 1942/1831/1460 1272/1739/1376 2013/1738/1375
f 2011/1832/1461 1276/1833/1462 1931/1834/1463 1566/1835/1464
f 2008/1731/1369 1490/1836/1465 1926/1837/1466 1269/1732/1304
f 2006/1838/1289 1493/1839/1467 1934/1840/1291 1273/1841/1292
f 1574/1842/1468 1583/1843/1469 1374/1844/1470 1370/1845/1471
f 1587/1846/1472 1585/1847/1473 1604/1848/1474 1602/1849/1475
f 1585/1847/1473 1581/1434/1073 1600/1433/1072 1604/1848/1474
f 1584/1532/1171 1587/1846/1472 1602/1849/1475 1597/1533/1172
f 1593/1850/1476 1589/1544/1183 1576/1543/1182 1580/1851/1477
f 1951/1852/1478 1958/1853/1479 1960/1623/1262 1949/1622/1261
f 1601/1854/1480 1603/1855/1481 1594/1856/1482 1596/1857/1483
f 1237/1499/1138 1238/1858/1484 1730/1859/1485 1725/1509/1148
f 1598/1438/1077 1601/1854/1480 1596/1857/1483 1591/1439/1078
f 1586/1860/1486 1588/1861/1487 1577/1862/1488 1579/1863/1489
f 1935/1864/1490 1931/1834/1463 1276/1833/1462 1275/1865/1491
f 1592/1430/1069 1595/1866/1492 1578/1867/1493 1573/1431/1070
f 1263/1868/1494 1264/1450/1089 1632/1449/1088 1636/1869/1495
f 1617/1870/1496 1613/1560/1199 1264/1450/1089 1263/1868/1494
f 1262/1871/1484 1263/1868/1494 1636/1869/1495 1634/1872/1497
f 1620/1873/1498 1615/1874/1499 1606/1875/1500 1609/1876/1501
f 1603/1855/1481 1599/1536/1175 1590/1535/1174 1594/1856/1482
f 1618/1877/1502 1620/1873/1498 1609/1876/1501 1611/1878/1503
f 1266/1879/1504 1627/1880/1505 1625/1881/1506 1267/1882/1507
f 1657/1883/1508 1653/1576/1215 1260/1575/1214 1259/1884/1509
f 1624/1458/1097 1627/1880/1505 1266/1879/1504 1265/1459/1098
f 1267/1882/1507 1268/1557/1196 1608/1885/1510 1612/1886/1511
f 1265/1459/1098 1266/1879/1504 1610/1887/1512 1605/1888/1513
f 1614/1889/1514 1618/1877/1502 1611/1878/1503 1607/1890/1515
f 1255/1891/1494 1256/1466/1105 1664/1465/1104 1668/1892/1495
f 1649/1893/1496 1645/1578/1217 1256/1466/1105 1255/1891/1494
f 1254/1894/1484 1255/1891/1494 1668/1892/1495 1666/1895/1497
f 1652/1896/1498 1647/1897/1516 1638/1898/1517 1641/1899/1501
f 1257/1477/1116 1258/1900/1518 1642/1901/1512 1637/1902/1519
f 1650/1903/1502 1652/1896/1498 1641/1899/1501 1643/1904/1503
f 1258/1900/1518 1659/1905/1505 1657/1883/1508 1259/1884/1509
f 1595/1866/1492 1593/1850/1476 1580/1851/1477 1578/1867/1493
f 1656/1476/1115 1659/1905/1505 1258/1900/1518 1257/1477/1116
f 1259/1884/1509 1260/1575/1214 1640/1906/1520 1644/1907/1511
f 1266/1879/1504 1267/1882/1507 1612/1886/1511 1610/1887/1512
f 1646/1908/1521 1650/1903/1502 1643/1904/1503 1639/1909/1522
f 1247/1910/1494 1248/1484/1123 1696/1483/1122 1700/1911/1495
f 1681/1912/1523 1677/1596/1235 1248/1484/1123 1247/1910/1494
f 1246/1913/1484 1247/1910/1494 1700/1911/1495 1698/1914/1497
f 1684/1915/1498 1679/1916/1524 1670/1917/1525 1673/1918/1501
f 1249/1495/1134 1250/1919/1518 1674/1920/1512 1669/1921/1526
f 1682/1922/1502 1684/1915/1498 1673/1918/1501 1675/1923/1503
f 1697/1924/1527 1699/1925/1528 1690/1926/1529 1692/1927/1530
f 1796/1770/1405 1301/1762/1399 1302/1928/1491 1799/1929/1490
f 1688/1494/1133 1691/1930/1531 1250/1919/1518 1249/1495/1134
f 1251/1931/1507 1252/1593/1232 1672/1932/1532 1676/1933/1511
f 1245/1481/1120 1246/1913/1484 1698/1914/1497 1693/1491/1130
f 1678/1934/1533 1682/1922/1502 1675/1923/1503 1671/1935/1534
f 1239/1936/1494 1240/1502/1141 1728/1501/1140 1732/1937/1495
f 1713/1938/1496 1709/1614/1253 1240/1502/1141 1239/1936/1494
f 1238/1858/1484 1239/1936/1494 1732/1937/1495 1730/1859/1485
f 1716/1939/1498 1711/1940/1535 1702/1941/1536 1705/1942/1501
f 1241/1513/1152 1242/1943/1518 1706/1944/1512 1701/1945/1537
f 1714/1946/1502 1716/1939/1498 1705/1942/1501 1707/1947/1503
f 1729/1948/1527 1731/1949/1528 1722/1950/1538 1724/1951/1539
f 1778/1952/1540 1760/1953/1541 1756/1633/1272 1773/1632/1271
f 1720/1512/1151 1723/1954/1542 1242/1943/1518 1241/1513/1152
f 1243/1955/1507 1244/1611/1250 1704/1956/1543 1708/1957/1511
f 1261/1447/1086 1262/1871/1484 1634/1872/1497 1629/1455/1094
f 1710/1958/1544 1714/1946/1502 1707/1947/1503 1703/1959/1545
f 1955/1960/1546 1962/1961/1547 1958/1853/1479 1951/1852/1478
f 1952/1962/1548 1234/1529/1168 1233/1963/1549 1956/1964/1550
f 1234/1529/1168 1741/1528/1167 1745/1965/1551 1233/1963/1549
f 1969/1966/1552 1966/1967/1553 1746/1968/1554 1947/1969/1555
f 1733/1970/1556 1973/1971/1557 1956/1964/1550 1233/1963/1549
f 1232/1519/1158 1964/1972/1558 1959/1973/1559 1231/1974/1560
f 1689/1975/1561 1685/1594/1233 1252/1593/1232 1251/1931/1507
f 1744/1976/1562 1749/1977/1563 1751/1978/1564 1742/1979/1565
f 1242/1943/1518 1243/1955/1507 1708/1957/1511 1706/1944/1512
f 1230/1629/1268 1957/1980/1566 1961/1981/1567 1229/1621/1260
f 1777/1982/1568 1784/1983/1569 1786/1747/1384 1775/1746/1383
f 1764/1744/1381 1781/1743/1380 1785/1984/1570 1767/1985/1571
f 1774/1639/1278 1779/1638/1277 1784/1983/1569 1777/1982/1568
f 1760/1953/1541 1778/1952/1540 1776/1986/1572 1762/1987/1573
f 1258/1900/1518 1259/1884/1509 1644/1907/1511 1642/1901/1512
f 1772/1756/1393 1757/1755/1392 1762/1987/1573 1776/1986/1572
f 1502/1988/1574 1500/1989/1575 1755/1990/1576 1766/1991/1577
f 1769/1992/1578 1783/1993/1579 1780/1645/1284 1765/1644/1283
f 1783/1993/1579 1769/1992/1578 1767/1985/1571 1785/1984/1570
f 1758/1994/1580 1763/1995/1581 1768/1996/1582 1761/1997/1583
f 1809/1998/1584 1816/1999/1585 1818/2000/1586 1807/2001/1587
f 1293/1672/1311 1294/2002/1588 1848/2003/1589 1843/1673/1312
f 1810/2004/1590 1307/2005/1588 1308/1665/1304 1805/1664/1303
f 1295/2006/1591 1296/1679/1318 1846/1779/1413 1850/2007/1592
f 1831/2008/1593 1827/1680/1319 1296/1679/1318 1295/2006/1591
f 1294/2002/1588 1295/2006/1591 1850/2007/1592 1848/2003/1589
f 1834/2009/1594 1829/2010/1595 1820/2011/1596 1823/2012/1597
f 1297/1787/1421 1298/2013/1598 1824/2014/1599 1819/2015/1600
f 1832/2016/1587 1834/2009/1594 1823/2012/1597 1825/2017/1586
f 1298/2013/1598 1841/2018/1601 1839/2019/1602 1299/2020/1491
f 1307/2005/1588 1792/2021/1589 1788/1773/1370 1308/1665/1304
f 1838/1786/1420 1841/2018/1601 1298/2013/1598 1297/1787/1421
f 1299/2020/1491 1300/1683/1322 1822/2022/1603 1826/2023/1604
f 1285/1692/1331 1286/2024/1588 1880/2025/1589 1875/1693/1332
f 1828/2026/1605 1832/2016/1587 1825/2017/1586 1821/2027/1606
f 1287/2028/1591 1288/1699/1338 1878/1795/1429 1882/2029/1592
f 1863/2030/1593 1859/1700/1339 1288/1699/1338 1287/2028/1591
f 1286/2024/1588 1287/2028/1591 1882/2029/1592 1880/2025/1589
f 1866/2031/1594 1861/2032/1607 1852/2033/1608 1855/2034/1597
f 1289/1803/1437 1290/2035/1598 1856/2036/1609 1851/2037/1610
f 1864/2038/1587 1866/2031/1594 1855/2034/1597 1857/2039/1611
f 1290/2035/1598 1873/2040/1612 1871/2041/1613 1291/2042/1491
f 1250/1919/1518 1691/1930/1531 1689/1975/1561 1251/1931/1507
f 1870/1802/1436 1873/2040/1612 1290/2035/1598 1289/1803/1437
f 1291/2042/1491 1292/1703/1342 1854/2043/1614 1858/2044/1615
f 1879/2045/1616 1881/2046/1617 1872/2047/1618 1874/2048/1619
f 1860/2049/1620 1864/2038/1587 1857/2039/1611 1853/2050/1621
f 1279/2051/1591 1280/1719/1357 1910/1811/1443 1914/2052/1592
f 1895/2053/1593 1891/1720/1358 1280/1719/1357 1279/2051/1591
f 1278/2054/1588 1279/2051/1591 1914/2052/1592 1912/2055/1622
f 1898/2056/1594 1893/2057/1623 1884/2058/1624 1887/2059/1597
f 1281/1819/1450 1282/2060/1598 1888/2061/1609 1883/2062/1625
f 1896/2063/1587 1898/2056/1594 1887/2059/1597 1889/2064/1586
f 1911/2065/1626 1913/2066/1617 1904/2067/1618 1906/2068/1627
f 1269/1732/1304 1270/2069/1588 1944/2070/1589 1939/1733/1370
f 1902/1818/1449 1905/2071/1628 1282/2060/1598 1281/1819/1450
f 1283/2072/1491 1284/1723/1361 1886/2073/1629 1890/2074/1615
f 1747/2075/1630 1754/2076/1631 1749/1977/1563 1744/1976/1562
f 1892/2077/1632 1896/2063/1587 1889/2064/1586 1885/2078/1633
f 1271/2079/1591 1272/1739/1376 1942/1831/1460 1946/2080/1592
f 1927/2081/1593 1923/1740/1377 1272/1739/1376 1271/2079/1591
f 1270/2069/1588 1271/2079/1591 1946/2080/1592 1944/2070/1589
f 1930/2082/1594 1925/2083/1634 1916/2084/1635 1919/2085/1597
f 1273/1841/1292 1274/2086/1598 1920/2087/1609 1915/2088/1296
f 1928/2089/1587 1930/2082/1594 1919/2085/1597 1921/2090/1586
f 1943/2091/1626 1945/2092/1617 1936/2093/1636 1938/2094/1619
f 1871/2041/1613 1867/1704/1343 1292/1703/1342 1291/2042/1491
f 1934/1840/1291 1937/2095/1628 1274/2086/1598 1273/1841/1292
f 1275/1865/1491 1276/1833/1462 1918/2096/1637 1922/2097/1615
f 1298/2013/1598 1299/2020/1491 1826/2023/1604 1824/2014/1599
f 1924/2098/1638 1928/2089/1587 1921/2090/1586 1917/2099/1639
f 1306/2100/1591 1794/2101/1640 1792/2021/1589 1307/2005/1588
f 1303/2102/1598 1815/2103/1609 1812/1657/1296 1304/1653/1292
f 1305/1767/1402 1789/2104/1641 1794/2101/1640 1306/2100/1591
f 1302/1928/1491 1817/2105/1642 1815/2103/1609 1303/2102/1598
f 1793/2106/1617 1800/2107/1618 1802/2108/1627 1791/2109/1626
f 1301/1762/1399 1813/1761/1398 1817/2105/1642 1302/1928/1491
f 1790/1752/1389 1795/1751/1388 1800/2107/1618 1793/2106/1617
f 1761/1997/1583 1768/1996/1582 1770/2110/1643 1759/2111/1644
f 1791/2109/1626 1802/2108/1627 1798/2112/1645 1787/2113/1366
f 1582/2114/1646 1586/1860/1486 1579/1863/1489 1575/2115/1647
f 1759/2111/1644 1770/2110/1643 1766/1991/1577 1755/1990/1576
f 1309/2116/1648 1315/2117/1649 1318/2118/1650 1312/2119/1651
f 1242/1943/1518 1723/1954/1542 1721/2120/1652 1243/1955/1507
f 1721/2120/1652 1717/1612/1251 1244/1611/1250 1243/1955/1507
f 1753/1520/1159 1232/1519/1158 1231/1974/1560 1750/2121/1653
f 1953/1616/1255 1236/1514/1153 1235/1517/1156 1950/2122/1654
f 1742/1979/1565 1751/1978/1564 1947/1969/1555 1746/1968/1554
f 1231/1974/1560 1230/1629/1268 1752/1628/1267 1750/2121/1653
f 1962/1961/1547 1955/1960/1546 1972/2123/1655 2046/2124/1656
f 2054/2125/1657 1754/2076/1631 1747/2075/1630 2051/2126/1658
f 1965/2127/1659 1733/1970/1556 1233/1963/1549 1745/1965/1551
f 2048/2128/1660 1735/1618/1257 1229/1621/1260 1961/1981/1567
f 2059/2129/1661 1964/1972/1558 1232/1519/1158 1740/1518/1157
f 1231/1974/1560 1959/1973/1559 1957/1980/1566 1230/1629/1268
f 1277/1712/1350 1278/2054/1588 1912/2055/1622 1907/1713/1351
f 1731/1949/1528 1727/1604/1243 1718/1603/1242 1722/1950/1538
f 1726/1608/1247 1729/1948/1527 1724/1951/1539 1719/1609/1248
f 1712/1498/1137 1715/2130/1662 1238/1858/1484 1237/1499/1138
f 1238/1858/1484 1715/2130/1662 1713/1938/1496 1239/1936/1494
f 1418/2131/1663 1978/1510/1149 1241/1513/1152 1701/1945/1537
f 1369/2132/1664 1372/2133/1665 1378/2134/1666 1375/2135/1667
f 1703/1959/1545 1357/2136/1668 1361/2137/1669 1710/1958/1544
f 1702/1941/1536 1711/1940/1535 1422/2138/1670 1417/2139/1671
f 1434/2140/1672 1763/1995/1581 1758/1994/1580 1430/2141/1673
f 1359/2142/1674 1704/1956/1543 1244/1611/1250 1975/1610/1249
f 1250/1919/1518 1251/1931/1507 1676/1933/1511 1674/1920/1512
f 1699/1925/1528 1695/1586/1225 1686/1585/1224 1690/1926/1529
f 1694/1590/1229 1697/1924/1527 1692/1927/1530 1687/1591/1230
f 1680/1480/1119 1683/2143/1675 1246/1913/1484 1245/1481/1120
f 1246/1913/1484 1683/2143/1675 1681/1912/1523 1247/1910/1494
f 1406/2144/1676 1986/1492/1131 1249/1495/1134 1669/1921/1526
f 1358/2145/1677 1974/1598/1237 1976/1601/1240 1360/2146/1678
f 1671/1935/1534 1345/2147/1679 1349/2148/1680 1678/1934/1533
f 1670/1917/1525 1679/1916/1524 1410/2149/1681 1405/2150/1682
f 1419/2151/1683 1420/2152/1684 1981/1505/1144 1979/1504/1143
f 1347/2153/1685 1672/1932/1532 1252/1593/1232 1983/1592/1231
f 1625/1881/1506 1621/1558/1197 1268/1557/1196 1267/1882/1507
f 1253/1463/1102 1254/1894/1484 1666/1895/1497 1661/1473/1112
f 1667/2154/1686 1663/1568/1207 1654/1567/1206 1658/2155/1687
f 1662/1572/1211 1665/2156/1688 1660/2157/1689 1655/1573/1212
f 1648/1462/1101 1651/2158/1675 1254/1894/1484 1253/1463/1102
f 1254/1894/1484 1651/2158/1675 1649/1893/1496 1255/1891/1494
f 1394/2159/1690 1994/1474/1113 1257/1477/1116 1637/1902/1519
f 1346/2160/1691 1982/1580/1219 1984/1583/1222 1348/2161/1692
f 1639/1909/1522 1333/2162/1693 1337/2163/1694 1646/1908/1521
f 1638/1898/1517 1647/1897/1516 1398/2164/1695 1393/2165/1696
f 1407/2166/1697 1408/2167/1698 1989/1487/1126 1987/1486/1125
f 1335/2168/1699 1640/1906/1520 1260/1575/1214 1991/1574/1213
f 1665/2156/1688 1667/2154/1686 1658/2155/1687 1660/2157/1689
f 1282/2060/1598 1283/2072/1491 1890/2074/1615 1888/2061/1609
f 1635/2169/1686 1631/1550/1189 1622/1549/1188 1626/2170/1700
f 1630/1554/1193 1633/2171/1688 1628/2172/1701 1623/1555/1194
f 1616/1446/1085 1619/2173/1675 1262/1871/1484 1261/1447/1086
f 1262/1871/1484 1619/2173/1675 1617/1870/1496 1263/1868/1494
f 1382/2174/1702 2002/1456/1095 1265/1459/1098 1605/1888/1513
f 1334/2175/1703 1990/1562/1201 1992/1565/1204 1336/2176/1704
f 1607/1890/1515 1321/2177/1705 1325/2178/1706 1614/1889/1514
f 1606/1875/1500 1615/1874/1499 1386/2179/1707 1381/2180/1708
f 1395/2181/1709 1396/2182/1710 1997/1469/1108 1995/1468/1107
f 1323/2183/1711 1608/1885/1510 1268/1557/1196 1999/1556/1195
f 1282/2060/1598 1905/2071/1628 1903/2184/1602 1283/2072/1491
f 1903/2184/1602 1899/1724/1362 1284/1723/1361 1283/2072/1491
f 1945/2092/1617 1941/1736/1373 1932/1735/1372 1936/2093/1636
f 1940/1728/1366 1943/2091/1626 1938/2094/1619 1933/1729/1367
f 1926/1837/1466 1929/2185/1590 1270/2069/1588 1269/1732/1304
f 1270/2069/1588 1929/2185/1590 1927/2081/1593 1271/2079/1591
f 1560/2186/1712 1918/2096/1637 1276/1833/1462 2011/1832/1461
f 1917/2099/1639 1558/2187/1713 1562/2188/1714 1924/2098/1638
f 1916/2084/1635 1925/2083/1634 1491/2189/1715 1486/2190/1716
f 1571/2191/1717 1789/2104/1641 1305/1767/1402 2038/1766/1401
f 1487/2192/1718 2006/1838/1289 1273/1841/1292 1915/2088/1296
f 1507/2193/1719 1504/2194/1720 1498/2195/1721 1501/2196/1722
f 1274/2086/1598 1937/2095/1628 1935/1864/1490 1275/1865/1491
f 1274/2086/1598 1275/1865/1491 1922/2097/1615 1920/2087/1609
f 1913/2066/1617 1909/1814/1389 1900/1813/1445 1904/2067/1618
f 1908/1708/1307 1911/2065/1626 1906/2068/1627 1901/1709/1347
f 1894/1821/1452 1897/2197/1590 1278/2054/1588 1277/1712/1350
f 1278/2054/1588 1897/2197/1590 1895/2053/1593 1279/2051/1591
f 1548/2198/1723 1886/2073/1629 1284/1723/1361 2019/1722/1360
f 1885/2078/1633 1546/2199/1724 1550/2200/1725 1892/2077/1632
f 1884/2058/1624 1893/2057/1623 1479/2201/1726 1474/2202/1727
f 1559/2203/1728 2010/1826/1455 2012/1829/1458 1561/2204/1729
f 1475/2205/1730 2014/1816/1447 1281/1819/1450 1883/2062/1625
f 1488/2206/1731 1489/2207/1294 2009/1823/1286 2007/1822/1453
f 1290/2035/1598 1291/2042/1491 1858/2044/1615 1856/2036/1609
f 1839/2019/1602 1835/1684/1323 1300/1683/1322 1299/2020/1491
f 1881/2046/1617 1877/1798/1432 1868/1797/1431 1872/2047/1618
f 1876/1688/1327 1879/2045/1616 1874/2048/1619 1869/1689/1328
f 1862/1805/1439 1865/2208/1590 1286/2024/1588 1285/1692/1331
f 1286/2024/1588 1865/2208/1590 1863/2030/1593 1287/2028/1591
f 1536/2209/1732 1854/2043/1614 1292/1703/1342 2027/1702/1341
f 1853/2050/1621 1534/2210/1733 1538/2211/1734 1860/2049/1620
f 1852/2033/1608 1861/2032/1607 1467/2212/1735 1462/2213/1736
f 1547/2214/1737 2018/1714/1352 2020/1717/1355 1549/2215/1738
f 1463/2216/1739 2022/1800/1434 1289/1803/1437 1851/2037/1610
f 1476/2217/1740 1477/2218/1741 2017/1807/1409 2015/1806/1440
f 1804/1768/1403 1305/1767/1402 1306/2100/1591 1808/2219/1593
f 1306/2100/1591 1307/2005/1588 1810/2004/1590 1808/2219/1593
f 1849/2220/1742 1845/1782/1416 1836/1781/1415 1840/2221/1743
f 1844/1668/1307 1847/2222/1744 1842/2223/1745 1837/1669/1308
f 1830/1789/1423 1833/2224/1590 1294/2002/1588 1293/1672/1311
f 1294/2002/1588 1833/2224/1590 1831/2008/1593 1295/2006/1591
f 1524/2225/1746 1822/2022/1603 1300/1683/1322 2035/1682/1321
f 1821/2027/1606 1522/2226/1747 1526/2227/1748 1828/2026/1605
f 1820/2011/1596 1829/2010/1595 1455/2228/1749 1450/2229/1750
f 1535/2230/1751 2026/1694/1333 2028/1697/1336 1537/2231/1752
f 1451/2232/1753 2030/1784/1418 1297/1787/1421 1819/2015/1600
f 1464/2233/1754 1465/2234/1755 2025/1791/1425 2023/1790/1424
f 1847/2222/1744 1849/2220/1742 1840/2221/1743 1842/2223/1745
f 1633/2171/1688 1635/2169/1686 1626/2170/1700 1628/2172/1701
f 1806/2235/1756 1811/2236/1635 1816/1999/1585 1809/1998/1584
f 1807/2001/1587 1818/2000/1586 1814/2237/1757 1803/2238/1758
f 1302/1928/1491 1303/2102/1598 1801/2239/1601 1799/1929/1490
f 1801/2239/1601 1303/2102/1598 1304/1653/1292 1797/1652/1291
f 1811/2236/1635 1806/2235/1756 1517/2240/1759 1520/2241/1760
f 1452/2242/1740 1453/2243/1761 2033/1775/1409 2031/1774/1408
f 1588/1861/1487 1583/1843/1469 1574/1842/1468 1577/1862/1488
f 1814/2237/1757 1449/2244/1762 1446/2245/1763 1803/2238/1758
f 1514/2246/1764 1510/2247/1765 1787/2113/1366 1798/2112/1645
f 1523/2248/1766 2034/1674/1313 2036/1677/1316 1525/2249/1767
f 1736/1527/1166 1734/1526/1165 1967/2250/1768 1968/2251/1769
f 2060/2252/1770 1739/2253/1237 1737/2254/1771 2055/2255/1772
f 1739/2253/1237 2052/2256/1773 2050/2257/1774 1737/2254/1771
f 1235/1517/1156 1234/1529/1168 1952/1962/1548 1950/2122/1654
f 1309/2116/1648 1311/2258/1775 1310/2259/1181
f 1312/2119/1651 1314/2260/1074 1313/2261/1776
f 1315/2117/1649 1317/2262/1184 1316/2263/1173
f 1318/2118/1650 1320/2264/1176 1319/2265/1071
f 1321/2266/1705 1323/2267/1711 1322/1538/1177
f 1324/1541/1180 1326/2268/1200 1325/2269/1706
f 1327/1546/1185 1329/2270/1198 1328/2271/1187
f 1330/2272/1087 1332/1547/1186 1331/2273/1190
f 1333/2274/1693 1335/2275/1699 1334/2175/1703
f 1336/2176/1704 1338/2276/1218 1337/2277/1694
f 1339/1563/1202 1341/2278/1216 1340/2279/1205
f 1342/2280/1103 1344/1564/1203 1343/2281/1208
f 1345/2282/1679 1347/2283/1685 1346/2160/1691
f 1348/2161/1692 1350/2284/1236 1349/2285/1680
f 1351/1581/1220 1353/2286/1234 1352/2287/1223
f 1354/2288/1121 1356/1582/1221 1355/2289/1226
f 1357/2290/1668 1359/2291/1674 1358/2145/1677
f 1360/2146/1678 1362/2292/1254 1361/2293/1669
f 1363/1599/1238 1365/2294/1252 1364/2295/1241
f 1366/2296/1139 1368/1600/1239 1367/2297/1244
f 1369/2132/1664 1371/2298/1067 1370/2299/1471
f 1372/2133/1665 1374/2300/1470 1373/2301/1170
f 1375/2135/1667 1377/2302/1075 1376/2303/1068
f 1378/2134/1666 1380/2304/1169 1379/2305/1076
f 1381/2306/1708 1383/1440/1079 1382/2307/1702
f 1384/1441/1080 1386/2308/1707 1385/2309/1084
f 1387/1453/1092 1389/2310/1191 1388/2311/1096
f 1390/2312/1093 1392/2313/1192 1391/1452/1091
f 1393/2314/1696 1395/2181/1709 1394/2315/1690
f 1396/2182/1710 1398/2316/1695 1397/2317/1100
f 1399/1471/1110 1401/2318/1209 1400/2319/1114
f 1402/2320/1111 1404/2321/1210 1403/1470/1109
f 1405/2322/1682 1407/2166/1697 1406/2323/1676
f 1408/2167/1698 1410/2324/1681 1409/2325/1118
f 1411/1489/1128 1413/2326/1227 1412/2327/1132
f 1414/2328/1129 1416/2329/1228 1415/1488/1127
f 1417/2330/1671 1419/2151/1683 1418/2331/1663
f 1420/2152/1684 1422/2332/1670 1421/2333/1136
f 1423/1507/1146 1425/2334/1245 1424/2335/1150
f 1426/2336/1147 1428/2337/1246 1427/1506/1145
f 1429/1636/1275 1430/2338/1673 1431/2339/1391
f 1432/1635/1274 1433/2340/1382 1434/2341/1672
f 1435/1637/1276 1436/2342/1394 1437/2343/1396
f 1438/1634/1273 1439/2344/1395 1440/2345/1379
f 1441/1764/1353 1442/2346/1406 1443/2347/1387
f 1444/1661/1300 1445/2348/1404 1446/2349/1763
f 1447/2350/1397 1448/1658/1297 1449/2351/1762
f 1450/2352/1750 1452/2242/1740 1451/2353/1753
f 1453/2243/1761 1455/2354/1749 1454/2355/1422
f 1456/1777/1411 1458/2356/1305 1457/2357/1419
f 1459/2358/1309 1461/2359/1306 1460/1776/1410
f 1462/2360/1736 1464/2233/1754 1463/2361/1739
f 1465/2234/1755 1467/2362/1735 1466/2363/1438
f 1468/1793/1427 1470/2364/1325 1469/2365/1435
f 1471/2366/1329 1473/2367/1326 1472/1792/1426
f 1474/2368/1727 1476/2217/1740 1475/2369/1730
f 1477/2218/1741 1479/2370/1726 1478/2371/1451
f 1480/1809/1441 1482/2372/1345 1481/2373/1448
f 1483/2374/1348 1485/2375/1346 1484/1808/1410
f 1486/2376/1716 1488/2206/1731 1487/2377/1718
f 1489/2207/1294 1491/2378/1715 1490/2379/1465
f 1492/1825/1288 1494/2380/1364 1493/2381/1467
f 1495/2382/1368 1497/2383/1365 1496/1824/1454
f 1498/2195/1721 1499/2384/1269 1500/2385/1575
f 1501/2196/1722 1502/2386/1574 1503/2387/1282
f 1504/2194/1720 1505/2388/1279 1506/2389/1270
f 1507/2193/1719 1508/2390/1281 1509/2391/1280
f 1510/2392/1765 1511/1648/1287 1512/2393/1407
f 1513/1649/1288 1514/2394/1764 1515/2395/1290
f 1516/1655/1294 1517/2396/1759 1518/2397/1302
f 1519/2398/1295 1520/2399/1760 1521/1654/1293
f 1522/2400/1747 1524/2401/1746 1523/2248/1766
f 1525/2249/1767 1527/2402/1320 1526/2403/1748
f 1528/1675/1314 1530/2404/1324 1529/2405/1414
f 1531/2406/1412 1533/1676/1315 1532/2407/1417
f 1534/2408/1733 1536/2409/1732 1535/2230/1751
f 1537/2231/1752 1539/2410/1340 1538/2411/1734
f 1540/1695/1334 1542/2412/1344 1541/2413/1430
f 1543/2414/1428 1545/1696/1335 1544/2415/1433
f 1546/2416/1724 1548/2417/1723 1547/2214/1737
f 1549/2215/1738 1551/2418/1359 1550/2419/1725
f 1552/1715/1353 1554/2420/1363 1553/2421/1444
f 1555/2422/1442 1557/1716/1354 1556/2423/1446
f 1558/2424/1713 1560/2425/1712 1559/2203/1728
f 1561/2204/1729 1563/2426/1378 1562/2427/1714
f 1564/1827/1456 1566/2428/1464 1565/2429/1371
f 1567/2430/1459 1569/1828/1457 1568/2431/1374
f 1570/2432/1390 1571/2433/1717 1572/1765/1354
f 1965/2434/1659 1966/2435/1553 1967/2250/1768
f 1968/2251/1769 1969/2436/1552 1970/2437/1258
f 1971/1525/1164 1972/2438/1655 1973/2439/1557
f 2046/2440/1656 2047/1524/1163 2048/2441/1660
f 2049/2442/1161 2050/2257/1774 2051/2443/1658
f 2052/2256/1773 2053/2444/1160 2054/2445/1657
f 2055/2255/1772 2056/2446/1256 2057/2447/1266
f 2058/2448/1265 2059/2449/1661 2060/2252/1770
f 1312/2119/1651 1313/2261/1776 1311/2258/1775 1309/2116/1648
f 1320/2264/1176 1318/2118/1650 1315/2117/1649 1316/2263/1173
f 1324/1541/1180 1325/2269/1706 1321/2266/1705 1322/1538/1177
f 1999/2450/1195 1998/1539/1178 1322/1538/1177 1323/2267/1711
f 2001/2451/1090 2000/1540/1179 1332/1547/1186 1330/2272/1087
f 1331/2273/1190 1332/1547/1186 1327/1546/1185 1328/2271/1187
f 1336/2176/1704 1337/2277/1694 1333/2274/1693 1334/2175/1703
f 1991/2452/1213 1990/1562/1201 1334/2175/1703 1335/2275/1699
f 1993/2453/1106 1992/1565/1204 1344/1564/1203 1342/2280/1103
f 1343/2281/1208 1344/1564/1203 1339/1563/1202 1340/2279/1205
f 1348/2161/1692 1349/2285/1680 1345/2282/1679 1346/2160/1691
f 1983/2454/1231 1982/1580/1219 1346/2160/1691 1347/2283/1685
f 1985/2455/1124 1984/1583/1222 1356/1582/1221 1354/2288/1121
f 1355/2289/1226 1356/1582/1221 1351/1581/1220 1352/2287/1223
f 1360/2146/1678 1361/2293/1669 1357/2290/1668 1358/2145/1677
f 1975/2456/1249 1974/1598/1237 1358/2145/1677 1359/2291/1674
f 1977/2457/1142 1976/1601/1240 1368/1600/1239 1366/2296/1139
f 1367/2297/1244 1368/1600/1239 1363/1599/1238 1364/2295/1241
f 1374/2300/1470 1372/2133/1665 1369/2132/1664 1370/2299/1471
f 1378/2134/1666 1379/2305/1076 1377/2302/1075 1375/2135/1667
f 1386/2308/1707 1384/1441/1080 1383/1440/1079 1381/2306/1708
f 2003/1443/1082 2002/2458/1095 1382/2307/1702 1383/1440/1079
f 2005/1442/1081 2004/2459/1083 1390/2312/1093 1391/1452/1091
f 1391/1452/1091 1392/2313/1192 1389/2310/1191 1387/1453/1092
f 1398/2316/1695 1396/2182/1710 1395/2181/1709 1393/2314/1696
f 1995/1468/1107 1994/2460/1113 1394/2315/1690 1395/2181/1709
f 1997/1469/1108 1996/2461/1099 1402/2320/1111 1403/1470/1109
f 1403/1470/1109 1404/2321/1210 1401/2318/1209 1399/1471/1110
f 1410/2324/1681 1408/2167/1698 1407/2166/1697 1405/2322/1682
f 1987/1486/1125 1986/2462/1131 1406/2323/1676 1407/2166/1697
f 1989/1487/1126 1988/2463/1117 1414/2328/1129 1415/1488/1127
f 1415/1488/1127 1416/2329/1228 1413/2326/1227 1411/1489/1128
f 1422/2332/1670 1420/2152/1684 1419/2151/1683 1417/2330/1671
f 1979/1504/1143 1978/2464/1149 1418/2331/1663 1419/2151/1683
f 1981/1505/1144 1980/2465/1135 1426/2336/1147 1427/1506/1145
f 1427/1506/1145 1428/2337/1246 1425/2334/1245 1423/1507/1146
f 1429/1636/1275 1432/1635/1274 1434/2341/1672 1430/2338/1673
f 1437/2343/1396 1439/2344/1395 1438/1634/1273 1435/1637/1276
f 1572/1765/1354 1441/1764/1353 1443/2347/1387 1570/2432/1390
f 2039/1660/1299 1572/1765/1354 1571/2433/1717 2038/2466/1401
f 2041/1659/1298 1448/1658/1297 1447/2350/1397 2040/2467/1400
f 1446/2349/1763 1449/2351/1762 1448/1658/1297 1444/1661/1300
f 1455/2354/1749 1453/2243/1761 1452/2242/1740 1450/2352/1750
f 2031/1774/1408 2030/2468/1418 1451/2353/1753 1452/2242/1740
f 2033/1775/1409 2032/2469/1310 1459/2358/1309 1460/1776/1410
f 1460/1776/1410 1461/2359/1306 1458/2356/1305 1456/1777/1411
f 1467/2362/1735 1465/2234/1755 1464/2233/1754 1462/2360/1736
f 2023/1790/1424 2022/2470/1434 1463/2361/1739 1464/2233/1754
f 2025/1791/1425 2024/2471/1330 1471/2366/1329 1472/1792/1426
f 1472/1792/1426 1473/2367/1326 1470/2364/1325 1468/1793/1427
f 1479/2370/1726 1477/2218/1741 1476/2217/1740 1474/2368/1727
f 2015/1806/1440 2014/2472/1447 1475/2369/1730 1476/2217/1740
f 2017/1807/1409 2016/2473/1349 1483/2374/1348 1484/1808/1410
f 1484/1808/1410 1485/2375/1346 1482/2372/1345 1480/1809/1441
f 1491/2378/1715 1489/2207/1294 1488/2206/1731 1486/2376/1716
f 2007/1822/1453 2006/2474/1289 1487/2377/1718 1488/2206/1731
f 2009/1823/1286 2008/2475/1369 1495/2382/1368 1496/1824/1454
f 1496/1824/1454 1497/2383/1365 1494/2380/1364 1492/1825/1288
f 1500/2385/1575 1502/2386/1574 1501/2196/1722 1498/2195/1721
f 1510/2392/1765 1514/2394/1764 1513/1649/1288 1511/1648/1287
f 2043/2476/1301 1512/2393/1407 1511/1648/1287 2042/1647/1286
f 1504/2194/1720 1507/2193/1719 1509/2391/1280 1505/2388/1279
f 1525/2249/1767 1526/2403/1748 1522/2400/1747 1523/2248/1766
f 2035/2477/1321 2034/1674/1313 1523/2248/1766 1524/2401/1746
f 2037/2478/1317 2036/1677/1316 1533/1676/1315 1531/2406/1412
f 1532/2407/1417 1533/1676/1315 1528/1675/1314 1529/2405/1414
f 2045/2479/1289 1519/2398/1295 1521/1654/1293 2044/1646/1285
f 1537/2231/1752 1538/2411/1734 1534/2408/1733 1535/2230/1751
f 2027/2480/1341 2026/1694/1333 1535/2230/1751 1536/2409/1732
f 2029/2481/1337 2028/1697/1336 1545/1696/1335 1543/2414/1428
f 1544/2415/1433 1545/1696/1335 1540/1695/1334 1541/2413/1430
f 1549/2215/1738 1550/2419/1725 1546/2416/1724 1547/2214/1737
f 2019/2482/1360 2018/1714/1352 1547/2214/1737 1548/2417/1723
f 2021/2483/1356 2020/1717/1355 1557/1716/1354 1555/2422/1442
f 1556/2423/1446 1557/1716/1354 1552/1715/1353 1553/2421/1444
f 1561/2204/1729 1562/2427/1714 1558/2424/1713 1559/2203/1728
f 2011/2484/1461 2010/1826/1455 1559/2203/1728 1560/2425/1712
f 2013/2485/1375 2012/1829/1458 1569/1828/1457 1567/2430/1459
f 1568/2431/1374 1569/1828/1457 1564/1827/1456 1565/2429/1371
f 1516/1655/1294 1521/1654/1293 1520/2399/1760 1517/2396/1759
f 1588/1861/1487 1587/1846/1472 1584/1532/1171 1583/1843/1469
f 1598/1438/1077 1597/2486/1172 1602/2487/1475 1601/1854/1480
f 1586/1860/1486 1585/1847/1473 1587/1846/1472 1588/1861/1487
f 1601/1854/1480 1602/2487/1475 1604/2488/1474 1603/1855/1481
f 1582/2114/1646 1581/1434/1073 1585/1847/1473 1586/1860/1486
f 1603/1855/1481 1604/2488/1474 1600/2489/1072 1599/1536/1175
f 1596/1857/1483 1595/1866/1492 1592/1430/1069 1591/1439/1078
f 1574/1842/1468 1573/1431/1070 1578/1867/1493 1577/1862/1488
f 1594/1856/1482 1593/1850/1476 1595/1866/1492 1596/1857/1483
f 1577/1862/1488 1578/1867/1493 1580/1851/1477 1579/1863/1489
f 1590/1535/1174 1589/1544/1183 1593/1850/1476 1594/1856/1482
f 1579/1863/1489 1580/1851/1477 1576/1543/1182 1575/2115/1647
f 1620/1873/1498 1619/2173/1675 1616/1446/1085 1615/1874/1499
f 1630/1554/1193 1629/2490/1094 1634/2491/1497 1633/2171/1688
f 1618/1877/1502 1617/1870/1496 1619/2173/1675 1620/1873/1498
f 1633/2171/1688 1634/2491/1497 1636/2492/1495 1635/2169/1686
f 1614/1889/1514 1613/1560/1199 1617/1870/1496 1618/1877/1502
f 1635/2169/1686 1636/2492/1495 1632/2493/1088 1631/1550/1189
f 1628/2172/1701 1627/1880/1505 1624/1458/1097 1623/1555/1194
f 1606/1875/1500 1605/1888/1513 1610/1887/1512 1609/1876/1501
f 1626/2170/1700 1625/1881/1506 1627/1880/1505 1628/2172/1701
f 1609/1876/1501 1610/1887/1512 1612/1886/1511 1611/1878/1503
f 1622/1549/1188 1621/1558/1197 1625/1881/1506 1626/2170/1700
f 1611/1878/1503 1612/1886/1511 1608/1885/1510 1607/1890/1515
f 1652/1896/1498 1651/2158/1675 1648/1462/1101 1647/1897/1516
f 1662/1572/1211 1661/2494/1112 1666/2495/1497 1665/2156/1688
f 1650/1903/1502 1649/1893/1496 1651/2158/1675 1652/1896/1498
f 1665/2156/1688 1666/2495/1497 1668/2496/1495 1667/2154/1686
f 1646/1908/1521 1645/1578/1217 1649/1893/1496 1650/1903/1502
f 1667/2154/1686 1668/2496/1495 1664/2497/1104 1663/1568/1207
f 1660/2157/1689 1659/1905/1505 1656/1476/1115 1655/1573/1212
f 1638/1898/1517 1637/1902/1519 1642/1901/1512 1641/1899/1501
f 1658/2155/1687 1657/1883/1508 1659/1905/1505 1660/2157/1689
f 1641/1899/1501 1642/1901/1512 1644/1907/1511 1643/1904/1503
f 1654/1567/1206 1653/1576/1215 1657/1883/1508 1658/2155/1687
f 1643/1904/1503 1644/1907/1511 1640/1906/1520 1639/1909/1522
f 1684/1915/1498 1683/2143/1675 1680/1480/1119 1679/1916/1524
f 1694/1590/1229 1693/2498/1130 1698/2499/1497 1697/1924/1527
f 1682/1922/1502 1681/1912/1523 1683/2143/1675 1684/1915/1498
f 1697/1924/1527 1698/2499/1497 1700/2500/1495 1699/1925/1528
f 1678/1934/1533 1677/1596/1235 1681/1912/1523 1682/1922/1502
f 1699/1925/1528 1700/2500/1495 1696/2501/1122 1695/1586/1225
f 1692/1927/1530 1691/1930/1531 1688/1494/1133 1687/1591/1230
f 1670/1917/1525 1669/1921/1526 1674/1920/1512 1673/1918/1501
f 1690/1926/1529 1689/1975/1561 1691/1930/1531 1692/1927/1530
f 1673/1918/1501 1674/1920/1512 1676/1933/1511 1675/1923/1503
f 1686/1585/1224 1685/1594/1233 1689/1975/1561 1690/1926/1529
f 1675/1923/1503 1676/1933/1511 1672/1932/1532 1671/1935/1534
f 1716/1939/1498 1715/2130/1662 1712/1498/1137 1711/1940/1535
f 1726/1608/1247 1725/2502/1148 1730/2503/1485 1729/1948/1527
f 1714/1946/1502 1713/1938/1496 1715/2130/1662 1716/1939/1498
f 1729/1948/1527 1730/2503/1485 1732/2504/1495 1731/1949/1528
f 1710/1958/1544 1709/1614/1253 1713/1938/1496 1714/1946/1502
f 1731/1949/1528 1732/2504/1495 1728/2505/1140 1727/1604/1243
f 1724/1951/1539 1723/1954/1542 1720/1512/1151 1719/1609/1248
f 1702/1941/1536 1701/1945/1537 1706/1944/1512 1705/1942/1501
f 1722/1950/1538 1721/2120/1652 1723/1954/1542 1724/1951/1539
f 1705/1942/1501 1706/1944/1512 1708/1957/1511 1707/1947/1503
f 1718/1603/1242 1717/1612/1251 1721/2120/1652 1722/1950/1538
f 1707/1947/1503 1708/1957/1511 1704/1956/1543 1703/1959/1545
f 1973/2439/1557 1733/2506/1556 1734/1526/1165 1971/1525/1164
f 1970/2437/1258 1735/2507/1257 1736/1527/1166 1968/2251/1769
f 2055/2255/1772 1737/2254/1771 1738/2508/1162 2056/2446/1256
f 2052/2256/1773 1739/2253/1237 1740/2509/1157 2053/2444/1160
f 1746/1968/1554 1966/1967/1553 1965/2510/1659 1745/2511/1551
f 2051/2126/1658 1747/2075/1630 1748/2512/1154 2049/2513/1161
f 2056/1617/1256 1953/1616/1255 1954/1625/1264 2057/1627/1266
f 1778/1952/1540 1773/1632/1271 1774/1639/1278 1777/1982/1568
f 1780/1645/1284 1783/1993/1579 1784/1983/1569 1779/1638/1277
f 1776/1986/1572 1778/1952/1540 1777/1982/1568 1775/1746/1383
f 1783/1993/1579 1785/1984/1570 1786/1747/1384 1784/1983/1569
f 1772/1756/1393 1776/1986/1572 1775/1746/1383 1771/1749/1386
f 1785/1984/1570 1781/1743/1380 1782/1748/1385 1786/1747/1384
f 1762/2514/1573 1757/2515/1392 1758/1994/1580 1761/1997/1583
f 1764/1744/1381 1767/1985/1571 1768/1996/1582 1763/1995/1581
f 1760/2516/1541 1762/2514/1573 1761/1997/1583 1759/2111/1644
f 1767/1985/1571 1769/1992/1578 1770/2110/1643 1768/1996/1582
f 1756/2517/1272 1760/2516/1541 1759/2111/1644 1755/1990/1576
f 1769/1992/1578 1765/1644/1283 1766/1991/1577 1770/2110/1643
f 1810/2004/1590 1805/1664/1303 1806/2235/1756 1809/1998/1584
f 1812/1657/1296 1815/2103/1609 1816/1999/1585 1811/2236/1635
f 1808/2219/1593 1810/2004/1590 1809/1998/1584 1807/2001/1587
f 1815/2103/1609 1817/2105/1642 1818/2000/1586 1816/1999/1585
f 1804/1768/1403 1808/2219/1593 1807/2001/1587 1803/2238/1758
f 1817/2105/1642 1813/1761/1398 1814/2237/1757 1818/2000/1586
f 1834/2009/1594 1833/2224/1590 1830/1789/1423 1829/2010/1595
f 1844/1668/1307 1843/2518/1312 1848/2519/1589 1847/2222/1744
f 1832/2016/1587 1831/2008/1593 1833/2224/1590 1834/2009/1594
f 1847/2222/1744 1848/2519/1589 1850/2520/1592 1849/2220/1742
f 1828/2026/1605 1827/1680/1319 1831/2008/1593 1832/2016/1587
f 1849/2220/1742 1850/2520/1592 1846/2521/1413 1845/1782/1416
f 1842/2223/1745 1841/2018/1601 1838/1786/1420 1837/1669/1308
f 1820/2011/1596 1819/2015/1600 1824/2014/1599 1823/2012/1597
f 1840/2221/1743 1839/2019/1602 1841/2018/1601 1842/2223/1745
f 1823/2012/1597 1824/2014/1599 1826/2023/1604 1825/2017/1586
f 1836/1781/1415 1835/1684/1323 1839/2019/1602 1840/2221/1743
f 1825/2017/1586 1826/2023/1604 1822/2022/1603 1821/2027/1606
f 1866/2031/1594 1865/2208/1590 1862/1805/1439 1861/2032/1607
f 1876/1688/1327 1875/2522/1332 1880/2523/1589 1879/2045/1616
f 1864/2038/1587 1863/2030/1593 1865/2208/1590 1866/2031/1594
f 1879/2045/1616 1880/2523/1589 1882/2524/1592 1881/2046/1617
f 1860/2049/1620 1859/1700/1339 1863/2030/1593 1864/2038/1587
f 1881/2046/1617 1882/2524/1592 1878/2525/1429 1877/1798/1432
f 1874/2048/1619 1873/2040/1612 1870/1802/1436 1869/1689/1328
f 1852/2033/1608 1851/2037/1610 1856/2036/1609 1855/2034/1597
f 1872/2047/1618 1871/2041/1613 1873/2040/1612 1874/2048/1619
f 1855/2034/1597 1856/2036/1609 1858/2044/1615 1857/2039/1611
f 1868/1797/1431 1867/1704/1343 1871/2041/1613 1872/2047/1618
f 1857/2039/1611 1858/2044/1615 1854/2043/1614 1853/2050/1621
f 1898/2056/1594 1897/2197/1590 1894/1821/1452 1893/2057/1623
f 1908/1708/1307 1907/2526/1351 1912/2527/1622 1911/2065/1626
f 1896/2063/1587 1895/2053/1593 1897/2197/1590 1898/2056/1594
f 1911/2065/1626 1912/2527/1622 1914/2528/1592 1913/2066/1617
f 1892/2077/1632 1891/1720/1358 1895/2053/1593 1896/2063/1587
f 1913/2066/1617 1914/2528/1592 1910/2529/1443 1909/1814/1389
f 1906/2068/1627 1905/2071/1628 1902/1818/1449 1901/1709/1347
f 1884/2058/1624 1883/2062/1625 1888/2061/1609 1887/2059/1597
f 1904/2067/1618 1903/2184/1602 1905/2071/1628 1906/2068/1627
f 1887/2059/1597 1888/2061/1609 1890/2074/1615 1889/2064/1586
f 1900/1813/1445 1899/1724/1362 1903/2184/1602 1904/2067/1618
f 1889/2064/1586 1890/2074/1615 1886/2073/1629 1885/2078/1633
f 1930/2082/1594 1929/2185/1590 1926/1837/1466 1925/2083/1634
f 1940/1728/1366 1939/2530/1370 1944/2531/1589 1943/2091/1626
f 1928/2089/1587 1927/2081/1593 1929/2185/1590 1930/2082/1594
f 1943/2091/1626 1944/2531/1589 1946/2532/1592 1945/2092/1617
f 1924/2098/1638 1923/1740/1377 1927/2081/1593 1928/2089/1587
f 1945/2092/1617 1946/2532/1592 1942/2533/1460 1941/1736/1373
f 1938/2094/1619 1937/2095/1628 1934/1840/1291 1933/1729/1367
f 1916/2084/1635 1915/2088/1296 1920/2087/1609 1919/2085/1597
f 1936/2093/1636 1935/1864/1490 1937/2095/1628 1938/2094/1619
f 1919/2085/1597 1920/2087/1609 1922/2097/1615 1921/2090/1586
f 1932/1735/1372 1931/1834/1463 1935/1864/1490 1936/2093/1636
f 1921/2090/1586 1922/2097/1615 1918/2096/1637 1917/2099/1639
f 1794/2534/1640 1789/2535/1641 1790/1752/1389 1793/2106/1617
f 1796/1770/1405 1799/1929/1490 1800/2107/1618 1795/1751/1388
f 1792/2536/1589 1794/2534/1640 1793/2106/1617 1791/2109/1626
f 1799/1929/1490 1801/2239/1601 1802/2108/1627 1800/2107/1618
f 1788/2537/1370 1792/2536/1589 1791/2109/1626 1787/2113/1366
f 1801/2239/1601 1797/1652/1291 1798/2112/1645 1802/2108/1627
f 1575/2115/1647 1576/1543/1182 1310/1542/1181 1311/2538/1775
f 1316/1534/1173 1317/1545/1184 1589/1544/1183 1590/1535/1174
f 1370/1845/1471 1371/1428/1067 1573/1431/1070 1574/1842/1468
f 1591/1439/1078 1592/1430/1069 1376/1429/1068 1377/1436/1075
f 1581/1434/1073 1582/2114/1646 1313/2539/1776 1314/1435/1074
f 1373/1531/1170 1374/1844/1470 1583/1843/1469 1584/1532/1171
f 1599/1536/1175 1600/2489/1072 1319/2540/1071 1320/1537/1176
f 1379/1437/1076 1380/2541/1169 1597/2486/1172 1598/1438/1077
f 1607/1890/1515 1608/1885/1510 1323/2183/1711 1321/2177/1705
f 1328/1548/1187 1329/1559/1198 1621/1558/1197 1622/1549/1188
f 1381/2180/1708 1382/2174/1702 1605/1888/1513 1606/1875/1500
f 1623/1555/1194 1624/1458/1097 1388/1457/1096 1389/1552/1191
f 1613/1560/1199 1614/1889/1514 1325/2178/1706 1326/1561/1200
f 1385/1445/1084 1386/2179/1707 1615/1874/1499 1616/1446/1085
f 1631/1550/1189 1632/2493/1088 1330/2542/1087 1331/1551/1190
f 1392/1553/1192 1390/2543/1093 1629/2490/1094 1630/1554/1193
f 1639/1909/1522 1640/1906/1520 1335/2168/1699 1333/2162/1693
f 1340/1566/1205 1341/1577/1216 1653/1576/1215 1654/1567/1206
f 1393/2165/1696 1394/2159/1690 1637/1902/1519 1638/1898/1517
f 1655/1573/1212 1656/1476/1115 1400/1475/1114 1401/1570/1209
f 1645/1578/1217 1646/1908/1521 1337/2163/1694 1338/1579/1218
f 1397/1461/1100 1398/2164/1695 1647/1897/1516 1648/1462/1101
f 1663/1568/1207 1664/2497/1104 1342/2544/1103 1343/1569/1208
f 1404/1571/1210 1402/2545/1111 1661/2494/1112 1662/1572/1211
f 1671/1935/1534 1672/1932/1532 1347/2153/1685 1345/2147/1679
f 1352/1584/1223 1353/1595/1234 1685/1594/1233 1686/1585/1224
f 1405/2150/1682 1406/2144/1676 1669/1921/1526 1670/1917/1525
f 1687/1591/1230 1688/1494/1133 1412/1493/1132 1413/1588/1227
f 1677/1596/1235 1678/1934/1533 1349/2148/1680 1350/1597/1236
f 1409/1479/1118 1410/2149/1681 1679/1916/1524 1680/1480/1119
f 1695/1586/1225 1696/2501/1122 1354/2546/1121 1355/1587/1226
f 1416/1589/1228 1414/2547/1129 1693/2498/1130 1694/1590/1229
f 1703/1959/1545 1704/1956/1543 1359/2142/1674 1357/2136/1668
f 1364/1602/1241 1365/1613/1252 1717/1612/1251 1718/1603/1242
f 1417/2139/1671 1418/2131/1663 1701/1945/1537 1702/1941/1536
f 1719/1609/1248 1720/1512/1151 1424/1511/1150 1425/1606/1245
f 1709/1614/1253 1710/1958/1544 1361/2137/1669 1362/1615/1254
f 1421/1497/1136 1422/2138/1670 1711/1940/1535 1712/1498/1137
f 1727/1604/1243 1728/2505/1140 1366/2548/1139 1367/1605/1244
f 1428/1607/1246 1426/2549/1147 1725/2502/1148 1726/1608/1247
f 1969/1966/1552 1947/1969/1555 1948/1620/1259 1970/1619/1258
f 1956/1964/1550 1973/1971/1557 1972/2123/1655 1955/1960/1546
f 2048/2128/1660 1961/1981/1567 1962/1961/1547 2046/2124/1656
f 1754/2076/1631 2054/2125/1657 2053/1521/1160 1753/1520/1159
f 2058/1626/1265 1963/1624/1263 1964/1972/1558 2059/2129/1661
f 1430/2141/1673 1758/1994/1580 1757/2515/1392 1431/2550/1391
f 1771/1749/1386 1437/1759/1396 1436/1757/1394 1772/1756/1393
f 1755/1990/1576 1500/1989/1575 1499/2551/1269 1756/2517/1272
f 1505/1640/1279 1774/1639/1278 1773/1632/1271 1506/1631/1270
f 1433/1745/1382 1764/1744/1381 1763/1995/1581 1434/2140/1672
f 1765/1644/1283 1503/1643/1282 1502/1988/1574 1766/1991/1577
f 1439/1758/1395 1782/1748/1385 1781/1743/1380 1440/1742/1379
f 1779/1638/1277 1509/1641/1280 1508/1642/1281 1780/1645/1284
f 1570/1753/1390 1790/1752/1389 1789/2535/1641 1571/2552/1717
f 1803/2238/1758 1446/2245/1763 1445/1769/1404 1804/1768/1403
f 1787/2113/1366 1510/2247/1765 1512/2553/1407 1788/2537/1370
f 1517/2240/1759 1806/2235/1756 1805/1664/1303 1518/1663/1302
f 1442/1771/1406 1796/1770/1405 1795/1751/1388 1443/1750/1387
f 1797/1652/1291 1515/1651/1290 1514/2246/1764 1798/2112/1645
f 1449/2244/1762 1814/2237/1757 1813/1761/1398 1447/1760/1397
f 1811/2236/1635 1520/2241/1760 1519/1656/1295 1812/1657/1296
f 1450/2229/1750 1451/2232/1753 1819/2015/1600 1820/2011/1596
f 1837/1669/1308 1838/1786/1420 1457/1785/1419 1458/1666/1305
f 1524/2225/1746 1522/2226/1747 1821/2027/1606 1822/2022/1603
f 1827/1680/1319 1828/2026/1605 1526/2227/1748 1527/1681/1320
f 1529/1780/1414 1530/1685/1324 1835/1684/1323 1836/1781/1415
f 1454/1788/1422 1455/2228/1749 1829/2010/1595 1830/1789/1423
f 1461/1667/1306 1459/2554/1309 1843/2518/1312 1844/1668/1307
f 1845/1782/1416 1846/2521/1413 1531/2555/1412 1532/1783/1417
f 1462/2213/1736 1463/2216/1739 1851/2037/1610 1852/2033/1608
f 1869/1689/1328 1870/1802/1436 1469/1801/1435 1470/1686/1325
f 1536/2209/1732 1534/2210/1733 1853/2050/1621 1854/2043/1614
f 1859/1700/1339 1860/2049/1620 1538/2211/1734 1539/1701/1340
f 1541/1796/1430 1542/1705/1344 1867/1704/1343 1868/1797/1431
f 1466/1804/1438 1467/2212/1735 1861/2032/1607 1862/1805/1439
f 1473/1687/1326 1471/2556/1329 1875/2522/1332 1876/1688/1327
f 1877/1798/1432 1878/2525/1429 1543/2557/1428 1544/1799/1433
f 1474/2202/1727 1475/2205/1730 1883/2062/1625 1884/2058/1624
f 1901/1709/1347 1902/1818/1449 1481/1817/1448 1482/1706/1345
f 1548/2198/1723 1546/2199/1724 1885/2078/1633 1886/2073/1629
f 1891/1720/1358 1892/2077/1632 1550/2200/1725 1551/1721/1359
f 1553/1812/1444 1554/1725/1363 1899/1724/1362 1900/1813/1445
f 1478/1820/1451 1479/2201/1726 1893/2057/1623 1894/1821/1452
f 1485/1707/1346 1483/2558/1348 1907/2526/1351 1908/1708/1307
f 1909/1814/1389 1910/2529/1443 1555/2559/1442 1556/1815/1446
f 1486/2190/1716 1487/2192/1718 1915/2088/1296 1916/2084/1635
f 1933/1729/1367 1934/1840/1291 1493/1839/1467 1494/1726/1364
f 1560/2186/1712 1558/2187/1713 1917/2099/1639 1918/2096/1637
f 1923/1740/1377 1924/2098/1638 1562/2188/1714 1563/1741/1378
f 1565/1734/1371 1566/1835/1464 1931/1834/1463 1932/1735/1372
f 1490/1836/1465 1491/2189/1715 1925/2083/1634 1926/1837/1466
f 1497/1727/1365 1495/2560/1368 1939/2530/1370 1940/1728/1366
f 1941/1736/1373 1942/2533/1460 1567/2561/1459 1568/1737/1374
f 1958/1853/1479 1962/1961/1547 1961/1981/1567 1957/1980/1566
f 1947/1969/1555 1751/1978/1564 1752/1628/1267 1948/1620/1259
f 1960/1623/1262 1958/1853/1479 1957/1980/1566 1959/1973/1559
f 1751/1978/1564 1749/1977/1563 1750/2121/1653 1752/1628/1267
f 1963/1624/1263 1960/1623/1262 1959/1973/1559 1964/1972/1558
f 1749/1977/1563 1754/2076/1631 1753/1520/1159 1750/2121/1653
f 1742/1979/1565 1746/1968/1554 1745/2511/1551 1741/2562/1167
f 1955/1960/1546 1951/1852/1478 1952/1962/1548 1956/1964/1550
f 1744/1976/1562 1742/1979/1565 1741/2562/1167 1743/2563/1155
f 1951/1852/1478 1949/1622/1261 1950/2122/1654 1952/1962/1548
f 1747/2075/1630 1744/1976/1562 1743/2563/1155 1748/2512/1154
f 1365/2294/1252 1363/1599/1238 1974/1598/1237 1975/2456/1249
f 1362/2292/1254 1360/2146/1678 1976/1601/1240 1977/2457/1142
f 1423/1507/1146 1424/2335/1150 1978/2464/1149 1979/1504/1143
f 1420/2152/1684 1421/2333/1136 1980/2465/1135 1981/1505/1144
f 1353/2286/1234 1351/1581/1220 1982/1580/1219 1983/2454/1231
f 1350/2284/1236 1348/2161/1692 1984/1583/1222 1985/2455/1124
f 1411/1489/1128 1412/2327/1132 1986/2462/1131 1987/1486/1125
f 1408/2167/1698 1409/2325/1118 1988/2463/1117 1989/1487/1126
f 1341/2278/1216 1339/1563/1202 1990/1562/1201 1991/2452/1213
f 1338/2276/1218 1336/2176/1704 1992/1565/1204 1993/2453/1106
f 1399/1471/1110 1400/2319/1114 1994/2460/1113 1995/1468/1107
f 1396/2182/1710 1397/2317/1100 1996/2461/1099 1997/1469/1108
f 1329/2270/1198 1327/1546/1185 1998/1539/1178 1999/2450/1195
f 1326/2268/1200 1324/1541/1180 2000/1540/1179 2001/2451/1090
f 1387/1453/1092 1388/2311/1096 2002/2458/1095 2003/1443/1082
f 1384/1441/1080 1385/2309/1084 2004/2459/1083 2005/1442/1081
f 1317/2262/1184 1315/2117/1649 1309/2116/1648 1310/2259/1181
f 1314/2260/1074 1312/2119/1651 1318/2118/1650 1319/2265/1071
f 1375/2135/1667 1376/2303/1068 1371/2298/1067 1369/2132/1664
f 1372/2133/1665 1373/2301/1170 1380/2304/1169 1378/2134/1666
f 1492/1825/1288 1493/2381/1467 2006/2474/1289 2007/1822/1453
f 1489/2207/1294 1490/2379/1465 2008/2475/1369 2009/1823/1286
f 1566/2428/1464 1564/1827/1456 2010/1826/1455 2011/2484/1461
f 1563/2426/1378 1561/2204/1729 2012/1829/1458 2013/2485/1375
f 1480/1809/1441 1481/2373/1448 2014/2472/1447 2015/1806/1440
f 1477/2218/1741 1478/2371/1451 2016/2473/1349 2017/1807/1409
f 1554/2420/1363 1552/1715/1353 2018/1714/1352 2019/2482/1360
f 1551/2418/1359 1549/2215/1738 2020/1717/1355 2021/2483/1356
f 1468/1793/1427 1469/2365/1435 2022/2470/1434 2023/1790/1424
f 1465/2234/1755 1466/2363/1438 2024/2471/1330 2025/1791/1425
f 1542/2412/1344 1540/1695/1334 2026/1694/1333 2027/2480/1341
f 1539/2410/1340 1537/2231/1752 2028/1697/1336 2029/2481/1337
f 1456/1777/1411 1457/2357/1419 2030/2468/1418 2031/1774/1408
f 1453/2243/1761 1454/2355/1422 2032/2469/1310 2033/1775/1409
f 1530/2404/1324 1528/1675/1314 2034/1674/1313 2035/2477/1321
f 1527/2402/1320 1525/2249/1767 2036/1677/1316 2037/2478/1317
f 1444/1661/1300 2039/1660/1299 2038/2466/1401 1445/2348/1404
f 1441/1764/1353 2041/1659/1298 2040/2467/1400 1442/2346/1406
f 1518/2397/1302 2043/2476/1301 2042/1647/1286 1516/1655/1294
f 1515/2395/1290 2045/2479/1289 2044/1646/1285 1513/1649/1288
f 1435/1637/1276 1429/1636/1275 1431/2339/1391 1436/2342/1394
f 1432/1635/1274 1438/1634/1273 1440/2345/1379 1433/2340/1382
f 1506/2389/1270 1499/2384/1269 1498/2195/1721 1504/2194/1720
f 1503/2387/1282 1508/2390/1281 1507/2193/1719 1501/2196/1722
f 1949/1622/1261 1954/1625/1264 1953/1616/1255 1950/2122/1654
f 1966/2435/1553 1969/2436/1552 1968/2251/1769 1967/2250/1768
f 1733/2506/1556 1965/2434/1659 1967/2250/1768 1734/1526/1165
f 1735/2507/1257 2048/2441/1660 2047/1524/1163 1736/1527/1166
f 1971/1525/1164 2047/1524/1163 2046/2440/1656 1972/2438/1655
f 2050/2257/1774 2052/2256/1773 2054/2445/1657 2051/2443/1658
f 1737/2254/1771 2050/2257/1774 2049/2442/1161 1738/2508/1162
f 1739/2253/1237 2060/2252/1770 2059/2449/1661 1740/2509/1157
f 2057/2447/1266 2058/2448/1265 2060/2252/1770 2055/2255/1772
f 1575/2115/1647 1311/2538/1775 1313/2539/1776 1582/2114/1646
o Well_Model.001
v -3.411757 171.935593 9.096577
v -3.142054 172.087448 9.807604
v -3.593156 171.807663 9.370669
v -3.463742 171.951630 9.857394
v -3.833924 172.008621 9.532014
v -3.745420 172.163773 9.864878
v -3.893293 172.337585 9.419361
v -3.705408 172.511597 9.822471
v -3.711893 172.465408 9.145267
v -3.383719 172.647400 9.772680
v -3.471126 172.264450 8.983826
v -3.102042 172.435272 9.765198
v -4.087563 171.553329 9.020544
v -3.985389 171.603622 9.354405
v -4.054636 171.909439 9.515849
v -4.225957 172.165054 9.343430
v -4.328131 172.114792 9.009567
v -4.258884 171.808960 8.848125
v -4.958538 171.033447 11.364861
v -4.826130 171.496552 9.497989
v -4.702703 170.796494 11.311878
v -4.570395 171.259583 9.445104
v -4.366247 170.883698 11.371845
v -4.233939 171.346771 9.505072
v -4.285625 171.207993 11.484796
v -4.153218 171.671051 9.618022
v -4.541459 171.444977 11.537779
v -4.409052 171.908035 9.671005
v -4.877816 171.357742 11.477812
v -4.745509 171.820831 9.610937
v -4.924213 172.327393 10.117918
v -5.337699 171.796997 10.163118
v -4.849877 172.284805 10.460061
v -5.163485 171.684021 9.956175
v -4.660995 172.006516 10.566226
v -4.928603 171.528976 10.146355
v -4.546449 171.770752 10.330248
v -4.868437 171.486664 10.544874
v -4.620784 171.813339 9.988105
v -5.040357 171.601120 10.745430
v -4.809667 172.091629 9.881939
v -5.275137 171.756058 10.554952
v -5.523089 171.212677 10.231068
v -5.467911 171.118179 10.609032
v -5.176955 171.143311 10.830941
v -4.941775 171.262466 10.676382
v -4.992961 171.361755 10.286446
v -5.284018 171.336395 10.065035
v -4.282032 170.862152 10.671693
v -4.296301 170.954758 11.011742
v -4.107618 170.776947 11.251012
v -3.904667 170.506729 11.150136
v -3.890399 170.414154 10.809988
v -4.079082 170.591949 10.570816
v -3.763280 171.938065 9.984512
v -4.007839 170.924316 10.409373
v -3.847594 172.114090 10.278263
v -4.092053 171.100418 10.703124
v -3.593456 172.225922 10.495783
v -3.838015 171.212280 10.920743
v -3.255104 172.161667 10.419650
v -3.499662 171.148026 10.844511
v -3.170890 171.985672 10.125799
v -3.415449 170.971909 10.550760
v -3.425028 171.873810 9.908281
v -3.669487 170.860153 10.333141
v -3.923127 171.383484 10.180080
v -3.972517 171.586960 10.464052
v -3.697326 171.681046 10.663610
v -3.372743 171.571686 10.579297
v -3.323452 171.368332 10.295325
v -3.598544 171.274231 10.095767
v -4.491669 171.943954 9.785751
v -4.402367 171.960022 10.126497
v -4.186944 172.214966 10.240546
v -4.060822 172.453827 10.013748
v -4.150224 172.437775 9.672901
v -4.365649 172.182816 9.558853
v -4.829922 171.168182 10.425238
v -4.574088 170.931198 10.372255
v -4.237631 171.018402 10.432221
v -4.157009 171.342682 10.545174
v -4.412844 171.579773 10.598156
v -4.749300 171.492462 10.538188
v -3.731251 171.268768 9.424051
v -3.634465 171.250992 9.762703
v -3.371945 171.454041 9.882039
v -3.206111 171.674866 9.662524
v -3.302897 171.692612 9.323874
v -3.565417 171.489578 9.204536
v -5.281723 170.497253 10.644653
v -4.573489 170.160294 10.871353
v -4.646627 170.217377 11.214395
v -5.349573 170.556015 10.966143
v -4.650618 170.545929 11.326844
v -5.170568 170.796387 11.106033
v -4.572392 170.826523 11.057140
v -4.931797 170.988571 10.913857
v -4.502047 170.754974 10.703323
v -4.873925 170.935989 10.616614
v -4.486381 170.433884 10.632681
v -5.046543 170.696503 10.470438
v -5.186034 170.360153 12.093151
v -4.930200 170.123184 12.040170
v -4.593843 170.210403 12.100137
v -4.513122 170.534683 12.213085
v -4.768957 170.771637 12.266069
v -5.105413 170.684448 12.206100
v -5.043350 170.263672 12.311370
v -4.872029 170.104919 12.275847
v -4.646527 170.163406 12.316059
v -4.592547 170.380630 12.391791
v -4.763867 170.539444 12.427212
v -4.989369 170.480972 12.387002
v -3.032496 171.096344 9.279072
v -3.012540 171.079468 9.630395
v -2.890410 171.353775 9.812194
v -2.788236 171.644821 9.642767
v -2.808192 171.661774 9.291445
v -2.930321 171.387497 9.109547
v 28.753531 109.267632 -41.424126
v 33.801174 109.267632 -35.529556
v 32.377117 109.267632 -43.158287
v 36.382267 109.267632 -42.848274
v 39.695839 109.267632 -40.577194
v 41.429905 109.267632 -36.953609
v 41.119892 109.267632 -32.948463
v 38.848812 109.267632 -29.634892
v 35.225220 109.267632 -27.900822
v 31.220076 109.267632 -28.210838
v 27.906504 109.267632 -30.481817
v 26.172436 109.267632 -34.105404
v 26.482450 109.267632 -38.110653
v 27.539312 119.152771 -42.842091
v 32.034576 119.152771 -44.993332
v 31.997957 121.031120 -45.189400
v 37.003193 119.152771 -44.608784
v 37.069443 121.031120 -44.796772
v 41.113804 119.152771 -41.791412
v 41.265270 121.031120 -41.921024
v 43.265049 119.152771 -37.296154
v 43.461014 121.031120 -37.332771
v 42.880398 119.152771 -32.327534
v 43.068481 121.031120 -32.261181
v 40.063026 119.152771 -28.216923
v 35.567764 119.152771 -26.065681
v 35.604385 121.031120 -25.869614
v 30.599251 119.152771 -26.450232
v 30.532896 121.031120 -26.262245
v 26.488539 119.152771 -29.267603
v 26.337072 121.031120 -29.137987
v 24.337296 119.152771 -33.762863
v 24.141327 121.031120 -33.726345
v 24.721945 119.152771 -38.731480
v 24.533859 121.031120 -38.797829
v 32.131855 114.155220 -44.471886
v 32.168484 112.276878 -44.275822
v 36.826679 114.155220 -44.108486
v 36.760426 112.276878 -43.920406
v 40.710892 114.155220 -41.446373
v 40.559429 112.276878 -41.316666
v 42.743500 114.155220 -37.198769
v 42.547531 112.276878 -37.162247
v 42.380104 114.155220 -32.503944
v 42.192123 112.276878 -32.570301
v 39.717991 114.155220 -28.619835
v 39.588276 112.276878 -28.771297
v 35.470478 114.155220 -26.587126
v 35.433857 112.276878 -26.783194
v 30.775660 114.155220 -26.950527
v 30.841911 112.276878 -27.138607
v 26.891548 114.155220 -29.612738
v 27.043015 112.276878 -29.742353
v 24.858839 114.155220 -33.860249
v 25.054806 112.276878 -33.896870
v 25.222239 114.155220 -38.555069
v 25.410219 112.276878 -38.488716
v 28.014065 112.276878 -42.287716
v 27.884352 114.155220 -42.439182
v 38.149860 109.267632 -29.300331
v 39.307598 121.031120 -27.641895
v 39.195843 119.152771 -27.801943
v 38.898602 114.155220 -28.227703
v 38.786846 112.276878 -28.387749
v 39.370060 109.267632 -30.395309
v 40.852684 121.031120 -29.028330
v 40.709599 119.152771 -29.160240
v 40.328941 114.155220 -29.511265
v 40.185852 112.276878 -29.643173
v 28.279978 109.267632 -40.733253
v 26.810026 121.031120 -42.118687
v 26.951813 119.152771 -41.984982
v 27.329277 114.155220 -41.629272
v 27.471167 112.276878 -41.495567
v 29.480022 109.267632 -41.771858
v 28.329567 121.031120 -43.433884
v 28.440622 119.152771 -43.273434
v 28.735968 114.155220 -42.846783
v 28.847023 112.276878 -42.686337
v 24.319834 121.031120 -38.873360
v 27.261929 121.031120 -43.165970
v 23.918121 121.031120 -33.684738
v 26.164654 121.031120 -28.990517
v 30.457264 121.031120 -26.048422
v 35.645893 121.031120 -25.646807
v 40.340115 121.031120 -27.893240
v 43.282211 121.031120 -32.185848
v 43.683826 121.031120 -37.374481
v 41.437386 121.031120 -42.068699
v 37.144775 121.031120 -45.010796
v 31.956152 121.031120 -45.412506
v 26.840158 127.001915 -43.658489
v 40.761883 127.001915 -27.400730
v 26.769417 130.281662 -43.741306
v 40.791817 130.281662 -27.365807
v 26.245075 128.534836 -42.676857
v 27.862698 128.534836 -44.076767
v 39.756203 128.534836 -27.023966
v 41.400970 128.534836 -28.499899
v 27.790461 129.505783 -44.161079
v 27.235186 130.067749 -43.964115
v 39.815372 129.505188 -26.954916
v 40.363960 130.067856 -27.161058
v 41.173176 130.067856 -27.922178
v 41.460140 129.505585 -28.430853
v 26.452515 130.067749 -43.278931
v 26.172834 129.505981 -42.761177
v 32.398674 108.829796 -43.042744
v 33.801174 108.829796 -35.529556
v 28.829962 108.829796 -41.334927
v 36.343250 108.829796 -42.737423
v 39.606632 108.829796 -40.500763
v 41.314461 108.829796 -36.932056
v 41.009132 108.829796 -32.987476
v 38.772381 108.829796 -29.724091
v 35.203667 108.829796 -28.016268
v 31.259192 108.829796 -28.321592
v 27.995705 108.829796 -30.558245
v 26.287884 108.829796 -34.126961
v 26.593204 108.829796 -38.071537
v 29.430634 108.829796 -41.622387
v 39.220692 108.829796 -30.378143
v 38.201839 108.829796 -29.450996
v 28.433640 108.829796 -40.756699
v 31.884506 126.856438 -45.797256
v 31.909451 127.001915 -45.663559
v 37.229893 127.001915 -45.251667
v 37.275185 126.856438 -45.379982
v 41.631660 127.001915 -42.234833
v 41.734928 126.856339 -42.323238
v 43.935265 127.001915 -37.421276
v 44.068871 126.856339 -37.446224
v 43.523373 127.001915 -32.100742
v 43.651592 126.856438 -32.055542
v 35.717834 126.856438 -25.261761
v 35.692890 127.001915 -25.395466
v 30.372450 127.001915 -25.807354
v 30.327251 126.856438 -25.679037
v 25.970682 127.001915 -28.824184
v 25.867411 126.856438 -28.735781
v 23.667175 127.001915 -33.637745
v 23.533470 126.856438 -33.612801
v 24.078964 127.001915 -38.958282
v 23.950748 126.856438 -39.003479
v 32.039864 127.001915 -44.964699
v 32.070198 126.856232 -44.802261
v 27.558273 127.001915 -42.820042
v 27.665737 126.856232 -42.694420
v 36.938534 126.856232 -44.425396
v 36.993515 127.001915 -44.581348
v 40.966129 126.856232 -41.664890
v 41.091652 127.001915 -41.772461
v 43.073864 126.856232 -37.260433
v 43.236408 127.001915 -37.290768
v 42.697102 126.856232 -32.392200
v 42.852959 127.001915 -32.337215
v 40.044067 127.001915 -28.238977
v 39.936604 126.856232 -28.364599
v 35.562477 127.001915 -26.094320
v 35.532143 126.856232 -26.256758
v 30.663904 126.856232 -26.633627
v 30.608929 127.001915 -26.477772
v 26.636209 126.856232 -29.394123
v 26.510689 127.001915 -29.286562
v 24.528471 126.856232 -33.798588
v 24.365931 127.001915 -33.768257
v 24.905338 126.856232 -38.666824
v 24.749384 127.001915 -38.721806
v 39.086987 126.856232 -27.957998
v 39.179577 127.001915 -27.825291
v 40.570103 126.856232 -29.288857
v 40.688740 127.001915 -29.179499
v 27.090206 126.856232 -41.854679
v 26.972569 127.001915 -41.965431
v 28.548882 126.856232 -43.117088
v 28.456783 127.001915 -43.249992
v 28.060961 127.001915 -43.821827
v 27.998001 126.856438 -43.976189
v 26.990028 126.856438 -43.483574
v 27.095896 127.001915 -43.359951
v 39.577900 127.001915 -27.254656
v 39.645950 126.856438 -27.095407
v 40.611015 126.856438 -27.576939
v 40.506447 127.001915 -27.699072
v 41.198814 127.001915 -28.709236
v 41.347782 126.856438 -28.619637
v 26.466787 127.001915 -42.442177
v 26.323503 126.856438 -42.527687
v 28.284164 108.364525 -41.972313
v 28.407293 108.199394 -41.828430
v 32.244709 108.364525 -43.867626
v 32.279434 108.199394 -43.681431
v 36.622231 108.364525 -43.528770
v 36.559273 108.199394 -43.350166
v 40.243927 108.364426 -41.046558
v 40.100143 108.199394 -40.923332
v 42.139236 108.364426 -37.086018
v 41.953148 108.199394 -37.051292
v 41.800385 108.364525 -32.708397
v 41.621880 108.199394 -32.771355
v 39.318172 108.364525 -29.086800
v 39.195045 108.199394 -29.230581
v 35.357628 108.364525 -27.191391
v 35.322906 108.199394 -27.377583
v 30.980104 108.364525 -27.530243
v 31.043068 108.199394 -27.708845
v 27.358414 108.364525 -30.012552
v 27.502197 108.199394 -30.135681
v 25.463104 108.364525 -33.973000
v 25.649193 108.199394 -34.007824
v 25.801956 108.364525 -38.350620
v 25.980461 108.199394 -38.287659
v 38.201839 108.365318 -29.450996
v 38.273483 108.199394 -29.301327
v 39.220692 108.365318 -30.378143
v 39.357586 108.199394 -30.284254
v 28.433640 108.365318 -40.756699
v 28.296740 108.199394 -40.850594
v 29.430532 108.365318 -41.622387
v 29.358992 108.199394 -41.772053
v 29.159632 108.199394 -42.188534
v 29.078310 108.364525 -42.352268
v 32.367142 108.199394 -43.211674
v 32.398674 108.365318 -43.042847
v 36.400322 108.199394 -42.899460
v 36.343250 108.365318 -42.737423
v 39.737148 108.199394 -40.612522
v 39.606632 108.365318 -40.500763
v 41.483391 108.199394 -36.963585
v 41.314461 108.365318 -36.932056
v 41.171177 108.199394 -32.930305
v 41.009132 108.365318 -32.987476
v 39.738346 108.199394 -30.023333
v 39.887817 108.364525 -29.917864
v 38.884232 108.199394 -29.593582
v 38.772381 108.365318 -29.724091
v 38.472740 108.199394 -28.884947
v 38.554157 108.364525 -28.721107
v 35.235199 108.199394 -27.847342
v 35.203667 108.365318 -28.016268
v 31.202015 108.199394 -28.159552
v 31.259192 108.365318 -28.321592
v 27.865192 108.199394 -30.446495
v 27.995705 108.365318 -30.558245
v 26.118956 108.199394 -34.095428
v 26.287884 108.365318 -34.126961
v 26.431164 108.199394 -38.128712
v 26.593204 108.365318 -38.071537
v 27.915981 108.199394 -41.111519
v 27.766609 108.364525 -41.217083
v 28.718206 108.199394 -41.465431
v 28.829962 108.365318 -41.334927
v 27.780283 112.276878 -42.560509
v 27.680901 112.409279 -42.676456
v 27.643385 114.155220 -42.720463
v 27.563259 114.022911 -42.813847
v 28.461075 114.022911 -43.243504
v 28.529623 114.155220 -43.144524
v 32.063812 114.155220 -44.835880
v 32.041161 114.022911 -44.956711
v 32.102428 112.276878 -44.628838
v 32.074287 112.409279 -44.779007
v 28.561756 112.409279 -43.098026
v 28.646868 112.276878 -42.975197
v 36.949711 114.155220 -44.457619
v 36.990520 114.022911 -44.573662
v 36.930351 112.409279 -44.403038
v 36.879669 112.276878 -44.259060
v 40.991871 114.155220 -41.687145
v 41.085262 114.022911 -41.767162
v 40.947872 112.409279 -41.649529
v 40.831928 112.276878 -41.550247
v 43.107296 114.155220 -37.266716
v 43.228127 114.022911 -37.289265
v 43.050320 112.409187 -37.256142
v 42.900352 112.276878 -37.228104
v 42.729134 114.155220 -32.380817
v 42.845078 114.022911 -32.339912
v 42.674454 112.409187 -32.400078
v 42.530571 112.276878 -32.450867
v 40.682655 114.022911 -29.184887
v 40.594448 114.155220 -29.266304
v 39.958656 114.155220 -28.338659
v 40.038578 114.022911 -28.245163
v 39.821659 112.276878 -28.498503
v 39.920944 112.409187 -28.382559
v 40.552841 112.409187 -29.304522
v 40.443287 112.276878 -29.405596
v 39.174789 114.022911 -27.831776
v 39.105946 114.155220 -27.930559
v 35.538231 114.155220 -26.223230
v 35.560680 114.022911 -26.102299
v 35.499615 112.276878 -26.430176
v 35.527554 112.409279 -26.280104
v 39.073414 112.409187 -27.976955
v 38.987900 112.276878 -28.099583
v 30.652332 114.155220 -26.601398
v 30.611320 114.022911 -26.485353
v 30.671492 112.409187 -26.655973
v 30.722376 112.276878 -26.799957
v 26.610067 114.155220 -29.371874
v 26.516575 114.022911 -29.291847
v 26.653975 112.409279 -29.409485
v 26.770016 112.276878 -29.508768
v 24.494644 114.155220 -33.792297
v 24.373714 114.022911 -33.769749
v 24.551517 112.409279 -33.802876
v 24.701590 112.276878 -33.830914
v 24.872808 114.155220 -38.678196
v 24.756767 114.022911 -38.719105
v 24.927387 112.409279 -38.658939
v 25.071371 112.276878 -38.608150
v 26.978054 114.022911 -41.960041
v 27.065659 114.155220 -41.877525
v 27.106771 112.409279 -41.838707
v 27.215433 112.276878 -41.736435
v 24.146015 121.031120 -38.934528
v 24.029871 120.898804 -38.975334
v 26.429670 120.898804 -42.476696
v 26.517273 121.031120 -42.394283
v 27.141994 121.031120 -43.305763
v 27.061970 120.898804 -43.399059
v 23.615990 120.898804 -33.628159
v 23.737019 121.031120 -33.650806
v 25.931173 120.898804 -28.790558
v 26.024565 121.031120 -28.870583
v 30.354887 120.898804 -25.758463
v 30.395899 121.031120 -25.874603
v 35.702068 120.898804 -25.344576
v 35.679520 121.031120 -25.465611
v 40.459747 121.031120 -27.753252
v 40.539673 120.898804 -27.659760
v 39.606537 120.898804 -27.213144
v 39.537689 121.031120 -27.311928
v 43.455826 121.031120 -32.124485
v 43.571770 120.898804 -32.083477
v 41.235531 120.898804 -28.674910
v 41.147331 121.031120 -28.756433
v 43.985657 120.898804 -37.430653
v 43.864719 121.031120 -37.408104
v 41.670471 120.898804 -42.268360
v 41.577179 121.031120 -42.188339
v 37.246750 120.898804 -45.300358
v 37.205845 121.031120 -45.184414
v 31.899570 120.898804 -45.714241
v 31.922224 121.031120 -45.593410
v 28.031927 120.898804 -43.863331
v 28.100473 121.031120 -43.764454
v 24.352459 119.152771 -38.861389
v 24.180941 119.312012 -38.921761
v 27.284380 119.152771 -43.139137
v 27.166039 119.312012 -43.277130
v 26.543617 119.312012 -42.368931
v 26.673031 119.152771 -42.247200
v 23.952147 119.152771 -33.690720
v 23.773441 119.312012 -33.657299
v 26.190897 119.152771 -29.012667
v 26.052702 119.312012 -28.894329
v 30.468739 119.152771 -26.080751
v 30.408171 119.312012 -25.909227
v 35.639408 119.152771 -25.680433
v 35.672630 119.312012 -25.501728
v 40.317364 119.152771 -27.919184
v 40.435505 119.312012 -27.781092
v 39.516735 119.312012 -27.341360
v 39.414959 119.152771 -27.487335
v 43.249283 119.152771 -32.197025
v 43.420605 119.312012 -32.136459
v 41.120586 119.312012 -28.780581
v 40.990177 119.152771 -28.900913
v 43.649502 119.152771 -37.367695
v 43.828098 119.312012 -37.400921
v 41.410847 119.152771 -42.045654
v 41.548843 119.312012 -42.163788
v 37.133003 119.152771 -44.977570
v 37.193375 119.312012 -45.148987
v 31.962437 119.152771 -45.377785
v 31.928909 119.312012 -45.556492
v 28.121027 119.312012 -43.734116
v 28.222403 119.152771 -43.588039
v 26.712740 121.031120 -42.210289
v 26.697775 121.031120 -42.342991
v 39.513344 121.031120 -27.497618
v 39.384521 121.031120 -27.531643
v 40.951160 121.031120 -28.937534
v 40.965931 121.031120 -28.806326
v 28.124321 121.031120 -43.578659
v 28.253433 121.031120 -43.543739
v 40.938992 130.172409 -27.193886
v 40.884010 130.281662 -27.258045
v 39.732353 126.939156 -27.006701
v 39.883026 126.995239 -26.920992
v 27.757034 126.994942 -44.156689
v 27.907896 126.940552 -44.069782
v 41.422924 126.938652 -28.523348
v 41.486481 126.995323 -28.362402
v 26.244774 126.940453 -42.630459
v 26.181519 126.994942 -42.792603
v 26.624039 130.171707 -43.910831
v 26.678118 130.281662 -43.847767
v 27.663839 128.534836 -44.234219
v 27.781778 128.534836 -44.194206
v 26.141108 128.534836 -42.774242
v 26.120354 128.534836 -42.897972
v 39.955963 128.534836 -26.866213
v 39.837925 128.534836 -26.906425
v 41.506134 128.534836 -28.403414
v 41.527191 128.534836 -28.279886
v 40.491180 129.966858 -26.982254
v 40.432308 130.067856 -27.042324
v 39.895199 129.505188 -26.839670
v 40.009247 129.453400 -26.801357
v 27.110863 129.965561 -44.141125
v 27.168137 130.067749 -44.081852
v 27.711933 129.505783 -44.275623
v 27.598185 129.453400 -44.313744
v 41.582264 129.453598 -28.217426
v 41.563210 129.505585 -28.336462
v 41.281528 130.067856 -27.838463
v 41.330425 129.965775 -27.770615
v 26.052401 129.454102 -42.974899
v 26.071362 129.505981 -42.855862
v 26.346054 130.067749 -43.362743
v 26.297859 129.966049 -43.429596
v 26.917686 128.010696 -43.568085
v 26.948622 127.954315 -43.531967
v 40.675468 128.011673 -27.501705
v 40.645340 127.965591 -27.536827
v 26.818609 129.099380 -43.683731
v 26.791269 129.058975 -43.715660
v 27.062967 128.937439 -43.819736
v 27.112860 128.963165 -43.798080
v 40.458355 128.097397 -27.383369
v 40.502556 128.132919 -27.356730
v 40.930710 128.132706 -27.804735
v 40.912350 128.095215 -27.853430
v 26.762030 128.132217 -43.306068
v 26.778397 128.088013 -43.252586
v 27.231794 128.087921 -43.655598
v 27.181807 128.132217 -43.680641
v 27.107069 128.132217 -43.802864
v 27.110561 128.088623 -43.851665
v 26.793566 127.956703 -43.712967
v 26.819706 128.010696 -43.682438
v 40.579884 128.098602 -27.187601
v 40.577690 128.132919 -27.234098
v 40.800598 127.968681 -27.355532
v 40.773556 128.011673 -27.387060
v 41.088459 128.097092 -27.705858
v 41.041363 128.132812 -27.713240
v 26.602285 128.088226 -43.401257
v 26.651976 128.132217 -43.398365
v 40.505444 128.936844 -27.230305
v 40.463345 128.972076 -27.254656
v 40.751900 129.112152 -27.412504
v 40.778942 129.057968 -27.380774
v 26.537228 128.937439 -43.532669
v 26.484447 128.967255 -43.535561
v 26.656565 128.965073 -43.393379
v 26.642895 128.937439 -43.444962
v 26.697975 129.058975 -43.824623
v 26.667244 129.100876 -43.860439
v 26.994619 128.968277 -43.988258
v 26.992025 128.937439 -43.936974
v 40.979103 128.934052 -27.760336
v 41.001053 128.876877 -27.725410
v 41.108017 128.876877 -27.637705
v 41.151619 128.929855 -27.618052
v 40.571102 128.976654 -27.058187
v 40.577591 128.936844 -27.111668
v 40.873234 129.057968 -27.270720
v 40.903965 129.113556 -27.234697
v 26.628130 128.534836 -43.311451
v 26.640303 128.534836 -43.253483
v 27.120340 128.534836 -43.974091
v 27.108467 128.534836 -43.920910
v 27.229700 128.534836 -43.773933
v 27.176418 128.534836 -43.795887
v 26.514578 128.534836 -43.397362
v 26.457607 128.534836 -43.389984
v 40.395691 128.534836 -27.079941
v 40.383423 128.534836 -27.026659
v 41.133163 128.534836 -27.780491
v 41.185547 128.534836 -27.781490
v 40.278248 128.534836 -27.229710
v 40.326744 128.534836 -27.205462
v 41.018017 128.534836 -27.865801
v 41.002151 128.534836 -27.917984
v 25.441355 127.609184 -43.102814
v 25.805548 127.878784 -43.655193
v 26.411510 128.182510 -43.975189
v 26.954111 128.228210 -43.435982
v 26.618151 128.026749 -42.281334
v 25.072769 127.541824 -39.798027
v 36.882458 127.604378 -26.617065
v 40.676170 128.236465 -27.621740
v 40.785229 128.184799 -27.136515
v 40.216187 127.916801 -26.576651
v 39.351002 127.580437 -26.422092
v 22.102335 126.132133 -32.222172
v 28.408390 126.162575 -25.118277
v 25.264343 127.868805 -43.125668
v 25.589525 128.239990 -43.672657
v 26.167048 128.518265 -44.012707
v 26.701567 128.549896 -43.480583
v 26.411306 128.333466 -42.314762
v 25.011604 127.870895 -39.771881
v 36.632614 127.927658 -26.660267
v 40.541569 128.627121 -27.645288
v 40.610115 128.545105 -27.172438
v 39.977116 128.238083 -26.620752
v 39.160320 127.823006 -26.455421
v 21.971724 126.508797 -32.176075
v 28.171116 126.491333 -25.145317
v 25.292582 127.655075 -43.348080
v 25.733408 127.992737 -44.038750
v 26.584726 128.309708 -44.346470
v 27.298147 128.346054 -43.597721
v 26.922777 128.104691 -42.142040
v 25.363523 127.543129 -39.605850
v 36.872280 127.689301 -27.088223
v 40.976410 128.241882 -27.886158
v 41.229946 128.253860 -26.953220
v 40.523609 127.985237 -26.255665
v 39.534595 127.607773 -26.170349
v 22.377726 126.177536 -32.334423
v 28.474443 126.253769 -25.492947
v 25.113579 127.919182 -43.370129
v 25.513893 128.362213 -44.054615
v 26.334879 128.656158 -44.382088
v 27.040520 128.680389 -43.639828
v 26.708551 128.428345 -42.177063
v 25.278511 127.886757 -39.601257
v 36.625427 128.011383 -27.128334
v 40.791912 128.611450 -27.839161
v 41.004841 128.602478 -26.974174
v 40.270962 128.306335 -26.299864
v 39.341423 127.853134 -26.203176
v 22.253502 126.553322 -32.285034
v 28.239965 126.582352 -25.516993
v 23.062016 126.923302 -37.294456
v 21.976814 126.450935 -34.861340
v 21.838718 126.788689 -34.792686
v 22.970016 127.253853 -37.224010
v 22.248611 126.513397 -34.864735
v 23.352571 126.972580 -37.201565
v 23.265465 127.308044 -37.136410
v 22.131071 126.853348 -34.792686
v 31.150331 126.502121 -24.562902
v 33.959419 126.991631 -25.173256
v 33.709877 127.313126 -25.216658
v 30.900684 126.823601 -24.606310
v 33.965008 127.077950 -25.625656
v 31.181564 126.588425 -24.985271
v 30.934710 126.909912 -25.025381
v 33.718254 127.399429 -25.665766
v 38.845718 128.009766 -27.515478
v 40.010941 128.200562 -27.821005
v 39.798016 128.544907 -27.828485
v 38.598164 128.340057 -27.549702
v 40.086670 128.233200 -28.238577
v 38.834644 128.081924 -27.989529
v 38.590286 128.407913 -28.021059
v 39.865261 128.573730 -28.225807
v 23.205494 125.981079 -29.802921
v 26.168644 125.985062 -26.531351
v 25.982254 126.342583 -26.486752
v 23.106316 126.375793 -29.768995
v 26.239290 126.093315 -26.856831
v 23.499546 126.030060 -29.890026
v 23.401165 126.422501 -29.852608
v 26.056095 126.449944 -26.809835
v 24.433479 125.878105 -27.275208
v 23.685934 125.846657 -28.018665
v 23.549236 126.226738 -27.993719
v 24.273733 126.241600 -27.192394
v 23.424913 125.754784 -27.876181
v 24.364735 125.770531 -26.976368
v 24.201593 126.135132 -26.895645
v 23.286915 126.136635 -27.854729
v 23.713173 125.715271 -27.266529
v 23.557018 126.087738 -27.220327
v 23.892477 125.820923 -27.503605
v 23.738714 126.192001 -27.454512
v 24.971992 126.348854 -27.222223
v 25.134230 125.986862 -27.309830
v 25.107294 125.881104 -26.995028
v 24.941359 126.244080 -26.909218
v 23.750591 125.932777 -28.729094
v 23.463627 125.866028 -28.654758
v 23.639536 126.321327 -28.701855
v 23.352169 126.256668 -28.631008
v 25.593418 127.694786 -43.310455
v 26.084232 128.056290 -43.915520
v 26.739880 128.237885 -43.784405
v 26.935249 128.161163 -42.996056
v 25.974773 127.815819 -41.140152
v 40.808380 128.227203 -27.408016
v 40.591354 128.085815 -26.826101
v 39.709011 127.700874 -26.466692
v 25.378191 128.033340 -43.333004
v 25.857634 128.408020 -43.940468
v 26.487240 128.565460 -43.827717
v 26.690590 128.472672 -43.039959
v 25.847155 128.132217 -41.147045
v 40.666492 128.610962 -27.439243
v 40.379826 128.422180 -26.866711
v 39.468636 128.006699 -26.509697
v 25.711357 128.037231 -43.592136
v 25.349257 127.707962 -43.039352
v 36.759132 127.750252 -26.550606
v 40.040375 128.064682 -26.658869
v 40.618999 128.353027 -27.190195
v 26.257246 128.325500 -43.924500
v 39.163216 127.667252 -26.466496
v 26.763731 128.365707 -43.428200
v 21.984695 126.312042 -32.178368
v 26.458305 128.163940 -42.324039
v 28.277084 126.309944 -25.061802
v 24.989952 127.704765 -39.818977
v 40.557228 128.432755 -27.590609
v 25.440756 127.773216 -43.645119
v 26.131329 128.184311 -44.313442
v 27.022856 128.361511 -44.076065
v 27.272705 128.267120 -42.994656
v 26.264931 127.847351 -40.941399
v 41.213081 128.261627 -27.448128
v 40.983192 128.165649 -26.534346
v 39.957066 127.746773 -26.149395
v 25.221937 128.119736 -43.666073
v 25.900337 128.545105 -44.336689
v 26.764429 128.700668 -44.117474
v 27.024252 128.593491 -43.035667
v 26.119057 128.180710 -40.961651
v 41.014023 128.626328 -27.430365
v 40.740032 128.496521 -26.574457
v 39.711002 128.056580 -26.191605
v 25.609779 128.199677 -44.118477
v 25.158375 127.761139 -43.332111
v 36.747154 127.866104 -27.196384
v 40.453659 128.158539 -26.217646
v 41.196026 128.440048 -26.927975
v 26.491833 128.507797 -44.433678
v 39.383430 127.699364 -26.158480
v 27.233389 128.536530 -43.648911
v 22.367847 126.373909 -32.330437
v 26.872089 128.282684 -42.133659
v 28.369877 126.435066 -25.574965
v 25.373304 127.716537 -39.569527
v 40.935795 128.425766 -27.905613
v 25.131338 127.941833 -39.683674
v 26.520466 128.440048 -42.252300
v 40.856174 128.167938 -27.756145
v 41.045055 128.152863 -27.039528
v 36.582420 128.030045 -26.902134
v 40.416042 127.890755 -26.407928
v 40.636860 128.690598 -27.740080
v 39.390415 127.534042 -26.292381
v 40.769962 128.640198 -27.078644
v 22.263878 126.084351 -32.287224
v 40.077896 128.332474 -26.468590
v 28.485722 126.146507 -25.300772
v 39.156330 127.832672 -26.332590
v 25.231913 127.479469 -39.704830
v 22.088665 126.601601 -32.221577
v 25.363926 127.576149 -43.171066
v 25.810337 127.867302 -43.843880
v 28.161240 126.598511 -25.335995
v 26.544413 128.182114 -44.153996
v 36.923969 127.586327 -26.844856
v 27.173922 128.225616 -43.508724
v 25.510899 128.369583 -43.866825
v 25.143810 127.892944 -43.200401
v 26.809927 128.006607 -42.205303
v 26.204565 128.651169 -44.204185
v 26.823198 128.676605 -43.568287
v 22.370842 126.665161 -36.093113
v 21.854883 126.607880 -34.826714
v 22.249210 126.995422 -36.018578
v 22.961037 127.078842 -37.276100
v 22.652119 126.729416 -36.046520
v 23.363945 127.150093 -37.152073
v 22.547752 127.062584 -35.970882
v 22.242725 126.695297 -34.829109
v 23.224056 126.885475 -37.260735
v 22.136658 126.418709 -34.876305
v 23.100927 127.343369 -37.167442
v 21.960947 126.884583 -34.779518
v 21.871046 126.270439 -33.565498
v 22.140850 126.323914 -33.632256
v 21.730558 126.626648 -33.508129
v 24.029074 127.228912 -38.512669
v 24.322027 127.245781 -38.364792
v 23.970505 127.561569 -38.458984
v 22.015028 126.680824 -33.571190
v 24.250484 127.588020 -38.327377
v 32.528484 126.724838 -24.723549
v 33.833401 127.136215 -25.110493
v 32.278934 127.046326 -24.766954
v 31.019423 126.646698 -24.505730
v 32.545151 126.811134 -25.162977
v 31.064220 126.765442 -25.084251
v 32.298393 127.132629 -25.203091
v 33.842880 127.254852 -25.730223
v 34.008713 126.974472 -25.391571
v 31.212494 126.484955 -24.766256
v 33.667568 127.416504 -25.449047
v 30.871244 126.926979 -24.823730
v 29.764297 126.312843 -24.683239
v 29.813385 126.399757 -25.083849
v 35.473473 127.303360 -25.880888
v 35.223927 127.625046 -25.924294
v 29.516241 126.635231 -24.724646
v 35.470581 127.389458 -26.343266
v 29.568130 126.722122 -25.121969
v 35.223724 127.711060 -26.383379
v 39.262798 128.461304 -27.753849
v 38.723686 128.161850 -27.443933
v 39.501366 128.128510 -27.735191
v 39.891106 128.367004 -27.748362
v 39.278862 128.514481 -28.198866
v 39.989292 128.409210 -28.308624
v 39.516033 128.184097 -28.185297
v 38.710716 128.258041 -28.093899
v 39.790928 128.623535 -28.026644
v 38.548077 128.435547 -27.791567
v 40.089462 128.152679 -28.030340
v 38.886330 127.984344 -27.746365
v 37.997494 127.839470 -27.159864
v 37.981827 127.920685 -27.638306
v 40.404873 128.231308 -27.771513
v 40.237038 128.601974 -27.783585
v 37.747547 128.166443 -27.201572
v 40.583775 128.240585 -28.148275
v 37.735168 128.244171 -27.677221
v 40.386410 128.598297 -28.107965
v 23.100727 126.169464 -29.769892
v 26.061880 126.143608 -26.448236
v 26.161263 126.291885 -26.894150
v 23.505533 126.235222 -29.887331
v 26.238590 125.972298 -26.702673
v 23.371128 125.931786 -29.853210
v 25.984455 126.463211 -26.639715
v 23.235130 126.472984 -29.804117
v 22.655912 126.042534 -30.897299
v 22.941879 126.086937 -31.008554
v 27.161650 126.057098 -25.839880
v 26.948919 126.400444 -25.833595
v 22.543062 126.432060 -30.858488
v 27.237680 126.157486 -26.186815
v 22.831123 126.474678 -30.966446
v 27.028042 126.500320 -26.177633
v 24.010914 125.732124 -27.071056
v 24.269943 125.932777 -26.880182
v 23.367140 126.100418 -27.510685
v 23.306870 125.928688 -27.839161
v 23.743208 125.823807 -27.732100
v 23.666676 126.053711 -28.032534
v 23.974796 126.206673 -27.277802
v 24.366829 126.079857 -27.289677
v 23.392282 126.253067 -27.919884
v 24.207380 126.256561 -27.028654
v 23.581263 125.729324 -27.951811
v 24.429392 125.756073 -27.141104
v 25.409126 126.401749 -27.137712
v 24.766045 125.930283 -27.292669
v 24.731522 125.824425 -26.981756
v 23.705591 125.885689 -28.353424
v 23.445467 125.924507 -29.106960
v 23.581263 126.270035 -28.329779
v 23.301985 126.192413 -28.232891
v 25.358831 126.294281 -26.822910
v 23.515711 125.723145 -27.541319
v 23.850073 126.100204 -27.006203
v 24.132647 125.839890 -27.345053
v 23.596529 126.199387 -27.698172
v 23.831909 125.698402 -27.394045
v 23.618883 126.209572 -27.328491
v 23.849470 126.026070 -27.523258
v 23.601320 125.881790 -27.199278
v 24.605501 126.292290 -27.202469
v 25.577148 126.039742 -27.211449
v 25.530455 125.931381 -26.894648
v 24.567387 126.187424 -26.893250
v 25.058498 126.187607 -27.324898
v 25.018887 126.042831 -26.893250
v 25.151592 125.866028 -27.168743
v 24.925892 126.364433 -27.049509
v 23.738714 125.980881 -29.178003
v 23.427107 125.806168 -28.252945
v 23.638739 126.372818 -29.145670
v 23.345089 126.318634 -29.078123
v 23.627962 125.826416 -28.696665
v 23.748896 126.139427 -28.729094
v 23.475000 126.362038 -28.661646
v 23.354067 126.049126 -28.629213
v 25.513393 127.846359 -43.254581
v 29.630789 126.457718 -24.629156
v 40.415047 128.239487 -26.901133
v 25.962502 128.207260 -43.853561
v 39.535694 127.841858 -26.548018
v 26.561075 128.377380 -43.751583
v 24.187725 127.174126 -38.447212
v 26.749960 128.295654 -43.018505
v 35.518578 127.286087 -26.104296
v 25.858330 127.966476 -41.179672
v 21.847799 126.720535 -33.528584
v 40.528595 128.167648 -27.962589
v 27.239279 126.042938 -26.014793
v 37.875164 127.988029 -27.091215
v 22.545654 126.229225 -30.857388
v 40.666893 128.414398 -27.420685
v 25.299067 127.958611 -43.712769
v 40.932102 128.345551 -26.499620
v 26.024263 128.389542 -44.399551
v 39.872646 127.907112 -26.110682
v 26.946127 128.555374 -44.151203
v 24.339989 127.420982 -38.319889
v 27.211439 128.451614 -43.014610
v 35.346855 127.566360 -26.449734
v 26.244678 128.021561 -40.915554
v 40.515926 128.419983 -28.193876
v 27.147383 126.347672 -26.247082
v 23.312262 125.984573 -28.224409
v 41.184048 128.448624 -27.442137
v 25.957510 128.217438 -41.056942
v 41.042755 128.174225 -27.426773
v 40.277447 128.668442 -27.943129
v 40.829933 128.063171 -26.672644
v 37.855808 128.097290 -27.747164
v 39.871552 127.662567 -26.300064
v 40.808277 128.688782 -27.436054
v 21.748817 126.438461 -33.524593
v 40.517323 128.521851 -26.728119
v 35.348949 127.448021 -25.816233
v 39.536789 128.086517 -26.358635
v 23.946056 127.391243 -38.511971
v 39.119114 127.614662 -26.311937
v 24.098322 127.638016 -38.384647
v 27.040716 126.209961 -25.771931
v 25.555897 127.667046 -43.468410
v 35.177330 127.728317 -26.161671
v 22.666189 126.526260 -30.904785
v 26.150682 128.053497 -44.109989
v 22.129875 126.512398 -33.613899
v 29.495991 126.739098 -24.930790
v 26.929266 128.237198 -43.922306
v 26.948919 126.514694 -26.004217
v 25.256559 128.137909 -43.498844
v 27.150276 128.154373 -42.987373
v 22.940384 126.288986 -31.008057
v 25.836081 128.543304 -44.143120
v 26.145496 127.770721 -41.038280
v 29.700237 126.577255 -25.177744
v 26.577940 128.695572 -43.980576
v 40.290127 128.416092 -27.711842
v 26.811123 128.592896 -43.045742
v 37.694759 128.266312 -27.446930
v 25.203176 127.674721 -43.078869
v 22.255697 126.818024 -36.064678
v 22.654312 126.908325 -35.999821
v 22.532585 126.635124 -36.083935
v 22.377327 127.091217 -35.980663
v 22.030893 126.230324 -33.610001
v 32.400368 126.869415 -24.663181
v 32.425213 126.988052 -25.265152
v 32.583363 126.707771 -24.935381
v 32.242119 127.149689 -24.992853
v 29.835138 126.295876 -24.876114
v 39.379139 128.284790 -27.660656
v 39.400295 128.359406 -28.275993
v 39.226170 128.550003 -27.979452
v 39.553253 128.094101 -27.957199
v 38.036209 127.819107 -27.391453
v 23.473103 126.419411 -29.106161
v 23.743706 126.187218 -29.174809
v 24.556011 126.307846 -27.031149
v 22.819849 125.991844 -30.960560
v 23.610800 125.878990 -29.148165
v 24.779217 125.809349 -27.153975
v 25.435564 126.092621 -26.799561
v 23.398569 125.893066 -27.490530
v 24.076771 126.043442 -27.362612
v 23.882500 126.222351 -27.129629
v 24.101614 125.717148 -27.220428
v 24.692509 126.131035 -27.305643
v 23.657099 125.702881 -27.642794
v 23.454145 126.220444 -27.598396
v 23.712677 126.030266 -27.750656
v 23.907343 125.896057 -26.987541
v 25.502220 126.240990 -27.233801
v 24.642618 125.986168 -26.879383
v 25.585636 125.917625 -27.066771
v 25.352150 126.416016 -26.966688
v 23.589748 125.773621 -28.307325
v 23.695711 126.092621 -28.360107
v 23.418224 126.303444 -28.277193
v 23.340195 126.111183 -29.079519
v 22.604424 124.706390 -27.404520
v 23.175760 124.605415 -27.026859
v 22.874229 124.930786 -27.422581
v 23.268955 124.854958 -27.233002
v 23.155706 124.883804 -27.638107
v 23.418726 124.794388 -27.546507
v 23.158400 124.615395 -27.842552
v 23.481686 124.482880 -27.662052
v 22.893385 124.392784 -27.835369
v 23.389887 124.232544 -27.453215
v 22.619989 124.439392 -27.635811
v 23.234732 124.294601 -27.150185
v 22.721169 125.481880 -27.933554
v 23.022900 125.440071 -27.738882
v 23.281427 125.229736 -27.841255
v 23.240719 125.062500 -28.147179
v 22.931103 125.105011 -28.337259
v 22.676867 125.319031 -28.245861
v 25.142511 126.517990 -27.614758
v 23.583660 125.854256 -28.274796
v 24.938366 126.602791 -27.305643
v 23.379911 125.936172 -27.967180
v 24.933676 126.393959 -27.012688
v 23.359854 125.720345 -27.658863
v 25.129444 126.093529 -27.026159
v 23.530478 125.420616 -27.645887
v 25.326508 126.007523 -27.327791
v 23.729736 125.337982 -27.948719
v 25.328402 126.219734 -27.617449
v 23.751589 125.554108 -28.257734
v 24.029074 125.121475 -28.560966
v 23.991657 125.757668 -28.675514
v 24.314745 125.181839 -28.345144
v 23.719458 125.732826 -28.527338
v 24.290398 125.340698 -28.038321
v 23.802675 125.781807 -28.200260
v 23.976990 125.440155 -27.938440
v 24.160583 125.850662 -28.011379
v 23.675259 125.386490 -28.119244
v 24.403446 125.884689 -28.115252
v 23.703596 125.220154 -28.421474
v 24.329412 125.831398 -28.462881
v 23.895372 126.355537 -28.559769
v 24.194111 126.486252 -28.332371
v 24.334801 126.369225 -27.975061
v 24.197702 126.114464 -27.888651
v 23.896170 125.971794 -28.136505
v 23.735825 126.099304 -28.453703
v 23.759871 126.137627 -27.121946
v 24.072079 126.154305 -27.015982
v 24.146816 126.298569 -26.680124
v 23.901957 126.432976 -26.436064
v 23.579470 126.426491 -26.519775
v 23.508224 126.279510 -26.860527
v 23.492662 124.989677 -27.398735
v 23.516508 125.966904 -27.050606
v 23.833107 124.929810 -27.444832
v 23.848276 125.916122 -27.073456
v 23.988466 124.779427 -27.194187
v 24.023985 125.763062 -26.818117
v 23.810656 124.681732 -26.901934
v 23.860247 125.668457 -26.529556
v 23.485079 124.738625 -26.856533
v 23.506729 125.731125 -26.474577
v 23.319942 124.892471 -27.100594
v 23.329422 125.882996 -26.734203
v 23.491365 125.452637 -27.216040
v 23.841290 125.345573 -27.250263
v 23.971901 125.200203 -26.965792
v 23.772045 125.150909 -26.670046
v 23.436188 125.252686 -26.627937
v 23.284622 125.405739 -26.903030
v 23.492662 125.193108 -28.132111
v 23.809761 125.189522 -27.963882
v 23.945158 124.907135 -27.846146
v 23.771645 124.622284 -27.908409
v 23.465221 124.620079 -28.096691
v 23.322836 124.905457 -28.198967
v 24.386585 126.067474 -27.910505
v 24.180941 126.153389 -27.599392
v 24.158888 125.939667 -27.288181
v 24.355154 125.638733 -27.302248
v 24.554316 125.552727 -27.606276
v 24.558205 125.765945 -27.897930
v 22.850283 125.505028 -27.476162
v 23.120285 125.500023 -27.269718
v 23.272448 125.289307 -27.095604
v 23.139742 125.037170 -27.125839
v 22.859062 125.020805 -27.327291
v 22.693327 125.242111 -27.483250
v 23.952745 126.963402 -27.874384
v 23.853264 126.994431 -26.981558
v 24.177847 127.061081 -26.939751
v 24.267748 127.016891 -27.838564
v 24.396061 126.793076 -26.997524
v 24.430788 126.746178 -27.688890
v 24.242901 126.433479 -27.122047
v 24.287605 126.411926 -27.628225
v 23.910437 126.369904 -27.183807
v 24.004230 126.355347 -27.680412
v 23.726944 126.643608 -27.086124
v 23.820335 126.624954 -27.792067
v 25.579348 127.425278 -27.330385
v 25.393061 127.509499 -27.041624
v 25.392857 127.298355 -26.749969
v 25.578648 127.001915 -26.744879
v 25.766035 126.920105 -27.042421
v 25.783100 127.129326 -27.340961
v 25.703972 127.509094 -27.106279
v 25.578749 127.564369 -26.909616
v 25.577450 127.422287 -26.710754
v 25.700680 127.223824 -26.706367
v 25.826702 127.169846 -26.908916
v 25.837278 127.310928 -27.109077
v 22.559824 125.414215 -26.840071
v 22.755890 125.366722 -26.555798
v 22.995760 125.132454 -26.549015
v 23.039064 124.932991 -26.819414
v 22.855370 124.992561 -27.107079
v 22.613304 125.247002 -27.123943
v -4.393686 170.522995 4.589241
v -4.140945 170.522995 4.151509
v -3.635462 170.522995 4.151509
v -3.382721 170.522995 4.616082
v -3.635462 170.522995 5.026974
v -4.140945 170.522995 5.026974
v -3.804988 168.326157 4.589241
v -3.586172 168.452484 4.151509
v -3.148339 168.705215 4.197806
v -2.929523 168.831635 4.702391
v -3.148439 168.705215 5.073371
v -3.586172 168.452484 5.026974
v -2.196843 166.717926 4.646116
v -2.070423 166.936829 4.262963
v -1.817681 167.374557 4.372321
v -1.691361 167.593384 4.864732
v -1.817681 167.374557 5.247785
v -2.070423 166.936829 5.138527
v 0.000000 166.129318 4.934079
v 0.000000 166.382050 4.534462
v 0.000000 166.887421 4.610594
v 0.000000 167.140167 5.086442
v 0.000000 166.887421 5.486158
v 0.000000 166.382050 5.409927
v 2.196843 166.717926 5.222142
v 2.070522 166.936829 4.805962
v 1.817781 167.374557 4.848967
v 1.691361 167.593384 5.308251
v 1.817781 167.374557 5.724432
v 2.070522 166.936829 5.681427
v 3.805088 168.326157 5.432976
v 3.586172 168.452484 5.009113
v 3.148439 168.705215 5.023581
v 2.929523 168.831543 5.470592
v 3.148439 168.705215 5.899145
v 3.586172 168.452484 5.884577
v 4.393686 170.522995 5.529961
v 4.140945 170.522995 5.092229
v 3.635462 170.522995 5.092229
v 3.382721 170.522995 5.529961
v 3.635462 170.522995 5.967793
v 4.393686 170.522995 4.589241
v 3.805088 172.719849 4.589241
v 3.586172 172.593430 4.151509
v 3.148439 172.340683 4.151509
v 2.929523 172.214355 4.589241
v 3.148439 172.340683 5.026974
v 3.586172 172.593430 5.026974
v 2.196843 174.327988 4.589240
v 2.070522 174.109161 4.151508
v 1.817781 173.671341 4.151509
v 1.691361 173.452515 4.589241
v 1.817781 173.671341 5.026974
v 2.070522 174.109161 5.026973
v 0.000000 174.916687 4.589240
v 0.000000 174.663956 4.151508
v 0.000000 174.158447 4.151508
v 0.000000 173.905731 4.589240
v 0.000000 174.158447 5.026973
v 0.000000 174.663956 5.026973
v -2.196843 174.327988 4.589240
v -2.070423 174.109161 4.151508
v -1.817681 173.671341 4.151509
v -1.691361 173.452515 4.589241
v -1.817681 173.671341 5.026974
v -2.070423 174.109161 5.026973
v -3.804988 172.719849 4.589241
v -3.586172 172.593430 4.151509
v -3.148339 172.340683 4.151509
v -2.929523 172.214355 4.589241
v -3.148339 172.340683 5.026974
v -3.586172 172.593430 5.026974
v -4.393686 170.522995 -6.701995
v -4.140945 170.522995 -7.139729
v -3.635462 170.522995 -7.139729
v -3.382721 170.522995 -6.675155
v -3.635462 170.522995 -6.264263
v -4.140945 170.522995 -6.264263
v -3.804988 168.326157 -6.701995
v -3.586172 168.452484 -7.139729
v -3.148339 168.705215 -7.093331
v -2.929523 168.831543 -6.588846
v -3.148439 168.705215 -6.217866
v -3.586172 168.452484 -6.264263
v -2.196843 166.717926 -6.645121
v -2.070423 166.936829 -7.028174
v -1.817681 167.374557 -6.918916
v -1.691361 167.593384 -6.426505
v -1.817681 167.374557 -6.043451
v -2.070423 166.936829 -6.152709
v 0.000000 166.129318 -6.357059
v 0.000000 166.382050 -6.756774
v 0.000000 166.887421 -6.680543
v 0.000000 167.140167 -6.204695
v 0.000000 166.887421 -5.805078
v 0.000000 166.382050 -5.881210
v 2.196843 166.717926 -6.069095
v 2.070522 166.936829 -6.485273
v 1.817781 167.374557 -6.442271
v 1.691361 167.593384 -5.982985
v 1.817781 167.374557 -5.566706
v 2.070522 166.936829 -5.609810
v 3.805088 168.326157 -5.858161
v 3.586172 168.452484 -6.282124
v 3.148439 168.705215 -6.267555
v 2.929523 168.831543 -5.820644
v 3.148439 168.705215 -5.392092
v 3.586172 168.452484 -5.406560
v 4.393686 170.522995 -5.761176
v 4.140945 170.522995 -6.198908
v 3.635462 170.522995 -6.198908
v 3.382721 170.522995 -5.761176
v 3.635462 170.522995 -5.323443
v 4.140945 170.522995 -5.323443
v 3.805088 172.719849 -6.701995
v 3.586172 172.593430 -7.139729
v 3.148439 172.340683 -7.139729
v 2.929523 172.214355 -6.701995
v 3.148439 172.340683 -6.264263
v 3.586172 172.593430 -6.264263
v 2.196843 174.327988 -6.701995
v 2.070522 174.109161 -7.139729
v 1.817781 173.671341 -7.139729
v 1.691361 173.452515 -6.701995
v 1.817781 173.671341 -6.264263
v 2.070522 174.109161 -6.264263
v 0.000000 174.916687 -6.701995
v 0.000000 174.663956 -7.139729
v 0.000000 174.158447 -7.139729
v 0.000000 173.905731 -6.701995
v 0.000000 174.158447 -6.264263
v 0.000000 174.663956 -6.264263
v -2.196843 174.327988 -6.701995
v -2.070423 174.109161 -7.139729
v -1.817681 173.671341 -7.139729
v -1.691361 173.452515 -6.701995
v -1.817681 173.671341 -6.264263
v -2.070423 174.109161 -6.264263
v -3.804988 172.719849 -6.701995
v -3.586172 172.593430 -7.139729
v -3.148439 172.340683 -7.139729
v -2.929523 172.214355 -6.701995
v -3.148339 172.340683 -6.264263
v -3.586172 172.593430 -6.264263
v -4.393686 170.522995 -7.642916
v -4.140945 170.522995 -8.080647
v -3.635462 170.522995 -8.080647
v -3.635462 170.522995 -7.205183
v -3.804988 168.326157 -7.642916
v -3.586172 168.452484 -8.080647
v -3.148439 168.705215 -8.034348
v -3.586172 168.452484 -7.205183
v -2.196843 166.717926 -7.586040
v 0.000000 166.129318 -7.297977
v 0.000000 167.140167 -7.145714
v 1.691361 167.593384 -6.923906
v 2.070522 166.936829 -6.550730
v 2.929523 168.831543 -6.761564
v 3.586172 168.452484 -6.347480
v 4.393686 170.522995 -6.702096
v 3.635462 170.522995 -6.264363
v 4.140945 170.522995 -6.264363
v -3.382721 170.522995 -7.616075
v -4.140945 170.522995 -7.205183
v -2.929523 168.831635 -7.529766
v -3.148439 168.705215 -7.158785
v -2.070423 166.936829 -7.969193
v -1.817681 167.374557 -7.859836
v -1.691361 167.593384 -7.367424
v -1.817681 167.374557 -6.984371
v -2.070423 166.936829 -7.093630
v 0.000000 166.382050 -7.697694
v 0.000000 166.887421 -7.621462
v 0.000000 166.887421 -6.745997
v 0.000000 166.382050 -6.822230
v 2.196843 166.717926 -7.010014
v 2.070522 166.936829 -7.426195
v 1.817781 167.374557 -7.383190
v 1.817781 167.374557 -6.507725
v 3.805088 168.326157 -6.799080
v 3.586172 168.452484 -7.223044
v 3.148439 168.705215 -7.208477
v 3.148439 168.705215 -6.333012
v 4.140945 170.522995 -7.139927
v 3.635462 170.522995 -7.139927
v 3.382721 170.522995 -6.702096
v 4.393686 170.522995 -7.642916
v 4.140945 170.522995 -8.080647
v 3.635462 170.522995 -8.080647
v 3.382721 170.522995 -7.642916
v 3.635462 170.522995 -7.205183
v 4.140945 170.522995 -7.205183
v 3.805088 172.719849 -7.642916
v 3.586172 172.593430 -8.080648
v 3.148439 172.340683 -8.080648
v 2.929523 172.214355 -7.642916
v 3.148439 172.340683 -7.205183
v 3.586172 172.593430 -7.205183
v 2.196843 174.327988 -7.642917
v 2.070522 174.109161 -8.080648
v 1.817781 173.671341 -8.080648
v 1.691361 173.452515 -7.642916
v 1.817781 173.671341 -7.205183
v 2.070522 174.109161 -7.205183
v 0.000000 174.916687 -7.642917
v 0.000000 174.663956 -8.080648
v 0.000000 174.158447 -8.080648
v 0.000000 173.905731 -7.642917
v 0.000000 174.158447 -7.205183
v 0.000000 174.663956 -7.205183
v -2.196843 174.327988 -7.642917
v -2.070423 174.109161 -8.080648
v -1.817681 173.671341 -8.080648
v -1.691361 173.452515 -7.642916
v -1.817681 173.671341 -7.205183
v -2.070423 174.109161 -7.205183
v -3.804988 172.719849 -7.642916
v -3.586172 172.593430 -8.080648
v -3.148439 172.340683 -8.080648
v -2.929523 172.214355 -7.642916
v -3.148439 172.340683 -7.205183
v -3.586172 172.593430 -7.205183
v -4.393686 170.522995 -5.761076
v -4.140945 170.522995 -6.198808
v -3.635462 170.522995 -6.198808
v -3.382721 170.522995 -5.734136
v -3.635462 170.522995 -5.323244
v -4.140945 170.522995 -5.323244
v -3.804988 168.326157 -5.761076
v -3.586172 168.452484 -6.198808
v -3.148439 168.705215 -6.152410
v -2.929523 168.831543 -5.647926
v -3.148339 168.705215 -5.276947
v -3.586172 168.452484 -5.323244
v -2.196843 166.717926 -5.704201
v -2.070423 166.936829 -6.087255
v -1.817681 167.374557 -5.977997
v -1.691361 167.593384 -5.485585
v -1.817681 167.374557 -5.102432
v -2.070423 166.936829 -5.211790
v 0.000000 166.129318 -5.416139
v 0.000000 166.382050 -5.815855
v 0.000000 166.887421 -5.739623
v 0.000000 167.140167 -5.263774
v 0.000000 166.887421 -4.864159
v 0.000000 166.382050 -4.940289
v 2.196843 166.717926 -5.128075
v 2.070522 166.936829 -5.544355
v 1.817781 167.374557 -5.501350
v 1.691361 167.593384 -5.042066
v 1.817781 167.374557 -4.625786
v 2.070522 166.936829 -4.668890
v 3.805088 168.326157 -4.917242
v 3.586172 168.452484 -5.341104
v 3.148439 168.705215 -5.326636
v 2.929523 168.831543 -4.879725
v 3.148439 168.705215 -4.451172
v 3.586172 168.452484 -4.465640
v 4.393686 170.522995 -4.820256
v 4.140945 170.522995 -5.257988
v 3.635462 170.522995 -5.257988
v 3.382721 170.522995 -4.820256
v 3.635462 170.522995 -4.382524
v 4.140945 170.522995 -4.382524
v 3.805088 172.719849 -5.761076
v 3.586172 172.593430 -6.198808
v 3.148439 172.340683 -6.198808
v 2.929523 172.214355 -5.761076
v 3.148439 172.340683 -5.323244
v 3.586172 172.593430 -5.323244
v 2.196843 174.327988 -5.761076
v 2.070522 174.109161 -6.198809
v 1.817781 173.671341 -6.198808
v 1.691361 173.452515 -5.761076
v 1.817781 173.671341 -5.323244
v 2.070522 174.109161 -5.323245
v 0.000000 174.916687 -5.761076
v 0.000000 174.663956 -6.198809
v 0.000000 174.158447 -6.198809
v 0.000000 173.905731 -5.761076
v 0.000000 174.158447 -5.323245
v 0.000000 174.663956 -5.323245
v -2.196843 174.327988 -5.761076
v -2.070423 174.109161 -6.198809
v -1.817681 173.671341 -6.198808
v -1.691361 173.452515 -5.761076
v -1.817681 173.671341 -5.323244
v -2.070423 174.109161 -5.323245
v -3.804988 172.719849 -5.761076
v -3.586172 172.593430 -6.198808
v -3.148439 172.340683 -6.198808
v -2.929523 172.214355 -5.761076
v -3.148439 172.340683 -5.323244
v -3.586172 172.593430 -5.323244
v -4.393686 170.522995 -3.879137
v -4.140945 170.522995 -4.316869
v -3.635462 170.522995 -4.316869
v -3.382721 170.522995 -3.852296
v -3.635462 170.522995 -3.441404
v -4.140945 170.522995 -3.441404
v -3.804988 168.326157 -3.879137
v -3.586172 168.452484 -4.316869
v -3.148439 168.705215 -4.270572
v -2.929523 168.831543 -3.765986
v -3.148339 168.705215 -3.395107
v -3.586172 168.452484 -3.441404
v -2.196843 166.717926 -3.822362
v -2.070423 166.936829 -4.205415
v -1.817681 167.374557 -4.096057
v -1.691361 167.593384 -3.603645
v -1.817681 167.374557 -3.220592
v -2.070423 166.936829 -3.329951
v 0.000000 166.129318 -3.534299
v 0.000000 166.382050 -3.933915
v 0.000000 166.887421 -3.857784
v 0.000000 167.140167 -3.381935
v 0.000000 166.887421 -2.982319
v 0.000000 166.382050 -3.058451
v 2.196843 166.717926 -3.246235
v 2.070522 166.936829 -3.662515
v 1.817781 167.374557 -3.619411
v 1.691361 167.593384 -3.160126
v 1.817781 167.374557 -2.743946
v 2.070522 166.936829 -2.786951
v 3.805088 168.326157 -3.035402
v 3.586172 168.452484 -3.459265
v 3.148439 168.705215 -3.444797
v 2.929523 168.831543 -2.997785
v 3.148439 168.705215 -2.569332
v 3.586172 168.452484 -2.583800
v 4.393686 170.522995 -2.938416
v 4.140945 170.522995 -3.376148
v 3.635462 170.522995 -3.376148
v 3.382721 170.522995 -2.938416
v 3.635462 170.522995 -2.500684
v 4.140945 170.522995 -2.500684
v 3.805088 172.719849 -3.879137
v 3.586172 172.593430 -4.316869
v 3.148439 172.340683 -4.316869
v 2.929523 172.214355 -3.879137
v 3.148439 172.340683 -3.441405
v 3.586172 172.593430 -3.441405
v 2.196843 174.327988 -3.879137
v 2.070522 174.109161 -4.316870
v 1.817781 173.671341 -4.316869
v 1.691361 173.452515 -3.879137
v 1.817781 173.671341 -3.441405
v 2.070522 174.109161 -3.441405
v 0.000000 174.916595 -3.879137
v 0.000000 174.663956 -4.316870
v 0.000000 174.158447 -4.316870
v 0.000000 173.905731 -3.879137
v 0.000000 174.158447 -3.441405
v 0.000000 174.663956 -3.441405
v -2.196843 174.327988 -3.879137
v -2.070423 174.109161 -4.316870
v -1.817681 173.671341 -4.316869
v -1.691361 173.452515 -3.879137
v -1.817681 173.671341 -3.441405
v -2.070423 174.109161 -3.441405
v -3.804988 172.719849 -3.879137
v -3.586172 172.593430 -4.316869
v -3.148439 172.340683 -4.316869
v -2.929523 172.214355 -3.879137
v -3.148339 172.340683 -3.441405
v -3.586172 172.593430 -3.441405
v -4.393686 170.522995 -4.820056
v -4.140945 170.522995 -5.257888
v -3.635462 170.522995 -5.257888
v -3.382721 170.522995 -4.793216
v -3.635462 170.522995 -4.382324
v -4.140945 170.522995 -4.382324
v -3.804988 168.326157 -4.820056
v -3.586172 168.452484 -5.257888
v -3.148439 168.705215 -5.211491
v -2.929523 168.831543 -4.707006
v -3.148439 168.705215 -4.336027
v -3.586172 168.452484 -4.382324
v -2.196843 166.717926 -4.763282
v -2.070423 166.936829 -5.146335
v -1.817681 167.374557 -5.037076
v -1.691361 167.593384 -4.544665
v -1.817681 167.374557 -4.161513
v -2.070423 166.936829 -4.270870
v 0.000000 166.129318 -4.475218
v 0.000000 166.382050 -4.874835
v 0.000000 166.887421 -4.798703
v 0.000000 167.140167 -4.322855
v 0.000000 166.887421 -3.923239
v 0.000000 166.382050 -3.999371
v 2.196843 166.717926 -4.187155
v 2.070522 166.936829 -4.603435
v 1.817781 167.374557 -4.560330
v 1.691361 167.593384 -4.101145
v 1.817781 167.374557 -3.684866
v 2.070522 166.936829 -3.727871
v 3.805088 168.326157 -3.976321
v 3.586172 168.452484 -4.400185
v 3.148439 168.705215 -4.385717
v 2.929523 168.831543 -3.938805
v 3.148439 168.705215 -3.510252
v 3.586172 168.452484 -3.524720
v 4.393686 170.522995 -3.879336
v 4.140945 170.522995 -4.317068
v 3.635462 170.522995 -4.317068
v 3.382721 170.522995 -3.879336
v 3.635462 170.522995 -3.441604
v 4.140945 170.522995 -3.441604
v 3.805088 172.719849 -4.820056
v 3.586172 172.593430 -5.257888
v 3.148439 172.340683 -5.257888
v 2.929523 172.214355 -4.820056
v 3.148439 172.340683 -4.382324
v 3.586172 172.593430 -4.382324
v 2.196843 174.327988 -4.820057
v 2.070522 174.109161 -5.257889
v 1.817781 173.671341 -5.257888
v 1.691361 173.452515 -4.820056
v 1.817781 173.671341 -4.382324
v 2.070522 174.109161 -4.382325
v 0.000000 174.916595 -4.820057
v 0.000000 174.663956 -5.257889
v 0.000000 174.158447 -5.257889
v 0.000000 173.905731 -4.820057
v 0.000000 174.158447 -4.382325
v 0.000000 174.663956 -4.382325
v -2.196843 174.327988 -4.820057
v -2.070423 174.109161 -5.257889
v -1.817681 173.671341 -5.257888
v -1.691361 173.452515 -4.820056
v -1.817681 173.671341 -4.382324
v -2.070423 174.109161 -4.382325
v -3.804988 172.719849 -4.820056
v -3.586172 172.593430 -5.257888
v -3.148439 172.340683 -5.257888
v -2.929523 172.214355 -4.820056
v -3.148439 172.340683 -4.382324
v -3.586172 172.593430 -4.382324
v -4.393686 170.522995 -2.938217
v -4.140945 170.522995 -3.375949
v -3.635462 170.522995 -3.375949
v -3.382721 170.522995 -2.911376
v -3.635462 170.522995 -2.500485
v -4.140945 170.522995 -2.500485
v -3.804988 168.326157 -2.938217
v -3.586172 168.452484 -3.375949
v -3.148439 168.705215 -3.329651
v -2.929523 168.831543 -2.825067
v -3.148439 168.705215 -2.454187
v -3.586172 168.452484 -2.500484
v -2.196843 166.717926 -2.881342
v -2.070423 166.936829 -3.264495
v -1.817681 167.374557 -3.155137
v -1.691361 167.593384 -2.662726
v -1.817681 167.374557 -2.279673
v -2.070423 166.936829 -2.388931
v 0.000000 166.129318 -2.593379
v 0.000000 166.382050 -2.992996
v 0.000000 166.887421 -2.916864
v 0.000000 167.140167 -2.441016
v 0.000000 166.887421 -2.041300
v 0.000000 166.382050 -2.117531
v 2.196843 166.717926 -2.305316
v 2.070522 166.936829 -2.721496
v 1.817781 167.374557 -2.678491
v 1.691361 167.593384 -2.219206
v 1.817781 167.374557 -1.803026
v 2.070522 166.936829 -1.846031
v 3.805088 168.326157 -2.094482
v 3.586172 168.452484 -2.518345
v 3.148439 168.705215 -2.503877
v 2.929523 168.831543 -2.056865
v 3.148439 168.705215 -1.628313
v 3.586172 168.452484 -1.642881
v 4.393686 170.522995 -1.997497
v 4.140945 170.522995 -2.435229
v 3.635462 170.522995 -2.435229
v 3.382721 170.522995 -1.997497
v 3.635462 170.522995 -1.559765
v 4.140945 170.522995 -1.559765
v 3.805088 172.719849 -2.938217
v 3.586172 172.593430 -3.375949
v 3.148439 172.340683 -3.375949
v 2.929523 172.214355 -2.938217
v 3.148439 172.340683 -2.500485
v 3.586172 172.593430 -2.500485
v 2.196843 174.327988 -2.938217
v 2.070522 174.109161 -3.375949
v 1.817781 173.671341 -3.375949
v 1.691361 173.452515 -2.938217
v 1.817781 173.671341 -2.500485
v 2.070522 174.109161 -2.500485
v 0.000000 174.916687 -2.938217
v 0.000000 174.663956 -3.375949
v 0.000000 174.158447 -3.375949
v 0.000000 173.905731 -2.938217
v 0.000000 174.158447 -2.500485
v 0.000000 174.663956 -2.500485
v -2.196843 174.327988 -2.938217
v -2.070423 174.109161 -3.375949
v -1.817681 173.671341 -3.375949
v -1.691361 173.452515 -2.938217
v -1.817681 173.671341 -2.500485
v -2.070423 174.109161 -2.500485
v -3.804988 172.719849 -2.938217
v -3.586172 172.593430 -3.375949
v -3.148439 172.340683 -3.375949
v -2.929523 172.214355 -2.938217
v -3.148439 172.340683 -2.500485
v -3.586172 172.593430 -2.500485
v -4.393686 170.522995 -1.997297
v -4.140945 170.522995 -2.435030
v -3.635462 170.522995 -2.435030
v -3.382721 170.522995 -1.970457
v -3.635462 170.522995 -1.559565
v -4.140945 170.522995 -1.559565
v -3.804988 168.326157 -1.997297
v -3.586172 168.452484 -2.435029
v -3.148339 168.705215 -2.388732
v -2.929523 168.831543 -1.884147
v -3.148439 168.705215 -1.513167
v -3.586172 168.452484 -1.559565
v -2.196843 166.717926 -1.940423
v -2.070423 166.936829 -2.323576
v -1.817681 167.374557 -2.214217
v -1.691361 167.593384 -1.721806
v -1.817681 167.374557 -1.338753
v -2.070423 166.936829 -1.448011
v 0.000000 166.129318 -1.652459
v 0.000000 166.382050 -2.052076
v 0.000000 166.887421 -1.975944
v 0.000000 167.140167 -1.500096
v 0.000000 166.887421 -1.100380
v 0.000000 166.382050 -1.176611
v 2.196843 166.717926 -1.364396
v 2.070522 166.936829 -1.780576
v 1.817781 167.374557 -1.737571
v 1.691361 167.593384 -1.278287
v 1.817781 167.374557 -0.862107
v 2.070522 166.936829 -0.905112
v 3.805088 168.326157 -1.153562
v 3.586172 168.452484 -1.577425
v 3.148439 168.705215 -1.562957
v 2.929523 168.831543 -1.115946
v 3.148439 168.705215 -0.687393
v 3.586172 168.452484 -0.701961
v 4.393686 170.522995 -1.056577
v 4.140945 170.522995 -1.494309
v 3.635462 170.522995 -1.494309
v 3.382721 170.522995 -1.056577
v 3.635462 170.522995 -0.618745
v 4.140945 170.522995 -0.618745
v 3.805088 172.719849 -1.997297
v 3.586172 172.593430 -2.435030
v 3.148439 172.340683 -2.435030
v 2.929523 172.214355 -1.997297
v 3.148439 172.340683 -1.559565
v 3.586172 172.593430 -1.559565
v 2.196843 174.327988 -1.997297
v 2.070522 174.109161 -2.435030
v 1.817781 173.671341 -2.435030
v 1.691361 173.452515 -1.997297
v 1.817781 173.671341 -1.559565
v 2.070522 174.109161 -1.559565
v 0.000000 174.916687 -1.997297
v 0.000000 174.663956 -2.435030
v 0.000000 174.158447 -2.435030
v 0.000000 173.905731 -1.997297
v 0.000000 174.158447 -1.559565
v 0.000000 174.663956 -1.559565
v -2.196843 174.327988 -1.997297
v -2.070423 174.109161 -2.435030
v -1.817681 173.671341 -2.435030
v -1.691361 173.452515 -1.997297
v -1.817681 173.671341 -1.559565
v -2.070423 174.109161 -1.559565
v -3.804988 172.719849 -1.997297
v -3.586172 172.593430 -2.435030
v -3.148439 172.340683 -2.435030
v -2.929523 172.214355 -1.997297
v -3.148439 172.340683 -1.559565
v -3.586172 172.593430 -1.559565
v -4.393686 170.522995 -1.056377
v -4.140945 170.522995 -1.494110
v -3.635462 170.522995 -1.494110
v -3.382721 170.522995 -1.029537
v -3.635462 170.522995 -0.618645
v -4.140945 170.522995 -0.618645
v -3.804988 168.326157 -1.056377
v -3.586172 168.452484 -1.494109
v -3.148439 168.705215 -1.447812
v -2.929523 168.831543 -0.943227
v -3.148339 168.705215 -0.572248
v -3.586172 168.452484 -0.618645
v -2.196843 166.717926 -0.999503
v -2.070423 166.936829 -1.382656
v -1.817681 167.374557 -1.273298
v -1.691361 167.593384 -0.780886
v -1.817681 167.374557 -0.397833
v -2.070423 166.936829 -0.507092
v 0.000000 166.129318 -0.711440
v 0.000000 166.382050 -1.111156
v 0.000000 166.887421 -1.034925
v 0.000000 167.140167 -0.559077
v 0.000000 166.887421 -0.159460
v 0.000000 166.382050 -0.235692
v 2.196843 166.717926 -0.423476
v 2.070522 166.936829 -0.839656
v 1.817781 167.374557 -0.796651
v 1.691361 167.593384 -0.337367
v 1.817781 167.374557 0.078913
v 2.070522 166.936829 0.035808
v 3.805088 168.326157 -0.212543
v 3.586172 168.452484 -0.636505
v 3.148439 168.705215 -0.621938
v 2.929523 168.831543 -0.175026
v 3.148439 168.705215 0.253527
v 3.586172 168.452484 0.239059
v 4.393686 170.522995 -0.115557
v 4.140945 170.522995 -0.553389
v 3.635462 170.522995 -0.553389
v 3.382721 170.522995 -0.115557
v 3.635462 170.522995 0.322175
v 4.140945 170.522995 0.322175
v 3.805088 172.719849 -1.056378
v 3.586172 172.593430 -1.494110
v 3.148439 172.340683 -1.494110
v 2.929523 172.214355 -1.056378
v 3.148439 172.340683 -0.618645
v 3.586172 172.593430 -0.618645
v 2.196843 174.327988 -1.056378
v 2.070522 174.109161 -1.494110
v 1.817781 173.671341 -1.494110
v 1.691361 173.452515 -1.056378
v 1.817781 173.671341 -0.618645
v 2.070522 174.109161 -0.618645
v 0.000000 174.916687 -1.056378
v 0.000000 174.663956 -1.494110
v 0.000000 174.158447 -1.494110
v 0.000000 173.905731 -1.056378
v 0.000000 174.158447 -0.618645
v 0.000000 174.663956 -0.618645
v -2.196843 174.327988 -1.056378
v -2.070423 174.109161 -1.494110
v -1.817681 173.671341 -1.494110
v -1.691361 173.452515 -1.056378
v -1.817681 173.671341 -0.618645
v -2.070423 174.109161 -0.618645
v -3.804988 172.719849 -1.056378
v -3.586172 172.593430 -1.494110
v -3.148339 172.340683 -1.494110
v -2.929523 172.214355 -1.056378
v -3.148439 172.340683 -0.618645
v -3.586172 172.593430 -0.618645
v -4.393686 170.522995 -0.115458
v -4.140945 170.522995 -0.553190
v -3.635462 170.522995 -0.553190
v -3.382721 170.522995 -0.088617
v -3.635462 170.522995 0.322275
v -4.140945 170.522995 0.322275
v -3.804988 168.326157 -0.115457
v -3.586172 168.452484 -0.553190
v -3.148339 168.705215 -0.506792
v -2.929523 168.831543 -0.002308
v -3.148439 168.705215 0.368672
v -3.586172 168.452484 0.322275
v -2.196843 166.717926 -0.058583
v -2.070423 166.936829 -0.441636
v -1.817681 167.374557 -0.332378
v -1.691361 167.593384 0.160034
v -1.817681 167.374557 0.543087
v -2.070423 166.936829 0.433828
v 0.000000 166.129318 0.229480
v 0.000000 166.382050 -0.170236
v 0.000000 166.887421 -0.094005
v 0.000000 167.140167 0.381843
v 0.000000 166.887421 0.781460
v 0.000000 166.382050 0.705328
v 2.196843 166.717926 0.517443
v 2.070522 166.936829 0.101263
v 1.817781 167.374557 0.144268
v 1.691361 167.593384 0.603553
v 1.817781 167.374557 1.019833
v 2.070522 166.936829 0.976728
v 3.805088 168.326157 0.728377
v 3.586172 168.452484 0.304414
v 3.148439 168.705215 0.318982
v 2.929523 168.831543 0.765894
v 3.148439 168.705215 1.194446
v 3.586172 168.452484 1.179978
v 3.635462 170.522995 0.387630
v 3.382721 170.522995 0.825362
v 3.635462 170.522995 1.263094
v 4.140945 170.522995 1.263094
v 3.805088 172.719849 -0.115458
v 3.586172 172.593430 -0.553190
v 3.148439 172.340683 -0.553190
v 2.929523 172.214355 -0.115458
v 3.148439 172.340683 0.322274
v 3.586172 172.593430 0.322274
v 2.196843 174.327988 -0.115458
v 2.070522 174.109161 -0.553190
v 1.817781 173.671341 -0.553190
v 1.691361 173.452515 -0.115458
v 1.817781 173.671341 0.322274
v 2.070522 174.109161 0.322274
v 0.000000 174.916687 -0.115458
v 0.000000 174.663956 -0.553190
v 0.000000 174.158447 -0.553190
v 0.000000 173.905731 -0.115458
v 0.000000 174.158447 0.322274
v 0.000000 174.663956 0.322274
v -2.196843 174.327988 -0.115458
v -2.070423 174.109161 -0.553190
v -1.817681 173.671341 -0.553190
v -1.691361 173.452515 -0.115458
v -1.817681 173.671341 0.322274
v -2.070423 174.109161 0.322274
v -3.804988 172.719849 -0.115458
v -3.586172 172.593430 -0.553190
v -3.148439 172.340683 -0.553190
v -2.929523 172.214355 -0.115458
v -3.148439 172.340683 0.322274
v -3.586172 172.593430 0.322274
v -4.393686 170.522995 0.825462
v -4.140945 170.522995 0.387730
v -3.635462 170.522995 0.387730
v -3.382721 170.522995 0.852403
v -3.635462 170.522995 1.263294
v -4.140945 170.522995 1.263294
v -3.804988 168.326157 0.825462
v -3.586172 168.452484 0.387730
v -3.148439 168.705215 0.434127
v -2.929523 168.831543 0.938612
v -3.148339 168.705215 1.309592
v -3.586172 168.452484 1.263294
v -2.196843 166.717926 0.882337
v -2.070423 166.936829 0.499283
v -1.817681 167.374557 0.608542
v -1.691361 167.593384 1.100953
v -1.817681 167.374557 1.484106
v -2.070423 166.936829 1.374748
v 0.000000 166.129318 1.170400
v 0.000000 166.382050 0.770683
v 0.000000 166.887421 0.846915
v 0.000000 167.140167 1.322763
v 0.000000 166.887421 1.722379
v 0.000000 166.382050 1.646248
v 2.196843 166.717926 1.458463
v 2.070522 166.936829 1.042183
v 1.817781 167.374557 1.085188
v 1.691361 167.593384 1.544473
v 1.817781 167.374557 1.960752
v 2.070522 166.936829 1.917648
v 3.805088 168.326050 1.669297
v 3.586172 168.452484 1.245434
v 3.148439 168.705215 1.259902
v 2.929523 168.831543 1.706814
v 3.148439 168.705215 2.135366
v 3.586172 168.452484 2.120898
v 4.393686 170.522995 1.766282
v 4.140945 170.522995 1.328550
v 3.635462 170.522995 1.328550
v 3.382721 170.522995 1.766282
v 3.635462 170.522995 2.204015
v 4.140945 170.522995 2.204015
v 4.393686 170.522995 0.825462
v 4.140945 170.522995 0.387730
v 3.805088 172.719849 0.825462
v 3.586172 172.593430 0.387730
v 3.148439 172.340683 0.387730
v 2.929523 172.214355 0.825462
v 3.148439 172.340683 1.263294
v 3.586172 172.593430 1.263294
v 2.196843 174.327988 0.825462
v 2.070522 174.109161 0.387730
v 1.817781 173.671341 0.387730
v 1.691361 173.452515 0.825462
v 1.817781 173.671341 1.263294
v 2.070522 174.109161 1.263294
v 0.000000 174.916595 0.825462
v 0.000000 174.663956 0.387730
v 0.000000 174.158447 0.387730
v 0.000000 173.905731 0.825462
v 0.000000 174.158447 1.263294
v 0.000000 174.663956 1.263294
v -2.196843 174.327988 0.825462
v -2.070423 174.109161 0.387730
v -1.817681 173.671341 0.387730
v -1.691361 173.452515 0.825462
v -1.817681 173.671341 1.263294
v -2.070423 174.109161 1.263294
v -3.804988 172.719849 0.825462
v -3.586172 172.593430 0.387730
v -3.148439 172.340683 0.387730
v -2.929523 172.214355 0.825462
v -3.148439 172.340683 1.263294
v -3.586172 172.593430 1.263294
v -4.393686 170.522995 1.766482
v -4.140945 170.522995 1.328650
v -3.635462 170.522995 1.328650
v -3.382721 170.522995 1.793322
v -3.635462 170.522995 2.204214
v -4.140945 170.522995 2.204214
v -3.804988 168.326157 1.766482
v -3.586172 168.452484 1.328650
v -3.148439 168.705215 1.375047
v -2.929523 168.831543 1.879532
v -3.148339 168.705215 2.250512
v -3.586172 168.452484 2.204214
v -2.196843 166.717926 1.823256
v -2.070423 166.936829 1.440203
v -1.817681 167.374557 1.549462
v -1.691361 167.593384 2.041873
v -1.817681 167.374557 2.425026
v -2.070423 166.936829 2.315667
v 0.000000 166.129318 2.111319
v 0.000000 166.382050 1.711703
v 0.000000 166.887421 1.787835
v 0.000000 167.140167 2.263683
v 0.000000 166.887421 2.663299
v 0.000000 166.382050 2.587168
v 2.196843 166.717926 2.399383
v 2.070522 166.936829 1.983103
v 1.817781 167.374557 2.026208
v 1.691361 167.593384 2.485393
v 1.817781 167.374557 2.901672
v 2.070522 166.936829 2.858667
v 3.805088 168.326157 2.610217
v 3.586172 168.452484 2.186354
v 3.148439 168.705215 2.200822
v 2.929523 168.831543 2.647734
v 3.148439 168.705215 3.076286
v 3.586172 168.452484 3.061818
v 4.393686 170.522995 2.707202
v 4.140945 170.522995 2.269469
v 3.635462 170.522995 2.269469
v 3.382721 170.522995 2.707202
v 3.635462 170.522995 3.144934
v 4.140945 170.522995 3.144934
v 3.805088 172.719849 1.766482
v 3.586172 172.593430 1.328650
v 3.148439 172.340683 1.328650
v 2.929523 172.214355 1.766482
v 3.148439 172.340683 2.204214
v 3.586172 172.593430 2.204214
v 2.196843 174.327988 1.766482
v 2.070522 174.109161 1.328649
v 1.817781 173.671341 1.328649
v 1.691361 173.452515 1.766482
v 1.817781 173.671341 2.204214
v 2.070522 174.109161 2.204214
v 0.000000 174.916595 1.766481
v 0.000000 174.663956 1.328649
v 0.000000 174.158447 1.328649
v 0.000000 173.905731 1.766482
v 0.000000 174.158447 2.204214
v 0.000000 174.663956 2.204214
v -2.196843 174.327988 1.766482
v -2.070423 174.109161 1.328649
v -1.817681 173.671341 1.328649
v -1.691361 173.452515 1.766482
v -1.817681 173.671341 2.204214
v -2.070423 174.109161 2.204214
v -3.804988 172.719849 1.766482
v -3.586172 172.593430 1.328650
v -3.148439 172.340683 1.328650
v -2.929523 172.214355 1.766482
v -3.148439 172.340683 2.204214
v -3.586172 172.593430 2.204214
v -4.393686 170.522995 2.707401
v -4.140945 170.522995 2.269669
v -3.635462 170.522995 2.269669
v -3.382721 170.522995 2.734242
v -3.635462 170.522995 3.145133
v -4.140945 170.522995 3.145133
v -3.804988 168.326157 2.707402
v -3.586172 168.452484 2.269670
v -3.148339 168.705215 2.315967
v -2.929523 168.831543 2.820552
v -3.148439 168.705215 3.191431
v -3.586172 168.452484 3.145134
v -2.196843 166.717926 2.764176
v -2.070423 166.936829 2.381123
v -1.817681 167.374557 2.490481
v -1.691361 167.593384 2.982893
v -1.817681 167.374557 3.365946
v -2.070423 166.936829 3.256587
v 0.000000 166.129318 3.052239
v 0.000000 166.382050 2.652623
v 0.000000 166.887421 2.728755
v 0.000000 167.140167 3.204602
v 0.000000 166.887421 3.604219
v 0.000000 166.382050 3.528087
v 2.196843 166.717926 3.340303
v 2.070522 166.936829 2.924023
v 1.817781 167.374557 2.967127
v 1.691361 167.593384 3.426412
v 1.817781 167.374557 3.842592
v 2.070522 166.936829 3.799587
v 3.805088 168.326157 3.551136
v 3.586172 168.452484 3.127274
v 3.148439 168.705215 3.141741
v 2.929523 168.831543 3.588753
v 3.148439 168.705215 4.017206
v 3.586172 168.452484 4.002738
v 4.393686 170.522995 3.648121
v 4.140945 170.522995 3.210389
v 3.635462 170.522995 3.210389
v 3.382721 170.522995 3.648121
v 3.635462 170.522995 4.085854
v 4.140945 170.522995 4.085854
v 3.805088 172.719849 2.707401
v 3.586172 172.593430 2.269669
v 3.148439 172.340683 2.269669
v 2.929523 172.214355 2.707401
v 3.148439 172.340683 3.145133
v 3.586172 172.593430 3.145133
v 2.196843 174.327988 2.707401
v 2.070522 174.109161 2.269669
v 1.817781 173.671341 2.269669
v 1.691361 173.452515 2.707401
v 1.817781 173.671341 3.145133
v 2.070522 174.109161 3.145133
v 0.000000 174.916595 2.707401
v 0.000000 174.663956 2.269669
v 0.000000 174.158447 2.269669
v 0.000000 173.905731 2.707401
v 0.000000 174.158447 3.145133
v 0.000000 174.663956 3.145133
v -2.196843 174.327988 2.707401
v -2.070423 174.109161 2.269669
v -1.817681 173.671341 2.269669
v -1.691361 173.452515 2.707401
v -1.817681 173.671341 3.145133
v -2.070423 174.109161 3.145133
v -3.804988 172.719849 2.707401
v -3.586172 172.593430 2.269669
v -3.148439 172.340683 2.269669
v -2.929523 172.214355 2.707401
v -3.148439 172.340683 3.145133
v -3.586172 172.593430 3.145133
v -4.393686 170.522995 3.648321
v -4.140945 170.522995 3.210589
v -3.635462 170.522995 3.210589
v -3.382721 170.522995 3.675162
v -3.635462 170.522995 4.086053
v -4.140945 170.522995 4.086053
v -3.804988 168.326157 3.648322
v -3.586172 168.452484 3.210589
v -3.148439 168.705215 3.256887
v -2.929523 168.831543 3.761472
v -3.148339 168.705215 4.132351
v -3.586172 168.452484 4.086053
v -2.196843 166.717926 3.705196
v -2.070423 166.936829 3.322042
v -1.817681 167.374557 3.431401
v -1.691361 167.593384 3.923812
v -1.817681 167.374557 4.306865
v -2.070423 166.936829 4.197607
v 0.000000 166.129318 3.993159
v 0.000000 166.382050 3.593542
v 0.000000 166.887421 3.669674
v 0.000000 167.140167 4.145523
v 0.000000 166.887421 4.545239
v 0.000000 166.382050 4.469007
v 2.196843 166.717926 4.281222
v 2.070522 166.936829 3.865042
v 1.817781 167.374557 3.908047
v 1.691361 167.593384 4.367332
v 1.817781 167.374557 4.783512
v 2.070522 166.936829 4.740508
v 3.805088 168.326157 4.492056
v 3.586172 168.452484 4.068193
v 3.148439 168.705215 4.082661
v 2.929523 168.831543 4.529673
v 3.148439 168.705215 4.958226
v 3.586172 168.452484 4.943657
v 4.140945 170.522995 4.151309
v 3.635462 170.522995 4.151309
v 3.382721 170.522995 4.589041
v 3.635462 170.522995 5.026773
v 4.140945 170.522995 5.026773
v 3.805088 172.719849 3.648321
v 3.586172 172.593430 3.210589
v 3.148439 172.340683 3.210589
v 2.929523 172.214355 3.648321
v 3.148439 172.340683 4.086053
v 3.586172 172.593430 4.086053
v 2.196843 174.327988 3.648321
v 2.070522 174.109161 3.210589
v 1.817781 173.671341 3.210589
v 1.691361 173.452515 3.648321
v 1.817781 173.671341 4.086053
v 2.070522 174.109161 4.086053
v 0.000000 174.916687 3.648321
v 0.000000 174.663956 3.210589
v 0.000000 174.158447 3.210589
v 0.000000 173.905731 3.648321
v 0.000000 174.158447 4.086053
v 0.000000 174.663956 4.086053
v -2.196843 174.327988 3.648321
v -2.070423 174.109161 3.210589
v -1.817681 173.671341 3.210589
v -1.691361 173.452515 3.648321
v -1.817681 173.671341 4.086053
v -2.070423 174.109161 4.086053
v -3.804988 172.719849 3.648321
v -3.586172 172.593430 3.210589
v -3.148439 172.340683 3.210589
v -2.929523 172.214355 3.648321
v -3.148439 172.340683 4.086053
v -3.586172 172.593430 4.086053
v -4.393686 170.522995 5.530161
v -4.140945 170.522995 5.092428
v -3.635462 170.522995 5.092428
v -3.382721 170.522995 5.557002
v -3.635462 170.522995 5.967893
v -4.140945 170.522995 5.967893
v -3.804988 168.326157 5.530161
v -3.586172 168.452484 5.092428
v -3.148439 168.705215 5.138726
v -2.929523 168.831543 5.643311
v -3.148339 168.705215 6.014291
v -3.586172 168.452484 5.967893
v -2.196843 166.717926 5.587036
v -2.070423 166.936829 5.203883
v -1.817681 167.374557 5.313240
v -1.691361 167.593384 5.805652
v -1.817681 167.374557 6.188705
v -2.070423 166.936829 6.079447
v 0.000000 166.129318 5.875099
v 0.000000 166.382050 5.475382
v 0.000000 166.887421 5.551613
v 0.000000 167.140167 6.027462
v 0.000000 166.887421 6.427078
v 0.000000 166.382050 6.350847
v 2.196843 166.717926 6.163062
v 2.070522 166.936829 5.746882
v 1.817781 167.374557 5.789886
v 1.691361 167.593384 6.249171
v 1.817781 167.374557 6.665351
v 2.070522 166.936829 6.622347
v 3.805088 168.326157 6.373995
v 3.586172 168.452484 5.950032
v 3.148439 168.705215 5.964601
v 2.929523 168.831543 6.411513
v 3.148439 168.705215 6.840065
v 3.586172 168.452484 6.825597
v 4.393686 170.522995 6.470980
v 4.140945 170.522995 6.033149
v 3.635462 170.522995 6.033149
v 3.382721 170.522995 6.470980
v 3.635462 170.522995 6.908713
v 4.140945 170.522995 6.908713
v 4.140945 170.522995 5.967893
v 3.805088 172.719849 5.530161
v 3.586172 172.593430 5.092428
v 3.148439 172.340683 5.092428
v 2.929523 172.214355 5.530161
v 3.148439 172.340683 5.967893
v 3.586172 172.593430 5.967893
v 2.196843 174.327988 5.530160
v 2.070522 174.109161 5.092428
v 1.817781 173.671341 5.092428
v 1.691361 173.452515 5.530161
v 1.817781 173.671341 5.967893
v 2.070522 174.109161 5.967892
v 0.000000 174.916687 5.530160
v 0.000000 174.663956 5.092428
v 0.000000 174.158447 5.092428
v 0.000000 173.905731 5.530160
v 0.000000 174.158447 5.967892
v 0.000000 174.663956 5.967892
v -2.196843 174.327988 5.530160
v -2.070423 174.109161 5.092428
v -1.817681 173.671341 5.092428
v -1.691361 173.452515 5.530161
v -1.817681 173.671341 5.967893
v -2.070423 174.109161 5.967892
v -3.804988 172.719849 5.530161
v -3.586172 172.593430 5.092428
v -3.148339 172.340683 5.092428
v -2.929523 172.214355 5.530161
v -3.148439 172.340683 5.967893
v -3.586172 172.593430 5.967893
v -4.393686 170.522995 6.471081
v -4.140945 170.522995 6.033348
v -3.635462 170.522995 6.033348
v -3.382721 170.522995 6.497921
v -3.635462 170.522995 6.908813
v -4.140945 170.522995 6.908813
v -3.804988 168.326157 6.471081
v -3.586172 168.452484 6.033348
v -3.148439 168.705215 6.079745
v -2.929523 168.831543 6.584230
v -3.148439 168.705215 6.955210
v -3.586172 168.452484 6.908813
v -2.196843 166.717926 6.527956
v -2.070423 166.936829 6.144902
v -1.817681 167.374557 6.254159
v -1.691361 167.593384 6.746572
v -1.817681 167.374557 7.129625
v -2.070423 166.936829 7.020367
v 0.000000 166.129318 6.816019
v 0.000000 166.382050 6.416302
v 0.000000 166.887421 6.492534
v 0.000000 167.140167 6.968381
v 0.000000 166.887421 7.367999
v 0.000000 166.382050 7.291866
v 2.196843 166.717926 7.103982
v 2.070522 166.936829 6.687801
v 1.817781 167.374557 6.730806
v 1.691361 167.593384 7.190090
v 1.817781 167.374557 7.606370
v 2.070522 166.936829 7.563266
v 3.805088 168.326050 7.314915
v 3.586172 168.452484 6.890953
v 3.148439 168.705215 6.905520
v 2.929523 168.831543 7.352432
v 3.148439 168.705215 7.780984
v 3.586172 168.452484 7.766516
v 4.393686 170.522995 7.411901
v 4.140945 170.522995 6.974168
v 3.635462 170.522995 6.974168
v 3.382721 170.522995 7.411901
v 3.635462 170.522995 7.849633
v 4.140945 170.522995 7.849633
v 3.805088 172.719849 6.471081
v 3.586172 172.593430 6.033348
v 3.148439 172.340683 6.033348
v 2.929523 172.214355 6.471081
v 3.148439 172.340683 6.908813
v 3.586172 172.593430 6.908813
v 2.196843 174.327988 6.471080
v 2.070522 174.109161 6.033348
v 1.817781 173.671341 6.033348
v 1.691361 173.452515 6.471081
v 1.817781 173.671341 6.908813
v 2.070522 174.109161 6.908813
v 0.000000 174.916595 6.471080
v 0.000000 174.663956 6.033348
v 0.000000 174.158447 6.033348
v 0.000000 173.905731 6.471080
v 0.000000 174.158447 6.908813
v 0.000000 174.663956 6.908813
v -2.196843 174.327988 6.471080
v -2.070423 174.109161 6.033348
v -1.817681 173.671341 6.033348
v -1.691361 173.452515 6.471081
v -1.817681 173.671341 6.908813
v -2.070423 174.109161 6.908813
v -3.804988 172.719849 6.471081
v -3.586172 172.593430 6.033348
v -3.148339 172.340683 6.033348
v -2.929523 172.214355 6.471081
v -3.148439 172.340683 6.908813
v -3.586172 172.593430 6.908813
v -4.393686 170.522995 7.412001
v -4.140945 170.522995 6.974268
v -3.635462 170.522995 6.974268
v -3.382721 170.522995 7.438941
v -3.635462 170.522995 7.849832
v -4.140945 170.522995 7.849832
v -3.804988 168.326157 7.412001
v -3.586172 168.452484 6.974268
v -3.148439 168.705215 7.020666
v -2.929523 168.831543 7.525150
v -3.148339 168.705215 7.896130
v -3.586172 168.452484 7.849832
v -2.196843 166.717926 7.468875
v -2.070423 166.936829 7.085822
v -1.817681 167.374557 7.195080
v -1.691361 167.593384 7.687491
v -1.817681 167.374557 8.070645
v -2.070423 166.936829 7.961286
v 0.000000 166.129318 7.756938
v 0.000000 166.382050 7.357222
v 0.000000 166.887421 7.433454
v 0.000000 167.140167 7.909301
v 0.000000 166.887421 8.308918
v 0.000000 166.382050 8.232786
v 2.196843 166.717926 8.045002
v 2.070522 166.936829 7.628722
v 1.817781 167.374557 7.671826
v 1.691361 167.593384 8.131011
v 1.817781 167.374557 8.547291
v 2.070522 166.936829 8.504186
v 3.805088 168.326157 8.255835
v 3.586172 168.452484 7.831972
v 3.148439 168.705215 7.846440
v 2.929523 168.831543 8.293352
v 3.148439 168.705215 8.721905
v 3.586172 168.452484 8.707437
v 4.393686 170.522995 8.352820
v 4.140945 170.522995 7.915088
v 3.635462 170.522995 7.915088
v 3.382721 170.522995 8.352820
v 3.635462 170.522995 8.790554
v 4.140945 170.522995 8.790554
v 3.805088 172.719849 7.412001
v 3.586172 172.593430 6.974268
v 3.148439 172.340683 6.974268
v 2.929523 172.214355 7.412001
v 3.148439 172.340683 7.849832
v 3.586172 172.593430 7.849832
v 2.196843 174.327988 7.412000
v 2.070522 174.109161 6.974268
v 1.817781 173.671341 6.974268
v 1.691361 173.452515 7.412001
v 1.817781 173.671341 7.849832
v 2.070522 174.109161 7.849831
v 0.000000 174.916595 7.412000
v 0.000000 174.663956 6.974268
v 0.000000 174.158447 6.974268
v 0.000000 173.905731 7.412000
v 0.000000 174.158447 7.849831
v 0.000000 174.663956 7.849831
v -2.196843 174.327988 7.412000
v -2.070423 174.109161 6.974268
v -1.817681 173.671341 6.974268
v -1.691361 173.452515 7.412001
v -1.817681 173.671341 7.849832
v -2.070423 174.109161 7.849831
v -3.804988 172.719849 7.412001
v -3.586172 172.593430 6.974268
v -3.148439 172.340683 6.974268
v -2.929523 172.214355 7.412001
v -3.148439 172.340683 7.849832
v -3.586172 172.593430 7.849832
v -4.393686 170.522995 8.353021
v -4.140945 170.522995 7.915188
v -3.635462 170.522995 7.915188
v -3.382721 170.522995 8.379862
v -3.635462 170.522995 8.790752
v -4.140945 170.522995 8.790752
v -3.804988 168.326157 8.353021
v -3.586172 168.452484 7.915188
v -3.148439 168.705215 7.961585
v -2.929523 168.831543 8.466071
v -3.148439 168.705215 8.837049
v -3.586172 168.452484 8.790752
v -2.196843 166.717926 8.409795
v -2.070423 166.936829 8.026742
v -1.817681 167.374557 8.136001
v -1.691361 167.593384 8.628412
v -1.817681 167.374557 9.011564
v -2.070423 166.936829 8.902206
v 0.000000 166.129318 8.697858
v 0.000000 166.382050 8.298242
v 0.000000 166.887421 8.374373
v 0.000000 167.140167 8.850222
v 0.000000 166.887421 9.249838
v 0.000000 166.382050 9.173706
v 2.196843 166.717926 8.985922
v 2.070522 166.936829 8.569642
v 1.817781 167.374557 8.612746
v 1.691361 167.593384 9.071932
v 1.817781 167.374557 9.488211
v 2.070522 166.936829 9.445206
v 3.805088 168.326157 9.196754
v 3.586172 168.452484 8.772892
v 3.148439 168.705215 8.787360
v 2.929523 168.831543 9.234271
v 3.148439 168.705215 9.662825
v 3.586172 168.452484 9.648356
v 3.805088 172.719849 8.353020
v 3.586172 172.593430 7.915188
v 3.148439 172.340683 7.915188
v 2.929523 172.214355 8.353020
v 3.148439 172.340683 8.790751
v 3.586172 172.593430 8.790751
v 2.196843 174.327988 8.353020
v 2.070522 174.109161 7.915188
v 1.817781 173.671341 7.915188
v 1.691361 173.452515 8.353020
v 1.817781 173.671341 8.790751
v 2.070522 174.109161 8.790751
v 0.000000 174.916687 8.353020
v 0.000000 174.663956 7.915188
v 0.000000 174.158447 7.915188
v 0.000000 173.905731 8.353020
v 0.000000 174.158447 8.790751
v 0.000000 174.663956 8.790751
v -2.196843 174.327988 8.353020
v -2.070423 174.109161 7.915188
v -1.817681 173.671341 7.915188
v -1.691361 173.452515 8.353020
v -1.817681 173.671341 8.790751
v -2.070423 174.109161 8.790751
v -3.804988 172.719849 8.353020
v -3.586172 172.593430 7.915188
v -3.148439 172.340683 7.915188
v -2.929523 172.214355 8.353020
v -3.148439 172.340683 8.790751
v -3.586172 172.593430 8.790751
v 4.046055 169.551254 9.280371
v 3.822748 169.517532 8.832660
v 3.354384 169.330536 8.797637
v 3.109126 169.176788 9.215314
v 3.332532 169.209503 9.664421
v 3.800897 169.396591 9.699443
v 3.057041 170.072800 9.459175
v 2.958160 169.889404 9.844523
v 3.047163 169.906464 8.992705
v 2.939202 169.556824 8.908492
v 2.840420 169.373734 9.292942
v 2.850199 169.539780 9.760210
v 3.379428 170.006042 9.361990
v 3.314771 169.866638 8.904900
v 3.163606 169.503052 8.845232
v 3.076997 169.278458 9.246345
v 3.141854 169.417145 9.704532
v 3.292920 169.780853 9.764200
v 3.822050 168.924545 9.673901
v 4.054037 168.938690 9.238563
v 3.832926 168.985001 8.802726
v 3.379928 169.017914 8.792549
v 3.147840 169.004135 9.224792
v 3.368952 168.957367 9.663622
v 3.382721 158.260590 -7.642915
v 3.635462 158.260513 -7.205182
v 4.140945 158.260590 -8.080647
v 3.635462 158.260590 -8.080647
v 4.140945 158.260590 -7.205182
v 4.393686 158.260590 -7.642915
v 5.034569 151.092453 -8.620254
v 6.395560 138.966980 -9.402522
v 9.370982 126.898239 -10.797137
v 15.853550 116.014908 -17.438257
v 16.168554 116.028770 -17.179029
v 9.660143 126.931465 -10.479441
v 6.657281 139.000183 -9.029348
v 5.291501 151.129272 -8.214550
v 16.320318 115.689720 -17.027964
v 9.634898 126.622665 -10.156055
v 6.536948 138.891327 -8.664853
v 5.091443 151.228165 -7.803658
v 16.140118 115.343285 -17.121857
v 9.362002 126.323616 -10.205847
v 6.157687 138.740280 -8.673833
v 4.635551 151.285034 -7.798371
v 15.834292 115.328728 -17.387367
v 9.074637 126.283112 -10.521848
v 5.897761 138.694946 -9.047207
v 4.379318 151.246811 -8.204074
v 15.687018 115.663681 -17.544119
v 9.056478 126.557503 -10.791751
v 6.013306 138.827469 -9.411504
v 4.577680 151.156418 -8.615364
v 17.331284 115.824631 -19.273001
v 21.363470 122.054848 -25.307158
v 21.921436 124.820137 -25.998030
v 22.134563 124.775337 -25.721045
v 21.620399 122.059250 -25.053320
v 17.654568 115.861145 -19.044405
v 22.482195 124.601326 -25.778315
v 22.014130 122.072411 -25.166670
v 17.906212 115.576080 -19.017963
v 22.623682 124.484192 -26.112476
v 22.119896 122.116028 -25.489956
v 17.835169 115.259575 -19.219818
v 22.420130 124.544456 -26.391659
v 21.867155 122.112427 -25.745789
v 17.515776 115.225754 -19.450808
v 22.064917 124.708389 -26.338577
v 21.506952 122.053162 -25.683725
v 17.259542 115.503143 -19.474751
v 10.905090 123.552048 -11.460373
v 12.607127 119.938728 -13.180169
v 14.397868 117.304756 -15.149515
v 10.803415 123.403763 -11.062153
v 12.517028 119.835258 -12.775764
v 14.361649 117.066383 -14.790010
v 10.443412 123.227356 -11.012063
v 12.145647 119.710831 -12.686460
v 13.990170 116.837082 -14.687237
v 10.144872 123.191849 -11.310304
v 11.837229 119.691574 -12.968138
v 13.684845 116.827103 -14.961132
v 10.206435 123.345398 -11.665119
v 11.899393 119.807816 -13.344106
v 13.731840 117.059303 -15.326225
v 14.085460 117.299568 -15.419219
v 12.298210 119.924164 -13.463842
v 10.606549 123.522209 -11.761407
v 20.916553 119.983337 -24.936878
v 21.254509 119.931053 -24.976093
v 21.522516 119.955292 -24.730232
v 21.455864 120.042297 -24.442671
v 20.826057 120.117531 -24.617384
v 21.097757 120.142281 -24.373222
v 20.234064 118.567871 -23.020315
v 18.847431 116.625557 -20.767694
v 19.160137 116.390869 -20.813894
v 20.556553 118.354942 -23.045858
v 19.177702 116.145706 -21.110037
v 20.584093 118.137314 -23.297703
v 18.880358 116.108498 -21.351404
v 20.300718 118.092117 -23.533680
v 18.559666 116.310547 -21.296724
v 19.985117 118.256149 -23.517315
v 18.545998 116.587151 -21.008064
v 19.947701 118.522873 -23.254795
vn 0.6822 -0.5685 -0.4599
vn 0.8961 -0.4137 -0.1609
vn 0.1190 -0.9929 -0.0009
vn 0.2533 -0.9201 0.2986
vn -0.9277 -0.3606 0.0967
vn -0.5552 -0.3155 0.7695
vn -0.7686 0.6154 0.1746
vn -0.6701 0.6896 0.2747
vn 0.0480 0.9901 0.1318
vn -0.1060 0.8749 -0.4726
vn 0.8499 0.5208 -0.0807
vn 0.5058 0.2647 -0.8210
vn -0.9561 -0.2617 -0.1321
vn -0.8887 -0.2307 -0.3962
vn -0.1904 -0.8730 -0.4491
vn -0.2380 -0.9383 -0.2509
vn 0.7213 -0.6773 -0.1447
vn 0.7223 -0.6816 -0.1173
vn 0.9277 0.2554 0.2723
vn 0.9558 0.2616 0.1345
vn 0.1087 0.9149 0.3889
vn 0.2374 0.9390 0.2488
vn -0.7779 0.6280 0.0215
vn -0.7222 0.6815 0.1185
vn 0.1834 -0.7149 -0.6748
vn -0.3284 -0.0388 -0.9437
vn -0.5777 0.6731 -0.4617
vn -0.3345 0.8133 0.4761
vn 0.2808 0.0356 0.9591
vn 0.5535 -0.7993 0.2339
vn 0.0895 -0.4048 -0.9100
vn 0.1799 -0.4069 -0.8956
vn -0.4886 -0.7360 -0.4686
vn -0.8969 -0.1857 -0.4014
vn -0.1183 0.1796 0.9766
vn 0.0991 0.3517 0.9308
vn -0.4560 0.8515 0.2590
vn -0.0196 0.9097 0.4148
vn -0.5452 0.3613 -0.7565
vn 0.1332 0.6743 -0.7263
vn 0.0686 -0.5579 -0.8271
vn 0.0838 -0.3670 -0.9264
vn -0.5535 0.7957 -0.2458
vn -0.8731 0.4512 -0.1844
vn -0.6990 0.4623 0.5456
vn -0.2434 0.8125 0.5297
vn 0.5588 -0.8223 -0.1072
vn -0.0158 -0.9512 -0.3082
vn -0.2778 -0.0829 -0.9571
vn 0.5124 -0.6288 -0.5849
vn 0.8190 -0.2543 -0.5144
vn 0.8044 -0.4999 0.3210
vn 0.8729 0.1848 0.4515
vn 0.0483 0.1799 0.9825
vn -0.3269 0.3793 0.8656
vn -0.8970 0.1666 0.4095
vn -0.3448 0.3320 0.8780
vn 0.4374 0.7733 0.4591
vn -0.7870 -0.4279 0.4444
vn -0.1028 -0.7653 0.6354
vn 0.5700 -0.4379 0.6952
vn 0.7509 0.2712 -0.6021
vn -0.7144 -0.1171 -0.6899
vn -0.7248 -0.0691 -0.6855
vn -0.8147 0.5507 0.1817
vn -0.9338 0.3041 0.1886
vn -0.0272 0.5367 0.8434
vn -0.1960 0.4191 0.8865
vn 0.7415 -0.0062 0.6710
vn 0.7153 0.1164 0.6890
vn 0.8400 -0.5346 -0.0931
vn 0.9335 -0.3047 -0.1890
vn 0.1404 -0.5955 -0.7910
vn 0.1946 -0.4189 -0.8869
vn 0.1922 -0.4391 -0.8776
vn -0.7447 -0.0894 -0.6614
vn 0.9489 -0.2858 -0.1339
vn 0.7365 0.3140 0.5992
vn -0.0828 0.6675 0.7400
vn -0.8638 0.4563 0.2137
vn 0.0978 0.8549 -0.5095
vn -0.4131 0.1307 -0.9012
vn -0.4418 0.1250 -0.8884
vn -0.6035 -0.6879 -0.4032
vn 0.2826 -0.7333 -0.6184
vn -0.1093 -0.7767 0.6203
vn 0.7327 -0.6256 0.2680
vn 0.4248 0.0113 0.9052
vn 0.4043 0.1536 0.9016
vn 0.4862 0.7829 0.3881
vn -0.7270 0.6663 0.1660
vn -0.9315 -0.2044 -0.3010
vn 0.2174 0.8577 0.4658
vn 0.9313 0.2066 0.3000
vn 0.7267 -0.6656 -0.1699
vn -0.2146 -0.8604 -0.4623
vn -0.2899 0.0353 -0.9564
vn -0.5629 -0.7265 -0.3942
vn 0.2714 0.7671 -0.5812
vn 0.5688 0.7272 0.3842
vn 0.2832 -0.0632 0.9570
vn -0.2851 -0.7803 0.5566
vn -0.9336 -0.2083 -0.2916
vn -0.7183 0.5515 0.4241
vn 0.1653 0.6729 0.7210
vn 0.8864 0.1526 0.4371
vn 0.7305 -0.6267 -0.2714
vn -0.1931 -0.7673 -0.6115
vn 0.4214 -0.1305 0.8974
vn 0.5079 -0.7107 0.4868
vn -0.2259 -0.8778 0.4225
vn -0.5154 -0.3814 0.7674
vn 0.0685 0.2990 0.9518
vn -0.4710 0.1168 0.8744
vn -0.1828 -0.0482 -0.9820
vn -0.2856 -0.8400 -0.4614
vn 0.0190 0.8768 -0.4805
vn 0.1284 0.8684 0.4790
vn 0.0973 -0.0652 0.9931
vn -0.1536 -0.8953 0.4182
vn -0.9182 -0.2664 -0.2932
vn -0.7968 -0.2587 -0.5461
vn -0.8248 -0.0000 -0.5654
vn -0.9516 0.0002 -0.3074
vn 0.9472 0.1090 0.3017
vn 0.9777 0.1042 -0.1825
vn 0.9792 0.0947 -0.1797
vn 0.9478 0.0945 0.3045
vn -0.8206 -0.1020 -0.5624
vn -0.6504 -0.1055 -0.7522
vn -0.6500 -0.1055 -0.7526
vn -0.6473 -0.2717 -0.7122
vn -0.6717 -0.0000 -0.7408
vn -0.9781 0.1020 0.1812
vn -0.7592 0.1032 0.6426
vn -0.7543 0.0947 0.6497
vn -0.9784 0.0947 0.1839
vn -0.1553 -0.1054 -0.9822
vn -0.1543 -0.1054 -0.9824
vn 0.3303 -0.1056 -0.9380
vn 0.3280 -0.1056 -0.9388
vn -0.1549 -0.2676 -0.9510
vn 0.3206 -0.2664 -0.9090
vn 0.3294 -0.0001 -0.9442
vn -0.1628 -0.0000 -0.9867
vn -0.6655 0.1068 -0.7387
vn -0.8178 0.1009 -0.5666
vn -0.8214 0.0915 -0.5630
vn -0.6644 0.0946 -0.7414
vn 0.7563 -0.1055 -0.6456
vn 0.7536 -0.1056 -0.6488
vn 0.4175 -0.2542 0.8724
vn 0.1548 -0.2638 0.9521
vn 0.1600 -0.0001 0.9871
vn 0.4317 -0.0001 0.9020
vn 0.7512 0.1019 -0.6521
vn 0.7573 0.0947 -0.6462
vn 0.9782 -0.1055 -0.1790
vn 0.9773 -0.1056 -0.1839
vn -0.9478 -0.2650 0.1776
vn -0.9836 -0.0000 0.1804
vn 0.6508 0.1129 0.7508
vn 0.8210 0.1068 0.5609
vn 0.8214 0.0915 0.5630
vn 0.6507 0.0947 0.7534
vn 0.9476 -0.1060 0.3014
vn 0.9487 -0.1065 0.2978
vn 0.5137 0.6668 -0.5399
vn 0.7346 0.6460 -0.2076
vn 0.1914 0.9638 0.1857
vn -0.1429 0.9802 -0.1373
vn 0.8206 -0.1020 0.5624
vn 0.6630 -0.1057 0.7411
vn 0.6638 -0.1057 0.7404
vn -0.7321 -0.2637 0.6281
vn -0.7606 -0.0000 0.6492
vn -0.9472 0.1043 -0.3033
vn -0.9498 0.0949 -0.2982
vn 0.4294 -0.1020 0.8973
vn 0.1569 -0.1058 0.9819
vn 0.1549 -0.1058 0.9822
vn 0.9483 -0.2637 -0.1767
vn 0.9172 -0.2636 0.2988
vn 0.9513 -0.0002 0.3082
vn 0.9829 -0.0000 -0.1843
vn 0.3251 0.1035 -0.9400
vn 0.3311 0.0947 -0.9388
vn -0.3272 -0.1055 0.9390
vn -0.3314 -0.1056 0.9376
vn -0.3206 -0.2637 0.9098
vn -0.3326 -0.0001 0.9431
vn 0.1039 0.9874 0.1193
vn 0.0712 0.9863 0.1486
vn -0.0743 0.9849 -0.1562
vn -0.1120 0.9858 -0.1251
vn -0.7534 -0.1055 0.6491
vn -0.7564 -0.1056 0.6455
vn 0.7324 -0.2644 -0.6275
vn 0.7577 -0.0001 -0.6526
vn -0.9775 -0.1056 0.1828
vn -0.9781 -0.1056 0.1795
vn -0.9475 -0.1052 -0.3020
vn -0.9468 -0.1053 -0.3041
vn 0.6306 -0.2681 0.7284
vn 0.6554 -0.0000 0.7553
vn -0.1033 0.9881 -0.1142
vn -0.0690 0.9872 -0.1438
vn 0.0762 0.9841 0.1603
vn 0.1170 0.9850 0.1270
vn -0.4294 -0.1020 -0.8973
vn 0.3301 -0.0799 -0.9405
vn 0.7536 -0.0797 -0.6525
vn -0.4255 -0.1050 -0.8988
vn -0.4274 -0.0664 -0.9016
vn -0.1545 -0.0792 -0.9848
vn -0.1530 -0.1067 -0.9824
vn 0.9800 -0.0777 -0.1830
vn 0.9772 -0.1056 -0.1840
vn 0.9527 -0.0742 0.2947
vn 0.9494 -0.1075 0.2951
vn -0.1484 0.9878 -0.0475
vn -0.1342 0.9871 -0.0875
vn 0.1467 0.9841 0.1000
vn 0.1695 0.9845 0.0448
vn -0.1578 0.1061 -0.9818
vn -0.4300 0.1013 -0.8971
vn -0.4299 0.0915 -0.8982
vn -0.1552 0.0947 -0.9833
vn -0.3307 -0.1056 0.9378
vn -0.3281 -0.0755 0.9416
vn -0.7572 -0.0785 0.6484
vn -0.7565 -0.1056 0.6455
vn 0.4248 -0.1056 0.8991
vn 0.4257 -0.0574 0.9030
vn 0.1520 -0.0726 0.9857
vn 0.1523 -0.1074 0.9825
vn -0.9809 -0.0800 0.1772
vn -0.9491 -0.0796 -0.3047
vn -0.9474 -0.1066 -0.3018
vn 0.1515 0.9873 0.0487
vn 0.1381 0.9863 0.0903
vn -0.1434 0.9848 -0.0977
vn -0.1657 0.9853 -0.0427
vn -0.3307 0.1077 0.9376
vn -0.3282 0.0947 0.9398
vn -0.0000 1.0000 -0.0000
vn 0.0256 0.9874 0.1563
vn -0.0557 0.9872 0.1496
vn 0.0589 0.9850 -0.1619
vn -0.0200 0.9854 -0.1691
vn -0.1825 -0.9704 0.1580
vn -0.0797 -0.9709 0.2259
vn 0.0830 -0.9687 -0.2338
vn 0.1871 -0.9692 -0.1602
vn 0.1575 0.9871 -0.0284
vn -0.1691 0.9849 0.0383
vn 0.1210 0.9873 -0.1034
vn -0.1329 0.9846 0.1138
vn 0.0509 0.9877 -0.1482
vn -0.0662 0.9842 0.1640
vn -0.0253 0.9880 -0.1521
vn 0.0219 0.9845 0.1742
vn -0.1544 -0.0328 -0.9875
vn 0.3275 -0.0334 -0.9443
vn 0.3242 -0.1896 -0.9268
vn -0.1526 -0.1906 -0.9697
vn -0.1563 0.9873 0.0274
vn 0.1717 0.9845 -0.0367
vn -0.1222 0.9871 0.1035
vn 0.1348 0.9848 -0.1098
vn -0.2382 -0.9702 0.0445
vn 0.2404 -0.9694 -0.0490
vn 0.0375 -0.9710 0.2363
vn -0.0388 -0.9687 -0.2453
vn -0.2314 -0.9700 -0.0748
vn 0.2349 -0.9697 0.0677
vn 0.9425 -0.1440 0.3017
vn 0.9476 -0.1060 0.3013
vn 0.8205 -0.1020 0.5624
vn 0.8167 -0.1403 0.5598
vn 0.6594 -0.1431 0.7381
vn 0.4274 -0.1407 0.8931
vn 0.0797 -0.9702 -0.2287
vn -0.0383 -0.9700 -0.2401
vn 0.0379 -0.9698 0.2410
vn -0.0870 -0.9695 0.2292
vn 0.1837 -0.9702 -0.1579
vn -0.1883 -0.9694 0.1576
vn 0.2371 -0.9705 -0.0434
vn -0.2422 -0.9691 0.0478
vn 0.2281 -0.9707 0.0752
vn -0.2375 -0.9688 -0.0708
vn -0.9420 -0.1494 -0.3005
vn -0.8160 -0.1461 -0.5593
vn -0.6466 -0.1500 -0.7480
vn -0.4270 -0.1471 -0.8922
vn -0.9827 -0.0331 0.1824
vn -0.9510 -0.0333 -0.3074
vn -0.9348 -0.1898 -0.3003
vn -0.9654 -0.1885 0.1802
vn -0.0000 -1.0000 -0.0000
vn -0.2448 -0.9665 -0.0772
vn -0.2199 -0.9641 -0.1486
vn -0.8245 -0.0305 -0.5651
vn -0.6501 -0.0330 -0.7591
vn -0.6420 -0.1908 -0.7426
vn -0.8113 -0.1852 -0.5546
vn -0.3291 -0.0172 0.9441
vn -0.7594 -0.0198 0.6503
vn -0.7460 -0.1910 0.6380
vn -0.3218 -0.1893 0.9277
vn -0.2070 -0.9626 0.1749
vn -0.2674 -0.9622 0.0520
vn -0.7576 -0.0314 0.6520
vn -0.7436 -0.1867 0.6421
vn -0.8570 -0.1093 -0.5036
vn -0.8572 -0.1020 -0.5048
vn -0.6508 -0.1043 -0.7521
vn -0.6499 -0.1124 -0.7517
vn -0.4315 -0.0299 -0.9016
vn -0.4240 -0.1860 -0.8864
vn -0.2572 0.9650 0.0503
vn -0.2000 0.9647 0.1714
vn -0.0935 0.9640 0.2488
vn 0.6665 -0.0263 0.7451
vn 0.4311 -0.0243 0.9020
vn 0.4246 -0.1798 0.8874
vn 0.6549 -0.1841 0.7329
vn -0.9837 -0.0216 0.1784
vn -0.9651 -0.1928 0.1771
vn -0.8247 -0.0197 -0.5652
vn -0.6503 -0.0219 -0.7593
vn -0.6414 -0.1951 -0.7420
vn -0.8106 -0.1893 -0.5542
vn -0.3289 -0.0288 0.9439
vn -0.3219 -0.1852 0.9285
vn 0.4317 -0.0131 0.9019
vn 0.1557 -0.0150 0.9877
vn 0.1555 -0.1883 0.9697
vn 0.4247 -0.1838 0.8865
vn -0.0605 0.9168 -0.3947
vn -0.1779 0.9112 -0.3716
vn 0.1130 -0.9651 0.2361
vn 0.0360 -0.9672 0.2513
vn 0.3239 -0.1940 -0.9260
vn -0.1525 -0.1949 -0.9689
vn -0.1545 -0.0217 -0.9878
vn 0.3277 -0.0223 -0.9445
vn -0.6555 -0.0436 -0.7540
vn -0.4793 -0.0749 -0.8744
vn -0.3593 -0.1007 -0.9278
vn -0.1812 -0.9612 -0.2080
vn -0.1227 -0.9588 -0.2563
vn 0.1576 -0.0267 0.9871
vn 0.1559 -0.1842 0.9704
vn -0.1083 -0.9680 -0.2265
vn -0.1553 -0.9731 -0.1703
vn 0.1716 -0.9669 0.1888
vn 0.1092 -0.9675 0.2282
vn 0.0405 0.9635 0.2646
vn 0.1191 0.9612 0.2489
vn 0.7563 -0.0215 -0.6539
vn 0.7448 -0.1924 -0.6390
vn -0.2069 -0.9680 -0.1419
vn 0.2103 -0.9674 0.1412
vn 0.8284 -0.0566 0.5573
vn 0.8232 -0.1056 0.5579
vn 0.1547 0.1120 0.9816
vn 0.4289 0.1079 0.8969
vn 0.4299 0.0915 0.8982
vn 0.1556 0.0946 0.9833
vn -0.9340 -0.1941 -0.3001
vn -0.9513 -0.0220 -0.3075
vn 0.0227 0.9993 0.0297
vn 0.4854 0.8156 -0.3148
vn 0.2747 0.7179 -0.6397
vn -0.2789 0.9056 -0.3194
vn 0.2033 -0.9692 0.1393
vn -0.2133 -0.9664 -0.1435
vn -0.8282 -0.0674 -0.5563
vn -0.8227 -0.1050 -0.5587
vn 0.7560 -0.0328 -0.6537
vn 0.7455 -0.1880 -0.6395
vn 0.1062 -0.9692 0.2221
vn 0.1481 -0.9742 0.1701
vn -0.1709 -0.9656 -0.1960
vn -0.1110 -0.9663 -0.2321
vn 0.7358 -0.0132 -0.6771
vn 0.7337 -0.0057 -0.6794
vn 0.8865 -0.0331 -0.4615
vn 0.8892 -0.0410 -0.4557
vn -0.2340 -0.9589 -0.1604
vn 0.0622 0.9156 0.3972
vn 0.1790 0.9101 0.3737
vn -0.4318 -0.0191 -0.9018
vn -0.4238 -0.1901 -0.8856
vn -0.3574 -0.1078 -0.9277
vn -0.0401 -0.9612 -0.2731
vn 0.1824 -0.9624 0.2014
vn 0.1210 -0.9600 0.2527
vn -0.0916 -0.9626 0.2549
vn 0.9828 -0.0194 -0.1834
vn 0.9652 -0.1906 -0.1792
vn 0.0886 0.9651 -0.2466
vn -0.0361 0.9649 -0.2601
vn -0.0401 -0.9662 -0.2545
vn 0.0893 -0.9666 -0.2403
vn 0.1996 0.9649 -0.1706
vn 0.2597 0.9644 -0.0491
vn 0.2543 0.9638 0.0798
vn 0.1805 0.9634 0.1983
vn -0.0895 -0.9674 0.2371
vn -0.1944 -0.9673 0.1629
vn -0.2501 -0.9670 0.0491
vn -0.2500 0.9651 -0.0781
vn -0.1700 -0.9662 -0.1940
vn -0.3393 0.9115 -0.2325
vn -0.3802 0.9174 -0.1177
vn 0.2160 -0.9651 0.1480
vn 0.1709 -0.9673 0.1876
vn -0.7722 -0.0060 0.6354
vn -0.7702 -0.0132 0.6377
vn -0.5743 -0.0409 0.8176
vn -0.5803 -0.0332 0.8137
vn 0.2274 0.9613 0.1558
vn 0.2594 -0.9625 0.0795
vn 0.2321 -0.9599 0.1572
vn -0.2233 0.9627 -0.1530
vn 0.0948 -0.9616 -0.2574
vn -0.1147 -0.9641 -0.2397
vn 0.3483 0.8478 -0.4000
vn -0.0229 0.9993 -0.0279
vn 0.2878 0.9065 0.3089
vn 0.6476 0.7509 -0.1296
vn -0.1711 0.9650 -0.1988
vn 0.8025 -0.0637 0.5933
vn 0.6760 -0.0769 0.7329
vn 0.6655 -0.1082 0.7385
vn 0.8556 -0.0985 0.5081
vn 0.0390 -0.9624 0.2688
vn 0.1935 -0.9670 -0.1656
vn 0.2752 0.9114 0.3061
vn -0.1168 0.9627 -0.2441
vn 0.6563 -0.1884 0.7306
vn 0.8085 -0.1837 0.5591
vn 0.8248 -0.0143 0.5653
vn 0.6675 -0.0148 0.7445
vn 0.9826 -0.0307 -0.1834
vn 0.9660 -0.1862 -0.1794
vn 0.2486 -0.9673 -0.0504
vn 0.9541 -0.0166 0.2991
vn 0.9365 -0.1894 0.2951
vn 0.9539 -0.0280 0.2989
vn 0.9373 -0.1851 0.2953
vn 0.8564 -0.1049 0.5055
vn 0.6644 -0.1125 0.7389
vn 0.2439 -0.9672 0.0708
vn 0.8278 -0.0254 0.5605
vn 0.8114 -0.1797 0.5562
vn 0.2068 -0.9622 -0.1772
vn 0.7500 0.1009 -0.6537
vn 0.9548 0.0534 -0.2924
vn 0.3602 0.0638 0.9307
vn 0.4044 -0.0559 0.9129
vn 0.6877 -0.0496 0.7243
vn 0.6860 0.0438 0.7263
vn 0.1184 -0.9842 0.1318
vn -0.1721 -0.9658 -0.1937
vn -0.7678 -0.6110 0.1926
vn -0.5826 -0.5400 0.6074
vn 0.2310 -0.0078 0.9729
vn 0.2090 -0.0692 0.9755
vn 0.3919 -0.0776 0.9167
vn -0.4181 -0.0951 -0.9034
vn -0.3592 0.0245 -0.9329
vn -0.2820 -0.0525 -0.9580
vn 0.8236 -0.0779 0.5618
vn 0.9120 -0.0679 0.4046
vn 0.8586 0.0411 0.5111
vn 0.8299 -0.0734 0.5531
vn 0.9025 -0.0338 0.4294
vn 0.4586 -0.0791 0.8851
vn 0.3533 -0.1001 0.9301
vn 0.4243 0.0811 0.9019
vn 0.4180 0.0981 0.9031
vn 0.4100 0.1107 0.9053
vn -0.7907 -0.0728 -0.6078
vn -0.4671 -0.1130 -0.8769
vn -0.2827 -0.1022 -0.9538
vn -0.7909 -0.1121 -0.6016
vn -0.8931 -0.1031 -0.4378
vn -0.4071 0.0608 -0.9114
vn -0.4346 0.0428 -0.8996
vn -0.6890 0.0507 -0.7230
vn -0.6892 0.0507 -0.7228
vn -0.8637 0.0184 -0.5037
vn -0.8275 -0.0957 -0.5533
vn -0.8980 -0.0541 -0.4367
vn 0.5094 -0.6446 -0.5701
vn 0.7177 -0.6847 -0.1266
vn 0.8691 -0.0064 -0.4947
vn 0.7068 0.0166 -0.7072
vn 0.6238 0.3441 -0.7018
vn 0.8512 0.2856 -0.4404
vn -0.8725 -0.0109 0.4884
vn -0.7147 0.0170 0.6992
vn -0.6292 0.3507 0.6936
vn -0.8555 0.2793 0.4361
vn -0.2617 0.6837 0.6812
vn -0.6129 0.6885 0.3877
vn -0.3746 0.8251 0.4229
vn -0.6669 0.7275 0.1612
vn 0.1656 0.9686 0.1855
vn -0.2093 0.9486 -0.2376
vn 0.2780 0.5710 -0.7724
vn 0.6892 0.5892 -0.4217
vn -0.8887 -0.0341 0.4571
vn -0.7419 -0.0057 0.6704
vn -0.4989 0.8032 0.3256
vn -0.2868 0.7116 0.6414
vn 0.7722 0.0003 -0.6353
vn 0.4314 -0.0785 -0.8987
vn 0.2722 -0.6506 -0.7090
vn 0.6718 -0.5799 -0.4608
vn 0.7736 -0.0058 -0.6337
vn 0.5849 -0.0338 -0.8104
vn 0.6158 -0.0113 -0.7878
vn 0.7978 0.0164 -0.6027
vn -0.2676 0.9126 -0.3090
vn -0.7516 -0.0008 0.6597
vn -0.9450 -0.0750 0.3183
vn -0.8261 0.5308 0.1890
vn -0.5473 0.5501 0.6308
vn 0.3413 0.9103 0.2341
vn -0.6578 0.0145 -0.7530
vn -0.6573 -0.0780 -0.7496
vn -0.6139 -0.0077 0.7893
vn -0.7958 0.0149 0.6054
vn -0.4601 -0.0464 0.8867
vn -0.7473 -0.0028 0.6645
vn 0.4580 0.1226 0.8805
vn 0.4580 0.1226 0.8804
vn -0.4436 0.0807 -0.8926
vn -0.6749 0.0726 -0.7343
vn -0.6757 0.0728 -0.7336
vn -0.4441 0.0807 -0.8923
vn -0.8290 0.0767 -0.5539
vn -0.8246 0.0586 -0.5626
vn -0.8366 0.0918 -0.5401
vn -0.8114 0.0671 -0.5807
vn -0.8256 0.0863 -0.5576
vn -0.8256 0.0862 -0.5577
vn -0.8113 0.0671 -0.5807
vn -0.6469 -0.6606 0.3810
vn -0.2221 -0.7233 0.6539
vn 0.1703 -0.9463 0.2748
vn -0.2331 -0.9644 -0.1250
vn -0.3727 0.0707 -0.9252
vn -0.3927 0.0861 -0.9156
vn -0.3928 0.0861 -0.9156
vn 0.6579 0.0784 0.7490
vn 0.6572 0.0784 0.7496
vn 0.8039 0.0791 0.5895
vn 0.7961 0.1221 0.5928
vn 0.7961 0.1220 0.5927
vn 0.8041 0.0788 0.5893
vn 0.8270 0.0985 0.5535
vn 0.8262 0.0852 0.5568
vn 0.8282 0.1105 0.5495
vn -0.5594 0.2857 0.7781
vn -0.7793 0.3448 0.5232
vn -0.1331 0.9164 0.3774
vn 0.3533 -0.1023 0.9299
vn 0.3830 0.9161 0.1186
vn 0.3025 0.9176 -0.2579
vn 0.1355 0.9171 -0.3749
vn 0.2666 -0.9625 -0.0505
vn -0.3899 0.9178 0.0753
vn -0.3020 0.9176 0.2586
vn 0.7716 -0.0134 -0.6360
vn 0.5766 -0.0418 -0.8160
vn 0.3919 0.9171 -0.0732
vn -0.1548 -0.1503 -0.9764
vn 0.3304 -0.1056 -0.9379
vn 0.3266 -0.1489 -0.9334
vn 0.7563 -0.1055 -0.6457
vn 0.7509 -0.1469 -0.6439
vn 0.9782 -0.1055 -0.1791
vn 0.9728 -0.1451 -0.1806
vn 0.1569 -0.1437 0.9771
vn -0.3272 -0.1442 0.9339
vn -0.7520 -0.1455 0.6430
vn -0.9728 -0.1475 0.1784
vn -0.4170 -0.2588 -0.8713
vn -0.4317 -0.0000 -0.9020
vn 0.7977 -0.2544 0.5468
vn 0.8248 -0.0000 0.5654
vn -0.4283 0.7548 -0.4968
vn 0.4336 0.7594 0.4851
vn -0.2630 -0.9615 -0.0795
vn 0.4586 0.0807 0.8850
vn 0.4582 0.0802 0.8852
vn 0.7793 0.3519 -0.5185
vn 0.5619 0.2786 -0.7789
vn -0.8930 -0.0419 0.4480
vn -0.7440 -0.0133 0.6680
vn 0.5092 0.6399 0.5755
vn -0.1180 0.4216 0.8991
vn -0.4972 0.7203 -0.4837
vn 0.1357 0.5433 -0.8285
vn 0.9630 -0.0218 0.2687
vn 0.8408 0.4631 0.2802
vn -0.8599 0.5081 -0.0488
vn 0.8958 0.4424 0.0424
vn -0.8599 0.3104 -0.4051
vn -0.5249 0.6112 -0.5924
vn 0.5246 0.6759 0.5176
vn 0.2395 0.4820 0.8428
vn -0.3108 0.3257 -0.8929
vn -0.2272 -0.3233 0.9186
vn 0.4564 -0.7271 0.5129
vn 0.1477 -0.4261 -0.8925
vn -0.5931 -0.6088 -0.5269
vn -0.9185 -0.3942 -0.0315
vn 0.9349 -0.3498 -0.0603
vn -0.4396 -0.7471 -0.4985
vn -0.7703 -0.5312 -0.3528
vn 0.5062 -0.6393 0.5788
vn 0.7424 -0.5179 0.4251
vn 0.3193 -0.5632 0.7621
vn -0.2666 -0.5466 -0.7938
vn 0.0141 -0.0925 0.9956
vn 0.3638 0.1275 -0.9227
vn 0.9808 0.0992 -0.1677
vn -0.9730 -0.1501 -0.1751
vn -0.3500 0.0970 0.9317
vn -0.0828 -0.1539 -0.9846
vn -0.9622 0.0441 0.2687
vn 0.6551 0.0416 0.7544
vn 0.6548 0.0416 0.7546
vn 0.8165 -0.2792 0.5053
vn 0.5873 0.4030 0.7019
vn 0.6153 0.4324 0.6592
vn 0.8516 -0.2879 0.4380
vn 0.2582 0.7192 0.6450
vn 0.2326 0.7339 0.6382
vn 0.0360 0.6674 0.7439
vn 0.3489 0.3022 0.8871
vn 0.6232 -0.5189 0.5851
vn 0.1264 -0.7945 0.5939
vn -0.0050 0.1287 0.9917
vn -0.1929 -0.0280 0.9808
vn -0.0066 -0.8387 0.5445
vn -0.0968 0.7206 0.6866
vn -0.2233 0.6552 0.7217
vn -0.3750 0.5490 0.7470
vn -0.3780 -0.2014 0.9036
vn -0.1283 -0.8682 0.4794
vn 0.0696 -0.7644 -0.6410
vn -0.2434 -0.2915 -0.9251
vn -0.5126 -0.3986 -0.7605
vn -0.0978 -0.8600 -0.5008
vn -0.5093 0.5616 -0.6521
vn -0.6801 0.5525 -0.4818
vn -0.8044 0.5422 -0.2427
vn -0.7705 -0.4253 -0.4748
vn -0.2908 -0.9042 -0.3127
vn 0.1034 -0.8221 0.5599
vn -0.1601 -0.0295 0.9867
vn 0.3703 0.2941 0.8811
vn 0.5773 -0.4873 0.6552
vn -0.2712 0.6142 0.7411
vn 0.1010 0.6868 0.7198
vn 0.0507 -0.7656 -0.6413
vn -0.3053 -0.3580 -0.8824
vn -0.1101 -0.2175 -0.9698
vn 0.1435 -0.6993 -0.7003
vn -0.6188 0.4751 -0.6256
vn -0.4332 0.5565 -0.7089
vn -0.2999 -0.9539 -0.0142
vn -0.7891 -0.5979 0.1410
vn -0.6262 -0.3987 0.6700
vn -0.1976 -0.9410 0.2746
vn -0.9021 0.3390 0.2671
vn -0.6262 0.4905 0.6060
vn -0.4387 -0.7529 -0.4906
vn 0.1226 -0.9835 -0.1333
vn 0.1288 -0.9830 -0.1308
vn -0.4662 -0.6967 -0.5452
vn 0.7063 -0.5904 0.3906
vn 0.6771 -0.6047 0.4194
vn 0.7313 -0.5513 0.4015
vn 0.1765 -0.9793 -0.0987
vn -0.4966 -0.7047 -0.5068
vn -0.3212 -0.8878 -0.3296
vn -0.7452 -0.4933 -0.4488
vn -0.7420 -0.5960 -0.3069
vn -0.3023 -0.9212 -0.2451
vn -0.8808 0.3320 -0.3376
vn -0.9511 0.2381 -0.1968
vn 0.4505 -0.6404 0.6220
vn 0.4444 -0.6354 0.6314
vn 0.1126 -0.9765 -0.1838
vn 0.1139 -0.9772 -0.1790
vn 0.3808 -0.6715 0.6357
vn 0.1171 -0.9755 -0.1861
vn -0.0903 -0.7874 -0.6098
vn -0.1275 -0.7992 -0.5874
vn -0.1282 -0.8048 -0.5795
vn -0.7896 -0.1402 -0.5974
vn -0.7892 -0.3233 -0.5222
vn -0.3837 -0.8326 -0.3994
vn -0.7154 0.5887 -0.3762
vn -0.8002 0.4832 -0.3553
vn -0.9165 0.3774 -0.1323
vn -0.9365 0.3408 0.0828
vn -0.1639 0.9797 0.1158
vn -0.2100 0.9721 0.1045
vn -0.8834 0.3632 0.2961
vn -0.1230 0.9862 0.1105
vn 0.5949 0.7939 -0.1259
vn 0.6022 0.7960 0.0609
vn 0.5740 0.7806 0.2475
vn -0.3735 -0.8212 0.4314
vn -0.1404 -0.7838 0.6049
vn 0.0474 -0.9977 -0.0483
vn 0.0725 -0.9966 -0.0394
vn 0.0991 -0.7558 0.6473
vn 0.0807 -0.9935 -0.0797
vn 0.0737 -0.7099 -0.7004
vn 0.3027 -0.6129 -0.7299
vn 0.6565 -0.4816 -0.5806
vn -0.2121 -0.8751 0.4349
vn 0.2295 -0.9392 -0.2555
vn 0.2126 -0.9504 -0.2268
vn -0.2045 -0.8775 0.4337
vn 0.5069 -0.3616 -0.7825
vn 0.4926 -0.4339 -0.7544
vn 0.3725 -0.5537 -0.7448
vn 0.1823 -0.9616 -0.2052
vn 0.3647 -0.6951 0.6195
vn 0.2826 0.3019 0.9105
vn 0.3243 0.3547 0.8769
vn 0.4173 -0.6688 0.6153
vn 0.0672 0.7966 0.6008
vn 0.0979 0.8042 0.5862
vn 0.1226 0.8039 0.5820
vn 0.3505 0.3817 0.8552
vn -0.5986 -0.7713 0.2165
vn -0.8861 -0.2675 0.3784
vn -0.8728 -0.2980 0.3866
vn -0.5854 -0.7802 0.2202
vn -0.8248 0.4049 0.3946
vn -0.8247 0.3920 0.4076
vn -0.9072 -0.3415 0.2457
vn -0.5992 -0.7927 0.1119
vn -0.9259 -0.3621 0.1080
vn -0.4521 -0.8914 0.0330
vn -0.8205 0.5450 0.1725
vn -0.5230 0.5955 0.6098
vn -0.6213 -0.1880 0.7607
vn -0.2357 -0.6991 -0.6751
vn -0.3346 -0.7450 -0.5771
vn -0.6423 -0.4383 -0.6287
vn -0.5237 -0.3614 -0.7714
vn -0.4477 -0.7929 -0.4135
vn -0.7623 -0.5348 -0.3646
vn -0.9869 -0.0035 -0.1613
vn -0.9002 0.1803 -0.3963
vn -0.7611 0.3075 -0.5711
vn 0.4807 -0.5455 0.6866
vn 0.6924 -0.5151 0.5052
vn 0.5182 0.4522 0.7260
vn 0.2234 0.2944 0.9292
vn 0.8690 -0.4633 0.1740
vn 0.7986 0.5295 0.2860
vn 0.3602 0.9003 0.2444
vn 0.1197 0.8571 0.5011
vn -0.0745 0.7486 0.6588
vn 0.3102 -0.5753 -0.7568
vn -0.0356 -0.6542 -0.7555
vn -0.2641 -0.2319 -0.9362
vn 0.2365 0.0760 -0.9687
vn -0.4706 0.5293 -0.7060
vn -0.0084 0.8297 -0.5581
vn 0.0329 -0.6174 0.7859
vn 0.2834 -0.5801 0.7636
vn 0.0138 0.1451 0.9893
vn -0.2311 -0.0507 0.9716
vn -0.2235 0.6131 0.7577
vn -0.3807 0.4230 0.8223
vn 0.9339 -0.2650 -0.2401
vn 0.6580 -0.4432 -0.6088
vn 0.6507 0.4165 -0.6349
vn 0.7945 0.5931 -0.1301
vn 0.2469 0.9321 -0.2650
vn 0.3337 0.9426 0.0122
vn 0.7657 0.2060 0.6093
vn 0.7527 0.1084 0.6494
vn 0.4397 0.7551 0.4863
vn 0.4610 0.7010 0.5441
vn 0.4879 0.7066 0.5125
vn 0.7947 0.1033 0.5981
vn 0.8779 -0.3135 0.3621
vn 0.9591 -0.1846 0.2144
vn 0.7576 0.5888 0.2818
vn 0.7434 0.4987 0.4457
vn 0.3278 0.9156 0.2328
vn 0.3329 0.8852 0.3251
vn -0.3530 -0.3755 -0.8570
vn -0.3599 -0.3786 -0.8527
vn -0.2952 -0.3364 -0.8943
vn -0.3880 0.6685 -0.6345
vn -0.4504 0.6322 -0.6305
vn -0.4559 0.6373 -0.6213
vn 0.7918 -0.4818 0.3755
vn 0.7685 0.3602 0.5288
vn 0.3888 0.8320 0.3958
vn 0.3625 0.2864 -0.8869
vn 0.6690 0.4156 -0.6162
vn 0.0611 0.0724 -0.9955
vn -0.0158 0.7826 -0.6223
vn 0.2103 0.7829 -0.5855
vn 0.4381 0.7860 -0.4362
vn 0.4686 0.3422 -0.8144
vn 0.4760 0.3072 -0.8240
vn 0.2101 0.8719 -0.4423
vn 0.2053 0.8756 -0.4373
vn 0.1250 0.8664 -0.4834
vn 0.3677 0.1956 -0.9091
vn -0.9355 0.3533 0.0052
vn -0.9596 -0.2719 -0.0720
vn -0.9476 -0.3014 -0.1055
vn -0.9540 0.2982 -0.0313
vn -0.6464 -0.7537 -0.1189
vn -0.6334 -0.7605 -0.1429
vn -0.6035 -0.7971 -0.0217
vn -0.9376 -0.3422 0.0621
vn -0.9553 0.2686 0.1233
vn 0.8785 -0.4170 -0.2330
vn 0.8437 0.4873 -0.2252
vn 0.5213 0.8443 -0.1239
vn -0.2176 0.9731 0.0750
vn -0.2867 0.9562 0.0590
vn -0.1591 0.9816 0.1052
vn 0.1454 -0.9876 -0.0585
vn 0.2194 -0.9715 -0.0894
vn -0.0758 0.7319 0.6772
vn -0.2427 0.6700 0.7016
vn -0.0395 0.9986 -0.0349
vn -0.0960 0.9944 0.0441
vn 0.0336 0.9978 -0.0564
vn 0.2850 -0.9523 -0.1092
vn 0.3366 -0.9330 -0.1276
vn -0.0740 -0.7962 -0.6004
vn -0.1057 -0.8053 -0.5834
vn -0.3301 -0.3507 -0.8764
vn -0.2686 -0.2825 -0.9209
vn -0.4157 0.6711 -0.6139
vn -0.3359 0.7140 -0.6143
vn 0.3251 -0.9386 -0.1159
vn 0.0667 -0.9956 0.0653
vn -0.0171 0.9991 0.0399
vn -0.1720 0.9776 0.1213
vn -0.9333 -0.3590 0.0064
vn -0.6053 -0.7935 -0.0634
vn -0.9197 -0.3169 -0.2318
vn -0.5783 -0.7812 -0.2351
vn -0.2812 0.9494 0.1397
vn -0.3498 0.9246 0.1511
vn 0.3438 0.3797 0.8589
vn 0.1234 0.7983 0.5895
vn 0.0861 0.7858 0.6124
vn 0.2845 0.3397 0.8965
vn -0.4299 0.8798 0.2027
vn -0.6579 0.6344 0.4059
vn -0.7720 -0.0601 -0.6328
vn -0.8059 -0.1044 -0.5828
vn -0.7396 0.5475 -0.3915
vn -0.6872 0.6026 -0.4058
vn -0.6908 -0.4729 0.5470
vn -0.1955 0.9769 0.0864
vn -0.1579 0.9816 0.1073
vn -0.4848 -0.3154 0.8158
vn -0.4836 -0.3523 0.8013
vn -0.4939 0.4284 0.7567
vn -0.5108 0.3563 0.7824
vn 0.1752 -0.9327 -0.3153
vn 0.2459 -0.9102 -0.3333
vn -0.1472 -0.9819 -0.1193
vn -0.1142 0.9762 0.1846
vn -0.1180 0.9751 0.1877
vn -0.1184 0.9769 0.1779
vn -0.1114 0.9881 0.1060
vn -0.1215 0.9862 0.1125
vn 0.5991 0.7694 -0.2215
vn 0.5828 0.7789 -0.2316
vn 0.2722 -0.9177 -0.2894
vn 0.2720 -0.9346 -0.2291
vn 0.8802 -0.3655 -0.3027
vn 0.9325 -0.3495 -0.0912
vn 0.9457 0.3248 -0.0101
vn 0.9093 0.3273 -0.2569
vn 0.9126 -0.3871 0.1314
vn 0.9328 0.2651 0.2443
vn -0.1568 0.9679 0.1963
vn -0.1769 0.9618 0.2088
vn -0.1425 0.9711 0.1916
vn -0.1369 0.7915 -0.5956
vn -0.0018 0.8366 -0.5478
vn 0.2635 -0.9450 -0.1936
vn 0.2874 -0.9455 -0.1531
vn -0.2013 0.9520 0.2304
vn -0.2155 0.9423 0.2560
vn -0.3697 0.8509 0.3732
vn -0.6646 0.5456 0.5105
vn -0.2656 0.9110 0.3156
vn 0.3058 -0.9487 -0.0797
vn 0.2530 -0.9653 -0.0652
vn 0.8295 -0.4033 -0.3863
vn 0.8274 -0.3902 -0.4040
vn 0.8722 0.2957 -0.3897
vn 0.8873 0.2695 -0.3742
vn -0.2264 0.9359 0.2698
vn -0.2295 0.9468 0.2255
vn 0.1745 -0.9797 -0.0987
vn 0.0893 -0.7247 -0.6833
vn 0.2168 -0.6602 -0.7191
vn 0.1788 0.0246 -0.9836
vn -0.0102 -0.1300 -0.9915
vn -0.2378 0.9511 0.1973
vn -0.2652 0.9501 0.1643
vn -0.2497 -0.0617 0.9664
vn 0.0298 0.0699 0.9971
vn -0.3064 0.9474 0.0924
vn -0.1267 0.9781 0.1649
vn -0.1288 0.9812 0.1437
vn -0.7751 -0.4957 0.3918
vn -0.8728 -0.2165 -0.4374
vn -0.5371 -0.7497 -0.3867
vn -0.8355 0.4620 -0.2975
vn 0.8745 0.1737 0.4529
vn 0.8309 -0.4682 0.3006
vn 0.5300 0.7478 0.3999
vn 0.2143 -0.9728 -0.0885
vn 0.2037 -0.9727 -0.1112
vn -0.2225 0.9713 0.0844
vn 0.1562 -0.9794 -0.1283
vn 0.1211 -0.9850 -0.1227
vn 0.1624 0.2535 0.9536
vn 0.2639 -0.7356 0.6239
vn 0.0079 0.7615 0.6481
vn -0.1753 -0.2523 -0.9516
vn -0.0140 -0.7641 -0.6450
vn -0.2721 0.7325 -0.6240
vn 0.1264 -0.9741 -0.1874
vn 0.1400 -0.9719 -0.1893
vn -0.1289 0.9733 0.1897
vn 0.1565 -0.9685 -0.1935
vn 0.2047 0.2087 0.9563
vn 0.0213 0.7747 0.6320
vn 0.2739 -0.7208 0.6368
vn -0.1527 -0.1449 -0.9776
vn -0.2049 0.7561 -0.6216
vn -0.0262 -0.7684 -0.6395
vn -0.1200 0.9869 0.1079
vn 0.1132 -0.9861 -0.1219
vn 0.1224 -0.9807 -0.1527
vn 0.1201 -0.9781 -0.1702
vn -0.1909 0.9739 0.1228
vn -0.1480 0.9814 0.1226
vn -0.8868 0.3998 0.2318
vn 0.6458 0.7509 0.1379
vn 0.6386 0.7667 -0.0656
vn 0.9596 0.2677 0.0869
vn 0.9486 0.2619 -0.1777
vn 0.9324 -0.3614 -0.0020
vn 0.8883 -0.4003 -0.2251
vn -0.1365 0.4051 0.9040
vn -0.1528 0.9414 0.3006
vn -0.1345 0.9400 0.3134
vn -0.0431 0.4130 0.9097
vn -0.0636 0.8211 -0.5673
vn -0.1492 0.7929 -0.5908
vn -0.0487 0.8180 -0.5732
vn -0.1684 0.9352 0.3116
vn -0.1836 0.3765 0.9080
vn 0.1167 -0.9865 -0.1149
vn 0.1300 -0.9846 -0.1172
vn 0.1877 -0.9754 -0.1158
vn 0.1545 -0.9802 -0.1236
vn -0.6366 -0.7681 0.0682
vn 0.1419 -0.4037 -0.9038
vn 0.1582 -0.9391 -0.3051
vn 0.1291 -0.9440 -0.3036
vn 0.0222 -0.4255 -0.9047
vn 0.0527 -0.8270 0.5597
vn 0.1331 -0.7927 0.5949
vn 0.0266 -0.8094 0.5866
vn 0.1509 -0.9453 -0.2891
vn 0.1364 -0.4040 -0.9045
vn -0.0626 -0.2502 0.9662
vn -0.3403 -0.3310 0.8801
vn -0.3817 0.3583 0.8520
vn -0.1241 -0.8644 0.4872
vn -0.3618 -0.8476 0.3882
vn -0.6564 -0.3584 0.6639
vn -0.8567 -0.3678 0.3616
vn -0.5187 -0.8347 0.1852
vn -0.6868 0.2897 0.6666
vn -0.8771 0.2687 0.3981
vn 0.6777 -0.3192 -0.6625
vn 0.6703 0.3670 -0.6450
vn 0.3647 0.3177 -0.8753
vn 0.3993 -0.3589 -0.8437
vn 0.3622 0.8658 -0.3452
vn 0.1569 0.8539 -0.4962
vn 0.0598 0.2415 -0.9686
vn -0.2621 0.9340 0.2430
vn -0.2219 0.9319 0.2870
vn -0.4380 0.3259 0.8378
vn 0.2328 -0.9488 -0.2135
vn 0.1950 -0.9459 -0.2592
vn -0.1683 -0.8367 0.5211
vn 0.0524 0.2472 -0.9675
vn -0.0786 0.2001 -0.9766
vn 0.2456 -0.9617 -0.1216
vn 0.2516 -0.9543 -0.1611
vn 0.9543 -0.2863 -0.0854
vn 0.8838 -0.2909 -0.3663
vn 0.5987 0.7974 0.0753
vn -0.2719 0.9519 0.1415
vn -0.2814 0.9410 0.1878
vn 0.5195 0.8447 -0.1291
vn 0.9415 0.3369 0.0024
vn 0.8779 0.3722 -0.3012
vn -0.1065 -0.2526 0.9617
vn -0.3867 -0.3181 0.8656
vn 0.3197 0.3202 -0.8918
vn 0.1133 0.8582 -0.5007
vn 0.3804 -0.3583 -0.8526
vn 0.0498 -0.2072 0.9770
vn 0.2112 -0.9344 -0.2868
vn -0.1979 0.9391 0.2811
vn 0.2202 -0.9693 -0.1095
vn 0.9484 -0.3130 0.0500
vn 0.9448 0.2940 0.1444
vn 0.6278 0.7573 0.1797
vn -0.2376 0.9638 0.1211
vn -0.9475 -0.2619 0.1837
vn -0.7982 0.1827 0.5740
vn -0.4952 -0.1048 0.8624
vn -0.3256 0.8398 0.4344
vn -0.0344 0.6787 0.7336
vn 0.1668 0.7846 -0.5972
vn 0.8676 0.4667 0.1718
vn 0.5414 -0.1752 -0.8223
vn 0.6605 -0.3724 -0.6520
vn 0.4015 -0.8853 -0.2345
vn -0.1421 -0.7503 -0.6457
vn -0.1074 -0.8667 0.4871
vn -0.8473 -0.5255 -0.0772
vn 0.0469 0.6397 -0.7672
vn -0.0870 0.6009 -0.7946
vn -0.4186 0.9074 0.0374
vn -0.4074 0.9121 0.0448
vn -0.4493 0.3218 0.8334
vn -0.4693 0.3175 0.8240
vn -0.0612 -0.6865 0.7246
vn -0.0294 -0.6418 0.7663
vn 0.3636 -0.9201 -0.1458
vn 0.4055 -0.9123 -0.0569
vn 0.3389 -0.2968 -0.8928
vn 0.4690 -0.3324 -0.8183
vn -0.7869 0.5955 0.1617
vn -0.7044 0.1632 -0.6908
vn -0.0082 -0.3984 -0.9172
vn 0.6433 -0.6789 -0.3538
vn 0.6018 -0.3282 0.7281
vn -0.1823 0.4224 0.8879
vn -0.9939 0.0886 -0.0660
vn -0.9994 0.0242 -0.0245
vn -0.6104 0.7279 -0.3122
vn -0.2702 0.5218 -0.8092
vn 0.9552 0.0648 0.2888
vn 0.8939 -0.1501 0.4225
vn 0.7603 -0.4293 -0.4875
vn 0.7451 -0.6630 -0.0732
vn -0.3898 -0.0330 -0.9203
vn -0.4703 -0.7456 -0.4721
vn -0.9243 0.3158 -0.2144
vn -0.9634 0.1134 -0.2428
vn 0.1263 -0.4765 -0.8701
vn 0.1480 0.0165 -0.9889
vn 0.8159 0.0695 -0.5740
vn 0.7851 -0.5060 -0.3573
vn -0.5860 0.4270 0.6887
vn -0.6492 0.7501 0.1258
vn -0.8559 0.0313 -0.5163
vn -0.8314 0.1656 0.5305
vn -0.7240 -0.3528 0.5927
vn -0.0278 0.0473 0.9985
vn 0.3271 -0.5399 0.7756
vn 0.9607 0.0168 0.2770
vn 0.9956 0.0339 -0.0872
vn 0.6597 0.3998 -0.6364
vn 0.9956 0.0784 -0.0506
vn 0.6241 -0.7360 0.2623
vn 0.4704 0.8194 -0.3276
vn 0.3459 0.8250 0.4469
vn 0.3344 0.2155 0.9175
vn -0.6094 -0.7366 0.2934
vn -0.5100 0.3030 -0.8051
vn -0.4877 0.2594 -0.8336
vn 0.6004 0.0498 -0.7981
vn 0.5182 0.2846 -0.8065
vn 0.9739 -0.1791 0.1398
vn 0.9973 -0.0556 0.0484
vn 0.4513 -0.2042 0.8687
vn 0.5109 -0.3251 0.7958
vn -0.4698 -0.0374 0.8820
vn -0.4905 -0.3008 0.8179
vn -0.9781 0.2072 -0.0175
vn -0.9985 0.0289 -0.0471
vn -0.9885 0.1511 -0.0028
vn -0.4271 0.4182 -0.8017
vn -0.4664 -0.3302 0.8206
vn 0.4207 -0.6074 0.6738
vn 0.8799 -0.4745 -0.0236
vn 0.5822 0.0913 -0.8079
vn -0.2780 -0.9036 -0.3259
vn -0.7008 -0.0920 -0.7074
vn -0.6896 -0.0406 -0.7230
vn -0.3446 0.8218 -0.4538
vn -0.8414 0.4011 0.3620
vn 0.4008 0.8504 0.3407
vn -0.1115 0.2254 0.9679
vn 0.7339 -0.0352 0.6784
vn 0.7883 -0.1844 0.5870
vn 0.4070 -0.8651 0.2930
vn 0.5995 -0.2226 -0.7688
vn -0.1671 0.5024 -0.8483
vn 0.7222 -0.6841 0.1027
vn 0.1767 -0.5011 0.8471
vn -0.5922 0.2183 0.7757
vn -0.7145 0.6924 -0.0999
vn -0.8387 -0.0969 -0.5359
vn -0.2843 0.8807 -0.3789
vn -0.4765 -0.8792 -0.0016
vn 0.3171 -0.8065 0.4990
vn 0.7883 0.1935 0.5840
vn 0.4024 0.9004 0.1657
vn -0.1763 0.4949 -0.8509
vn 0.7692 -0.0768 -0.6344
vn 0.8677 -0.4549 0.2006
vn 0.2965 -0.3915 0.8711
vn -0.6504 0.1756 0.7390
vn -0.8068 0.5704 -0.1542
vn 0.6917 0.1451 0.7074
vn 0.0836 0.5242 0.8475
vn 0.1154 0.9606 0.2527
vn 0.6862 0.7265 -0.0380
vn 0.9475 -0.0692 0.3123
vn 0.9528 0.2851 -0.1047
vn -0.8142 -0.1543 -0.5596
vn -0.5876 0.8091 0.0097
vn -0.1912 -0.8254 -0.5312
vn 0.7269 -0.6854 0.0427
vn 0.7554 0.2816 0.5916
vn 0.1531 0.8500 0.5040
vn -1.0000 -0.0010 -0.0068
vn -0.5134 -0.0007 -0.8582
vn -0.3955 -0.2465 -0.8848
vn -0.8659 -0.5001 -0.0077
vn 0.5058 0.0007 -0.8627
vn 0.4984 0.2546 -0.8287
vn 1.0000 -0.0002 0.0038
vn 0.8659 0.5002 0.0044
vn 0.4354 0.0006 0.9002
vn 0.3038 0.2128 0.9287
vn -0.5286 0.0009 0.8489
vn -0.5032 -0.2738 0.8197
vn -0.1393 -0.3899 -0.9102
vn -0.5002 -0.8659 -0.0064
vn 0.3622 0.4647 -0.8080
vn 0.4988 0.8667 0.0036
vn 0.0848 0.3328 0.9392
vn -0.3622 -0.4985 0.7876
vn 0.1151 -0.4164 -0.9019
vn -0.0006 -1.0000 -0.0033
vn 0.1097 0.5617 -0.8200
vn -0.0015 1.0000 0.0018
vn -0.1226 0.3587 0.9254
vn -0.1016 -0.6012 0.7926
vn 0.3144 -0.3510 -0.8820
vn 0.4999 -0.8661 0.0002
vn -0.1767 0.5026 -0.8463
vn -0.5008 0.8655 -0.0004
vn -0.2964 0.3013 0.9063
vn 0.2051 -0.5369 0.8183
vn 0.4586 -0.1991 -0.8660
vn 0.8663 -0.4995 0.0040
vn -0.3956 0.2979 -0.8687
vn -0.8662 0.4997 -0.0024
vn -0.4205 0.1687 0.8915
vn 0.4397 -0.3192 0.8395
vn 0.5158 0.0163 -0.8565
vn 1.0000 0.0008 0.0068
vn -0.4756 0.0175 -0.8795
vn -1.0000 -0.0000 -0.0039
vn -0.4670 -0.0194 0.8840
vn 0.5258 -0.0172 0.8504
vn 1.0000 0.0008 0.0066
vn 0.5159 0.0169 -0.8565
vn 0.4493 0.2595 -0.8549
vn 0.8660 0.4999 0.0077
vn -0.4756 0.0178 -0.8795
vn -0.4106 -0.2370 -0.8805
vn -1.0000 0.0001 -0.0040
vn -0.8660 -0.5000 -0.0046
vn -0.4669 -0.0189 0.8841
vn -0.4060 -0.2345 0.8833
vn 0.5257 -0.0169 0.8505
vn 0.4538 0.2620 0.8517
vn 0.2576 0.4501 -0.8550
vn 0.5009 0.8655 0.0066
vn -0.2369 -0.4101 -0.8808
vn -0.4999 -0.8661 -0.0039
vn -0.2362 -0.4053 0.8831
vn 0.2621 0.4526 0.8523
vn -0.0032 0.5184 -0.8551
vn 0.0010 1.0000 0.0038
vn 0.0004 -0.4725 -0.8813
vn 0.0001 -1.0000 -0.0023
vn -0.0028 -0.4698 0.8828
vn 0.0016 0.5209 0.8536
vn -0.2624 0.4480 -0.8546
vn -0.5000 0.8660 -0.0000
vn 0.2367 -0.4073 -0.8821
vn 0.5000 -0.8660 -0.0000
vn 0.2334 -0.4092 0.8821
vn -0.2575 0.4507 0.8547
vn -0.4525 0.2584 -0.8535
vn -0.8665 0.4991 -0.0040
vn 0.4134 -0.2353 -0.8796
vn 0.8659 -0.5002 0.0024
vn 0.4030 -0.2355 0.8844
vn -0.4477 0.2614 0.8551
vn -0.5135 -0.0007 -0.8581
vn -0.3956 -0.2465 -0.8847
vn 0.4984 0.2545 -0.8288
vn 0.0849 0.3328 0.9392
vn -0.0006 -1.0000 -0.0034
vn 0.4998 -0.8661 0.0002
vn -0.3956 0.2979 -0.8688
vn -0.8662 0.4997 -0.0025
vn -0.4669 -0.0194 0.8841
vn 1.0000 0.0008 0.0069
vn -0.4105 -0.2370 -0.8805
vn -1.0000 0.0001 -0.0039
vn -0.4060 -0.2344 0.8833
vn 0.5258 -0.0169 0.8504
vn 0.5009 0.8655 0.0067
vn 0.0001 -1.0000 -0.0022
vn 0.8659 -0.5002 0.0025
vn -0.4477 0.2613 0.8551
vn -0.5134 -0.0007 -0.8581
vn 0.4354 0.0008 0.9002
vn 0.8661 0.4999 0.0044
vn 0.0850 0.3326 0.9392
vn 0.1090 0.5616 -0.8202
vn -0.1225 0.3588 0.9253
vn -0.1020 -0.6013 0.7925
vn -0.1769 0.5024 -0.8463
vn -0.3955 0.2982 -0.8687
vn 0.4397 -0.3191 0.8395
vn 0.8664 -0.4994 0.0040
vn 0.4594 -0.1979 -0.8659
vn 0.9991 0.0407 0.0070
vn 0.4981 0.0190 -0.8669
vn -0.4963 -0.0175 -0.8680
vn -0.9994 -0.0340 -0.0043
vn -0.4913 -0.0168 0.8708
vn 0.5038 0.0213 0.8636
vn -0.4999 -0.8661 -0.0040
vn 0.5057 0.0007 -0.8627
vn 0.4984 0.2545 -0.8287
vn 0.8663 -0.4995 0.0039
vn 0.0004 -0.4724 -0.8814
vn -0.0028 -0.4699 0.8827
vn 0.5000 -0.8660 -0.0001
vn -0.4477 0.2613 0.8552
vn 0.5058 0.0006 -0.8627
vn -0.5032 -0.2738 0.8196
vn -0.1393 -0.3899 -0.9103
vn -1.0000 -0.0000 -0.0040
vn 0.4539 0.2620 0.8517
vn 0.2622 0.4526 0.8523
vn 0.8659 -0.5002 0.0026
vn -0.2625 0.4480 -0.8546
vn 0.5000 -0.8660 0.0001
vn 0.8659 0.5003 0.0044
vn -0.5286 0.0010 0.8489
vn -0.2964 0.3014 0.9063
vn -0.8665 0.4991 -0.0041
vn 0.8659 -0.5002 0.0023
vn -0.1225 0.3588 0.9254
vn 0.4587 -0.1990 -0.8660
vn 0.4396 -0.3192 0.8396
vn 0.5159 0.0163 -0.8565
vn 0.5257 -0.0172 0.8505
vn 1.0000 0.0008 0.0067
vn 0.8660 0.4999 0.0078
vn -0.4999 -0.8661 -0.0038
vn 0.0010 1.0000 0.0039
vn 0.0004 -0.4725 -0.8814
vn -0.5002 0.8659 -0.0008
vn -0.4061 -0.2345 0.8832
vn 1.0000 0.0007 0.0068
vn -0.2369 -0.4100 -0.8808
vn -0.5002 0.8659 -0.0006
vn 0.4332 -0.2729 -0.8590
vn 0.7610 -0.6487 -0.0043
vn -0.3142 0.4097 -0.8564
vn -0.7091 0.7051 -0.0022
vn -0.3609 0.2611 0.8953
vn 0.3908 -0.4263 0.8158
vn 0.9790 -0.2038 -0.0029
vn 0.5887 -0.0813 -0.8043
vn 0.5276 0.4050 -0.7467
vn 0.8517 0.5170 0.0855
vn -0.8660 -0.5000 -0.0047
vn -0.3711 0.1257 0.9201
vn 0.5842 -0.1623 0.7952
vn 0.5120 0.2321 0.8270
vn -0.3441 -0.2294 0.9105
vn -0.9231 0.3827 -0.0379
vn -0.9321 -0.3536 -0.0784
vn -0.3387 0.1706 -0.9253
vn -0.3246 -0.0207 -0.9456
vn 0.3700 0.4152 0.8311
vn 0.4826 0.8676 0.1202
vn 0.2321 0.9671 0.1041
vn 0.2956 0.3867 0.8735
vn -0.1955 -0.5147 0.8348
vn -0.1169 -0.6684 0.7346
vn -0.5737 -0.8168 -0.0602
vn -0.3691 -0.9281 -0.0495
vn -0.3345 -0.1577 -0.9291
vn -0.3741 -0.3393 -0.8631
vn 0.2377 0.7238 -0.6478
vn -0.0611 0.7588 -0.6485
vn 0.5067 -0.0017 0.8621
vn 0.9989 0.0462 -0.0118
vn 0.4938 0.0464 -0.8683
vn -0.5057 -0.0023 -0.8627
vn -0.9986 -0.0515 0.0095
vn -0.4933 -0.0505 0.8684
vn 0.9881 0.1229 -0.0920
vn 0.4843 0.1169 -0.8671
vn 0.5379 0.0014 0.8430
vn -0.4852 -0.1277 0.8650
vn -0.9866 -0.1328 0.0946
vn -0.5420 -0.0098 -0.8403
vn 0.9685 0.1876 -0.1640
vn 0.4427 0.1566 -0.8829
vn 0.9359 0.2877 -0.2032
vn 0.3608 0.2350 -0.9026
vn 0.5641 0.0242 0.8253
vn 0.6033 0.0454 0.7963
vn -0.4641 -0.1683 0.8696
vn -0.4104 -0.2447 0.8785
vn -0.9625 -0.1953 0.1884
vn -0.9221 -0.2911 0.2549
vn -0.5734 -0.0333 -0.8186
vn -0.6057 -0.0492 -0.7941
vn 0.2733 0.8950 0.3526
vn -0.5049 0.8256 -0.2520
vn -0.2451 0.8188 -0.5192
vn 0.5105 0.8528 0.1100
vn 0.7929 0.0470 0.6075
vn 0.7642 -0.0007 0.6450
vn 0.5005 -0.8370 0.2211
vn 0.2382 -0.8331 0.4992
vn -0.2360 -0.9030 -0.3590
vn -0.4873 -0.8665 -0.1080
vn -0.7793 -0.0841 -0.6210
vn -0.7663 -0.0502 -0.6405
vn -0.1547 0.4478 0.8807
vn -0.2193 0.3206 0.9215
vn 0.6487 0.0713 0.7577
vn 0.6598 0.1149 0.7426
vn -0.9241 0.3680 0.1035
vn 0.9334 -0.2911 -0.2098
vn 0.9259 -0.3591 -0.1171
vn 0.2804 -0.3420 -0.8969
vn 0.1644 -0.4524 -0.8766
vn -0.6480 -0.0714 -0.7583
vn -0.6828 -0.0869 -0.7254
vn -0.9529 0.2664 0.1450
vn -0.7530 -0.0242 -0.6576
vn -0.0515 0.6874 -0.7245
vn -0.6960 -0.7142 0.0742
vn 0.0345 -0.6940 0.7191
vn 0.7394 -0.0072 0.6732
vn 0.7059 0.7056 -0.0621
vn 0.8201 0.5506 -0.1558
vn 0.7229 0.0028 0.6909
vn 0.6968 0.0224 0.7169
vn 0.8770 0.4421 -0.1883
vn -0.0989 -0.5375 0.8375
vn -0.2100 -0.4199 0.8829
vn -0.8085 -0.5580 0.1871
vn -0.8588 -0.4516 0.2418
vn -0.7277 -0.0084 -0.6859
vn -0.6882 -0.0155 -0.7254
vn 0.0720 0.5335 -0.8427
vn 0.1621 0.4103 -0.8974
vn -0.7294 0.6837 -0.0236
vn -0.7728 -0.1354 -0.6200
vn -0.0296 -0.8088 -0.5873
vn 0.7133 -0.7008 -0.0074
vn 0.7834 0.1250 0.6088
vn 0.0703 0.8026 0.5924
vn 0.6945 0.1316 0.7074
vn -0.1399 0.5382 0.8311
vn 0.2365 -0.5407 -0.8073
vn 0.8618 -0.4571 -0.2200
vn -0.6655 -0.1458 -0.7320
vn -0.8917 0.4346 0.1268
vn -0.0265 0.7213 0.6921
vn -0.8102 0.5836 0.0549
vn 0.7496 0.1676 0.6403
vn 0.7935 -0.5981 -0.1120
vn 0.0962 -0.7188 -0.6885
vn -0.7348 -0.1702 -0.6566
vt 0.424562 0.338325
vt 0.424562 0.348349
vt 0.418241 0.348349
vt 0.418241 0.338325
vt 0.411742 0.348349
vt 0.411742 0.338325
vt 0.405225 0.348349
vt 0.405225 0.338325
vt 0.398765 0.348349
vt 0.398765 0.338325
vt 0.392327 0.348348
vt 0.392327 0.338325
vt 0.385874 0.348349
vt 0.385874 0.338325
vt 0.392327 0.303944
vt 0.392327 0.318884
vt 0.385874 0.318884
vt 0.385874 0.303945
vt 0.424562 0.303945
vt 0.424562 0.318884
vt 0.418241 0.318883
vt 0.418242 0.303945
vt 0.411742 0.318883
vt 0.411742 0.303944
vt 0.405225 0.318883
vt 0.405225 0.303944
vt 0.398765 0.318883
vt 0.398765 0.303944
vt 0.385874 0.328236
vt 0.392327 0.328236
vt 0.398765 0.328236
vt 0.405225 0.328236
vt 0.411742 0.328236
vt 0.418241 0.328236
vt 0.424562 0.328236
vt 0.418241 0.419404
vt 0.418241 0.406582
vt 0.424562 0.406582
vt 0.424562 0.419405
vt 0.398765 0.394467
vt 0.398765 0.384709
vt 0.405225 0.384709
vt 0.405225 0.394467
vt 0.411742 0.384709
vt 0.411742 0.394467
vt 0.418241 0.384709
vt 0.418241 0.394467
vt 0.385874 0.439166
vt 0.385874 0.428280
vt 0.392327 0.428281
vt 0.392327 0.439166
vt 0.424562 0.384709
vt 0.424562 0.394467
vt 0.418241 0.428280
vt 0.424562 0.428280
vt 0.411742 0.428281
vt 0.411742 0.419404
vt 0.405225 0.428281
vt 0.405225 0.419404
vt 0.398765 0.428281
vt 0.398765 0.419404
vt 0.392327 0.419404
vt 0.385874 0.419405
vt 0.398765 0.406582
vt 0.405225 0.406582
vt 0.392327 0.406582
vt 0.385874 0.406582
vt 0.392327 0.394467
vt 0.392327 0.384709
vt 0.411742 0.406582
vt 0.411742 0.364739
vt 0.411742 0.374232
vt 0.405225 0.374232
vt 0.405225 0.364739
vt 0.398765 0.374232
vt 0.398765 0.364739
vt 0.392327 0.374232
vt 0.392327 0.364739
vt 0.385874 0.374232
vt 0.385874 0.364739
vt 0.424562 0.364739
vt 0.424562 0.374232
vt 0.418241 0.374232
vt 0.418241 0.364739
vt 0.385874 0.384709
vt 0.418241 0.354577
vt 0.411742 0.354577
vt 0.424562 0.354577
vt 0.392327 0.354577
vt 0.385874 0.354577
vt 0.398765 0.354577
vt 0.405225 0.354577
vt 0.424562 0.439166
vt 0.424562 0.450912
vt 0.418241 0.450912
vt 0.418241 0.439166
vt 0.411742 0.450912
vt 0.411742 0.439166
vt 0.405225 0.450913
vt 0.405225 0.439166
vt 0.398765 0.450912
vt 0.398765 0.439166
vt 0.392327 0.450912
vt 0.385874 0.450912
vt 0.398765 0.291954
vt 0.392327 0.291954
vt 0.405225 0.291954
vt 0.411742 0.291954
vt 0.418241 0.291954
vt 0.424562 0.291954
vt 0.385874 0.291954
vt 0.418241 0.471543
vt 0.411742 0.471543
vt 0.424562 0.471543
vt 0.392327 0.471543
vt 0.385874 0.471543
vt 0.398765 0.471543
vt 0.405225 0.471543
vt 0.385874 0.394467
vt 0.392327 0.280368
vt 0.398765 0.280368
vt 0.405225 0.280368
vt 0.411742 0.280368
vt 0.418241 0.280368
vt 0.424562 0.280368
vt 0.385874 0.280368
vt 0.411742 0.277043
vt 0.418242 0.277043
vt 0.385874 0.277043
vt 0.392327 0.277043
vt 0.405225 0.278033
vt 0.398765 0.278033
vt 0.424562 0.277043
vt 0.398765 0.276152
vt 0.405225 0.276179
vt 0.418242 0.480525
vt 0.411742 0.480525
vt 0.424562 0.480525
vt 0.392327 0.480525
vt 0.385874 0.480525
vt 0.398765 0.480525
vt 0.405225 0.480525
vt 0.272252 0.638164
vt 0.324023 0.638164
vt 0.324023 0.644085
vt 0.272252 0.644085
vt 0.607577 0.190731
vt 0.557749 0.190731
vt 0.557749 0.002526
vt 0.607577 0.002526
vt 0.658448 0.573826
vt 0.658448 0.504816
vt 0.671719 0.504816
vt 0.671719 0.573826
vt 0.337155 0.638164
vt 0.337155 0.644085
vt 0.221458 0.190731
vt 0.171681 0.190731
vt 0.171681 0.002526
vt 0.221458 0.002526
vt 0.069091 0.573826
vt 0.069091 0.504816
vt 0.118565 0.504816
vt 0.118565 0.573826
vt 0.402066 0.638164
vt 0.452596 0.638164
vt 0.452597 0.644085
vt 0.402066 0.644085
vt 0.338124 0.190731
vt 0.325255 0.190731
vt 0.325255 0.002526
vt 0.338123 0.002526
vt 0.170053 0.504816
vt 0.170053 0.573826
vt 0.015339 0.638164
vt 0.066327 0.638164
vt 0.066327 0.644085
vt 0.015339 0.644085
vt 0.503385 0.190731
vt 0.503385 0.002526
vt 0.221808 0.504816
vt 0.221808 0.573826
vt 0.221799 0.638164
vt 0.221799 0.644085
vt 0.673315 0.190731
vt 0.660346 0.190731
vt 0.660346 0.002526
vt 0.673315 0.002526
vt 0.273504 0.504816
vt 0.273504 0.573826
vt 0.433690 0.427286
vt 0.430827 0.427286
vt 0.430827 0.421155
vt 0.433689 0.421155
vt 0.325289 0.573826
vt 0.325289 0.504816
vt 0.337456 0.504816
vt 0.337456 0.573826
vt 0.170873 0.638164
vt 0.170872 0.644085
vt 0.273607 0.190731
vt 0.273607 0.002526
vt 0.350862 0.573826
vt 0.350862 0.504816
vt 0.400247 0.504816
vt 0.400247 0.573826
vt 0.556225 0.638164
vt 0.608210 0.638164
vt 0.608210 0.644085
vt 0.556224 0.644085
vt 0.453744 0.190731
vt 0.453744 0.002526
vt 0.451943 0.504816
vt 0.451943 0.573826
vt 0.117999 0.638164
vt 0.117999 0.644085
vt 0.002526 0.192962
vt 0.015610 0.192962
vt 0.015610 0.199649
vt 0.002526 0.199649
vt 0.503697 0.504816
vt 0.503697 0.573826
vt 0.504934 0.638164
vt 0.504934 0.644085
vt 0.555185 0.504816
vt 0.555185 0.573826
vt 0.607511 0.504816
vt 0.607511 0.573826
vt 0.002526 0.638164
vt 0.002526 0.644085
vt 0.338124 0.192962
vt 0.350211 0.192962
vt 0.350211 0.199649
vt 0.338124 0.199649
vt 0.015888 0.573826
vt 0.015888 0.504816
vt 0.118031 0.271099
vt 0.118031 0.207555
vt 0.171681 0.207555
vt 0.171681 0.271099
vt 0.015610 0.271099
vt 0.015610 0.207555
vt 0.068021 0.207555
vt 0.068021 0.271099
vt 0.221458 0.207555
vt 0.221458 0.271099
vt 0.273607 0.207555
vt 0.273607 0.271099
vt 0.273607 0.192962
vt 0.325255 0.192962
vt 0.325255 0.199649
vt 0.273607 0.199649
vt 0.402012 0.190731
vt 0.350211 0.190731
vt 0.350211 0.002526
vt 0.402012 0.002526
vt 0.453744 0.271099
vt 0.453744 0.207518
vt 0.503385 0.207518
vt 0.503385 0.271099
vt 0.350211 0.271099
vt 0.350211 0.207518
vt 0.402012 0.207518
vt 0.402012 0.271099
vt 0.557749 0.207518
vt 0.557749 0.271099
vt 0.607577 0.207518
vt 0.607577 0.271099
vt 0.607577 0.192962
vt 0.660346 0.192962
vt 0.660346 0.199649
vt 0.607577 0.199649
vt 0.118032 0.190731
vt 0.118032 0.002526
vt 0.114332 0.387958
vt 0.196180 0.306110
vt 0.220131 0.347595
vt 0.144290 0.276152
vt 0.084374 0.276152
vt 0.032484 0.306110
vt 0.002526 0.357999
vt 0.002526 0.417916
vt 0.002526 0.404165
vt 0.032484 0.469805
vt 0.008305 0.427925
vt 0.084374 0.499763
vt 0.144290 0.499763
vt 0.196180 0.469805
vt 0.226138 0.417916
vt 0.226138 0.370493
vt 0.068021 0.192962
vt 0.118031 0.192962
vt 0.118031 0.199649
vt 0.068021 0.199649
vt 0.170873 0.635494
vt 0.117999 0.635494
vt 0.117999 0.630840
vt 0.170873 0.630840
vt 0.557749 0.192962
vt 0.557749 0.199649
vt 0.503385 0.192962
vt 0.503385 0.199649
vt 0.453744 0.192962
vt 0.453744 0.199649
vt 0.402012 0.192962
vt 0.402012 0.199649
vt 0.067110 0.689890
vt 0.119208 0.689891
vt 0.119208 0.707062
vt 0.067110 0.707062
vt 0.221458 0.192962
vt 0.221458 0.199649
vt 0.171681 0.192962
vt 0.171681 0.199649
vt 0.221799 0.635494
vt 0.221799 0.630840
vt 0.066327 0.635494
vt 0.066327 0.630840
vt 0.272252 0.635494
vt 0.272252 0.630840
vt 0.272252 0.628372
vt 0.272252 0.578878
vt 0.324023 0.578878
vt 0.324023 0.628372
vt 0.337155 0.628372
vt 0.337155 0.578878
vt 0.349539 0.578878
vt 0.349539 0.628372
vt 0.452596 0.635494
vt 0.402066 0.635494
vt 0.402066 0.630840
vt 0.452596 0.630840
vt 0.504934 0.635494
vt 0.504934 0.630840
vt 0.556225 0.635494
vt 0.556225 0.630840
vt 0.608210 0.635494
vt 0.608210 0.630840
vt 0.608210 0.628372
vt 0.608210 0.578878
vt 0.659123 0.578879
vt 0.659123 0.628372
vt 0.002526 0.628372
vt 0.002526 0.578879
vt 0.015339 0.578879
vt 0.015339 0.628372
vt 0.556295 0.689891
vt 0.607587 0.689891
vt 0.607587 0.707062
vt 0.556295 0.707062
vt 0.647076 0.712731
vt 0.607587 0.712731
vt 0.607587 0.709087
vt 0.647075 0.709087
vt 0.647075 0.689891
vt 0.659022 0.689891
vt 0.659022 0.707062
vt 0.647075 0.707062
vt 0.451534 0.671714
vt 0.502100 0.671714
vt 0.502100 0.655614
vt 0.451534 0.655614
vt 0.553806 0.649138
vt 0.502100 0.649138
vt 0.502100 0.653149
vt 0.553806 0.653149
vt 0.505285 0.689891
vt 0.505285 0.707062
vt 0.451534 0.675508
vt 0.502100 0.675508
vt 0.502100 0.674453
vt 0.451534 0.674453
vt 0.470377 0.417036
vt 0.470233 0.345244
vt 0.482856 0.345244
vt 0.482856 0.417036
vt 0.015901 0.689891
vt 0.015901 0.707062
vt 0.505285 0.684081
vt 0.556295 0.684080
vt 0.556295 0.687978
vt 0.505285 0.687978
vt 0.453587 0.684080
vt 0.453587 0.687978
vt 0.336858 0.689891
vt 0.350573 0.689891
vt 0.350573 0.707062
vt 0.336858 0.707062
vt 0.553806 0.671714
vt 0.553806 0.655614
vt 0.658090 0.671714
vt 0.671458 0.671714
vt 0.671458 0.655614
vt 0.658090 0.655614
vt 0.453587 0.689891
vt 0.453587 0.707062
vt 0.348996 0.671714
vt 0.399209 0.671714
vt 0.399209 0.655614
vt 0.348996 0.655614
vt 0.553806 0.675508
vt 0.553806 0.674453
vt 0.014301 0.674454
vt 0.066598 0.674454
vt 0.066598 0.673423
vt 0.014301 0.673423
vt 0.402195 0.712731
vt 0.350573 0.712731
vt 0.350573 0.709087
vt 0.402195 0.709087
vt 0.118492 0.655614
vt 0.066598 0.655614
vt 0.066598 0.671714
vt 0.118492 0.671714
vt 0.482994 0.334215
vt 0.488663 0.332849
vt 0.494949 0.345244
vt 0.014301 0.649138
vt 0.002526 0.649138
vt 0.002526 0.653149
vt 0.014301 0.653149
vt 0.066598 0.675508
vt 0.118492 0.675508
vt 0.118492 0.674454
vt 0.402195 0.689891
vt 0.402195 0.707062
vt 0.349539 0.635494
vt 0.337155 0.635494
vt 0.337155 0.630840
vt 0.349539 0.630840
vt 0.604553 0.675508
vt 0.604553 0.674453
vt 0.350573 0.684081
vt 0.402195 0.684080
vt 0.402195 0.687978
vt 0.350573 0.687978
vt 0.168134 0.671714
vt 0.168134 0.655614
vt 0.324023 0.635494
vt 0.324023 0.630840
vt 0.325255 0.207555
vt 0.325255 0.271099
vt 0.068022 0.190731
vt 0.015610 0.190731
vt 0.015610 0.002526
vt 0.068022 0.002526
vt 0.604553 0.655614
vt 0.604553 0.671714
vt 0.482994 0.308888
vt 0.487239 0.308724
vt 0.487239 0.316809
vt 0.482994 0.316830
vt 0.659123 0.635494
vt 0.659123 0.630840
vt 0.660346 0.207518
vt 0.660346 0.271099
vt 0.002526 0.190731
vt 0.002526 0.002526
vt 0.168134 0.675508
vt 0.168134 0.674454
vt 0.170574 0.689891
vt 0.170574 0.707062
vt 0.015339 0.635494
vt 0.002526 0.635494
vt 0.002526 0.630840
vt 0.015339 0.630840
vt 0.673315 0.192962
vt 0.673315 0.199649
vt 0.002526 0.573826
vt 0.002526 0.504816
vt 0.429615 0.416102
vt 0.429615 0.344513
vt 0.431024 0.344513
vt 0.431295 0.416102
vt 0.671458 0.649138
vt 0.658090 0.649138
vt 0.658090 0.653149
vt 0.671458 0.653149
vt 0.348996 0.674454
vt 0.399209 0.674453
vt 0.399209 0.673423
vt 0.348996 0.673423
vt 0.014301 0.671714
vt 0.014301 0.655614
vt 0.002526 0.655614
vt 0.002526 0.671714
vt 0.494789 0.417036
vt 0.066598 0.649138
vt 0.066598 0.653149
vt 0.348996 0.649138
vt 0.338383 0.649138
vt 0.338383 0.653149
vt 0.348996 0.653149
vt 0.451534 0.649138
vt 0.451534 0.653149
vt 0.221330 0.671714
vt 0.221330 0.655614
vt 0.067110 0.684080
vt 0.119208 0.684080
vt 0.119208 0.687978
vt 0.067110 0.687978
vt 0.119208 0.712731
vt 0.067110 0.712731
vt 0.067110 0.709087
vt 0.119208 0.709087
vt 0.170574 0.684080
vt 0.170574 0.687978
vt 0.222129 0.684080
vt 0.222129 0.687978
vt 0.273915 0.684080
vt 0.273915 0.687978
vt 0.336858 0.684081
vt 0.336858 0.687978
vt 0.453587 0.712731
vt 0.453587 0.709087
vt 0.505285 0.712731
vt 0.505285 0.709087
vt 0.556295 0.712731
vt 0.556295 0.709087
vt 0.607587 0.684080
vt 0.607587 0.687978
vt 0.659022 0.712731
vt 0.659022 0.709087
vt 0.658090 0.674454
vt 0.658090 0.673423
vt 0.604553 0.673423
vt 0.336858 0.712731
vt 0.324817 0.712731
vt 0.324817 0.709087
vt 0.336858 0.709087
vt 0.461690 0.344513
vt 0.461690 0.416102
vt 0.459850 0.416102
vt 0.460293 0.344513
vt 0.324817 0.684081
vt 0.324817 0.687978
vt 0.324023 0.649138
vt 0.272803 0.649138
vt 0.272803 0.653149
vt 0.324023 0.653149
vt 0.647076 0.684081
vt 0.647075 0.687978
vt 0.118492 0.649138
vt 0.118492 0.653149
vt 0.015901 0.712731
vt 0.002526 0.712731
vt 0.002526 0.709087
vt 0.015901 0.709087
vt 0.441264 0.309407
vt 0.447019 0.309407
vt 0.447019 0.316005
vt 0.441264 0.315949
vt 0.659022 0.684081
vt 0.659022 0.687978
vt 0.399209 0.675508
vt 0.440872 0.331955
vt 0.447018 0.333390
vt 0.446939 0.344513
vt 0.433022 0.344513
vt 0.399209 0.649138
vt 0.399209 0.653149
vt 0.170574 0.712731
vt 0.170574 0.709087
vt 0.338383 0.674454
vt 0.338383 0.673423
vt 0.002526 0.684080
vt 0.015901 0.684080
vt 0.015901 0.687978
vt 0.002526 0.687978
vt 0.338383 0.655614
vt 0.324023 0.655614
vt 0.324023 0.671714
vt 0.338383 0.671714
vt 0.222129 0.689890
vt 0.222129 0.707062
vt 0.222129 0.712731
vt 0.222129 0.709087
vt 0.272803 0.671714
vt 0.272803 0.655614
vt 0.273915 0.689891
vt 0.273915 0.707062
vt 0.432895 0.416102
vt 0.446939 0.416102
vt 0.273915 0.712731
vt 0.273915 0.709087
vt 0.221330 0.675508
vt 0.272803 0.675508
vt 0.272803 0.674453
vt 0.221330 0.674454
vt 0.324817 0.689891
vt 0.324817 0.707062
vt 0.168134 0.649138
vt 0.168134 0.653149
vt 0.433689 0.437257
vt 0.430827 0.437257
vt 0.450874 0.316772
vt 0.450873 0.323541
vt 0.447018 0.322332
vt 0.447019 0.316648
vt 0.268533 0.434805
vt 0.268533 0.432050
vt 0.276390 0.432050
vt 0.276390 0.434805
vt 0.453934 0.318051
vt 0.457033 0.326802
vt 0.453638 0.327439
vt 0.487239 0.324324
vt 0.487239 0.317556
vt 0.490097 0.318761
vt 0.439754 0.327443
vt 0.434902 0.326422
vt 0.348996 0.679028
vt 0.348996 0.675508
vt 0.441264 0.316682
vt 0.441264 0.323876
vt 0.438422 0.317939
vt 0.450750 0.332066
vt 0.458318 0.344513
vt 0.487239 0.300467
vt 0.498428 0.309465
vt 0.477028 0.332851
vt 0.489294 0.328165
vt 0.493342 0.327261
vt 0.476009 0.328092
vt 0.472018 0.327168
vt 0.450874 0.300642
vt 0.450874 0.309407
vt 0.447019 0.302035
vt 0.478465 0.317535
vt 0.478465 0.324247
vt 0.475375 0.318729
vt 0.433690 0.446869
vt 0.430827 0.446869
vt 0.433530 0.326147
vt 0.429615 0.325835
vt 0.429615 0.309407
vt 0.437668 0.317107
vt 0.470639 0.326933
vt 0.466743 0.326670
vt 0.466743 0.309548
vt 0.474621 0.317867
vt 0.433689 0.492069
vt 0.430827 0.492069
vt 0.430828 0.483450
vt 0.433690 0.483450
vt 0.478465 0.308728
vt 0.478465 0.316801
vt 0.231191 0.434805
vt 0.231191 0.432050
vt 0.239809 0.432050
vt 0.239809 0.434805
vt 0.468226 0.345244
vt 0.466743 0.345244
vt 0.450874 0.315983
vt 0.249907 0.434805
vt 0.249907 0.432050
vt 0.259180 0.432050
vt 0.259180 0.434805
vt 0.498428 0.345244
vt 0.496949 0.345244
vt 0.494719 0.327045
vt 0.498428 0.326802
vt 0.671458 0.674454
vt 0.671458 0.673423
vt 0.286003 0.434805
vt 0.286003 0.432050
vt 0.295973 0.432050
vt 0.295973 0.434805
vt 0.002526 0.674454
vt 0.002526 0.673423
vt 0.324023 0.674454
vt 0.324023 0.673423
vt 0.482994 0.317445
vt 0.482994 0.323040
vt 0.458431 0.326583
vt 0.461690 0.326338
vt 0.430827 0.473352
vt 0.433689 0.473352
vt 0.489345 0.296505
vt 0.498428 0.296505
vt 0.450707 0.290838
vt 0.447019 0.289344
vt 0.446939 0.276152
vt 0.461690 0.276152
vt 0.441264 0.300325
vt 0.440685 0.290989
vt 0.439457 0.296630
vt 0.429615 0.296630
vt 0.429615 0.276152
vt 0.433690 0.464080
vt 0.430827 0.464080
vt 0.430827 0.454726
vt 0.433690 0.454726
vt 0.461690 0.309407
vt 0.453893 0.296630
vt 0.461690 0.296630
vt 0.482994 0.301930
vt 0.477003 0.290754
vt 0.475879 0.296505
vt 0.466743 0.296505
vt 0.466743 0.276152
vt 0.478465 0.300558
vt 0.454715 0.317046
vt 0.014301 0.679028
vt 0.014301 0.676306
vt 0.451534 0.673423
vt 0.458242 0.416102
vt 0.272803 0.673423
vt 0.168134 0.673423
vt 0.118492 0.673423
vt 0.221330 0.649138
vt 0.221330 0.653149
vt 0.553806 0.673423
vt 0.502100 0.673423
vt 0.658090 0.679028
vt 0.658090 0.675508
vt 0.498428 0.417036
vt 0.496409 0.417036
vt 0.221330 0.673423
vt 0.066327 0.578878
vt 0.066327 0.628372
vt 0.117999 0.578878
vt 0.117999 0.628372
vt 0.170872 0.578878
vt 0.170872 0.628372
vt 0.221799 0.578878
vt 0.221799 0.628372
vt 0.402066 0.578878
vt 0.402066 0.628372
vt 0.452597 0.578878
vt 0.452596 0.628372
vt 0.504934 0.578878
vt 0.504934 0.628372
vt 0.556224 0.578878
vt 0.556224 0.628372
vt 0.672426 0.578879
vt 0.672426 0.628372
vt 0.349539 0.638164
vt 0.349539 0.644085
vt 0.306006 0.350967
vt 0.360774 0.405735
vt 0.354930 0.409109
vt 0.326052 0.425782
vt 0.285959 0.425782
vt 0.251237 0.405735
vt 0.231191 0.371013
vt 0.231191 0.330920
vt 0.247220 0.303157
vt 0.251237 0.296198
vt 0.256789 0.292993
vt 0.285959 0.276152
vt 0.326052 0.276152
vt 0.360774 0.296198
vt 0.380821 0.330920
vt 0.380821 0.371013
vt 0.364326 0.399583
vt 0.659123 0.638164
vt 0.659123 0.644085
vt 0.672426 0.638164
vt 0.672426 0.644085
vt 0.002526 0.207555
vt 0.338123 0.207555
vt 0.673315 0.207526
vt 0.672426 0.630840
vt 0.672426 0.635494
vt 0.002526 0.707062
vt 0.002526 0.689890
vt 0.604553 0.649138
vt 0.604553 0.653149
vt 0.226138 0.357999
vt 0.488699 0.290727
vt 0.498428 0.276152
vt 0.490854 0.317840
vt 0.468759 0.417036
vt 0.466743 0.417036
vt 0.302105 0.434805
vt 0.302104 0.436119
vt 0.295973 0.436119
vt 0.435124 0.421155
vt 0.435125 0.427286
vt 0.429615 0.437257
vt 0.429615 0.427286
vt 0.435124 0.483450
vt 0.435124 0.492069
vt 0.239809 0.436119
vt 0.231191 0.436119
vt 0.295973 0.430835
vt 0.302104 0.430835
vt 0.302105 0.432050
vt 0.429615 0.421155
vt 0.429615 0.492069
vt 0.429615 0.483450
vt 0.231191 0.430835
vt 0.239809 0.430835
vt 0.276390 0.436119
vt 0.268533 0.436119
vt 0.435125 0.446869
vt 0.435124 0.454726
vt 0.435125 0.464079
vt 0.259180 0.436119
vt 0.268533 0.430835
vt 0.276390 0.430835
vt 0.429615 0.454726
vt 0.429615 0.446869
vt 0.429615 0.464079
vt 0.259180 0.430835
vt 0.429615 0.473353
vt 0.435124 0.437257
vt 0.249907 0.436119
vt 0.286003 0.430835
vt 0.286003 0.436119
vt 0.249907 0.430835
vt 0.435124 0.473353
vt 0.482994 0.289202
vt 0.482856 0.276152
vt 0.324023 0.675508
vt 0.324023 0.678588
vt 0.831825 0.011433
vt 0.827892 0.011433
vt 0.827892 0.007124
vt 0.831825 0.007124
vt 0.824477 0.011433
vt 0.824477 0.007124
vt 0.824477 0.004416
vt 0.827892 0.004416
vt 0.831825 0.004416
vt 0.831825 0.292254
vt 0.827892 0.292254
vt 0.827892 0.279148
vt 0.831825 0.279148
vt 0.824477 0.292254
vt 0.824477 0.279148
vt 0.824477 0.265765
vt 0.827892 0.265765
vt 0.831825 0.265765
vt 0.831825 0.421475
vt 0.827892 0.421475
vt 0.827892 0.415651
vt 0.831825 0.415651
vt 0.824477 0.421475
vt 0.824477 0.415651
vt 0.824477 0.410344
vt 0.827892 0.410344
vt 0.831825 0.410344
vt 0.831825 0.021021
vt 0.827892 0.021021
vt 0.827892 0.016503
vt 0.831825 0.016503
vt 0.824477 0.021021
vt 0.824477 0.016503
vt 0.831825 0.431140
vt 0.827892 0.431140
vt 0.827892 0.427376
vt 0.831825 0.427376
vt 0.824477 0.431140
vt 0.824477 0.427376
vt 0.831825 0.031731
vt 0.827892 0.031731
vt 0.827892 0.026189
vt 0.831825 0.026189
vt 0.824477 0.031731
vt 0.824477 0.026189
vt 0.831825 0.078883
vt 0.835150 0.078883
vt 0.835150 0.096387
vt 0.831825 0.096387
vt 0.838445 0.078883
vt 0.838445 0.096387
vt 0.838445 0.112625
vt 0.835150 0.112625
vt 0.831825 0.112625
vt 0.831825 0.047478
vt 0.827892 0.047478
vt 0.827892 0.037872
vt 0.831825 0.037872
vt 0.824477 0.047478
vt 0.824477 0.037872
vt 0.831825 0.353634
vt 0.831825 0.337144
vt 0.835150 0.337144
vt 0.835150 0.353634
vt 0.831825 0.320215
vt 0.835150 0.320215
vt 0.838445 0.320215
vt 0.838445 0.337144
vt 0.838445 0.353634
vt 0.827892 0.078883
vt 0.827892 0.061786
vt 0.831825 0.061786
vt 0.824477 0.078883
vt 0.824477 0.061786
vt 0.824477 0.139319
vt 0.824477 0.151683
vt 0.821035 0.151683
vt 0.821035 0.139319
vt 0.824477 0.164674
vt 0.821035 0.164674
vt 0.817900 0.164674
vt 0.817900 0.151683
vt 0.817900 0.139319
vt 0.831825 0.400910
vt 0.831825 0.395856
vt 0.835150 0.395856
vt 0.835150 0.400910
vt 0.831825 0.390281
vt 0.835150 0.390281
vt 0.838445 0.390281
vt 0.838445 0.395856
vt 0.838445 0.400910
vt 0.831825 0.239941
vt 0.835150 0.239941
vt 0.835150 0.251969
vt 0.831825 0.251969
vt 0.838445 0.239941
vt 0.838445 0.251969
vt 0.838445 0.265765
vt 0.835150 0.265765
vt 0.831825 0.376287
vt 0.827892 0.376287
vt 0.827892 0.366593
vt 0.831825 0.366593
vt 0.824477 0.376287
vt 0.824477 0.366593
vt 0.824477 0.353634
vt 0.827892 0.353634
vt 0.831825 0.191139
vt 0.827892 0.191139
vt 0.827892 0.178685
vt 0.831825 0.178685
vt 0.824477 0.191139
vt 0.824477 0.178685
vt 0.827892 0.164674
vt 0.831825 0.164674
vt 0.827892 0.405320
vt 0.831825 0.405320
vt 0.824477 0.405320
vt 0.824477 0.400910
vt 0.827892 0.400910
vt 0.838445 0.011433
vt 0.838445 0.007124
vt 0.841599 0.007124
vt 0.841599 0.011433
vt 0.838445 0.004416
vt 0.841599 0.004416
vt 0.814421 0.007124
vt 0.814421 0.004416
vt 0.817900 0.004416
vt 0.817900 0.007124
vt 0.814421 0.011433
vt 0.817900 0.011433
vt 0.838445 0.421475
vt 0.838445 0.415651
vt 0.841599 0.415651
vt 0.841599 0.421475
vt 0.838445 0.410344
vt 0.841599 0.410344
vt 0.814421 0.415651
vt 0.814421 0.410344
vt 0.817900 0.410344
vt 0.817900 0.415651
vt 0.814421 0.421475
vt 0.817900 0.421475
vt 0.838445 0.021021
vt 0.838445 0.016503
vt 0.841599 0.016503
vt 0.841599 0.021021
vt 0.814421 0.016503
vt 0.817900 0.016503
vt 0.814421 0.021021
vt 0.817900 0.021021
vt 0.838445 0.431140
vt 0.838445 0.427376
vt 0.841599 0.427376
vt 0.841599 0.431140
vt 0.814421 0.427376
vt 0.817900 0.427376
vt 0.814421 0.431140
vt 0.817900 0.431140
vt 0.838445 0.031731
vt 0.838445 0.026189
vt 0.841599 0.026189
vt 0.841599 0.031731
vt 0.814421 0.026189
vt 0.817900 0.026189
vt 0.814421 0.031731
vt 0.817900 0.031731
vt 0.841599 0.078883
vt 0.841599 0.096386
vt 0.814421 0.078883
vt 0.817900 0.078883
vt 0.817900 0.096387
vt 0.814421 0.096386
vt 0.817900 0.112625
vt 0.814421 0.112625
vt 0.841599 0.112625
vt 0.838445 0.047478
vt 0.838445 0.037872
vt 0.841599 0.037872
vt 0.841599 0.047478
vt 0.814421 0.037872
vt 0.817900 0.037872
vt 0.814421 0.047478
vt 0.817900 0.047478
vt 0.841599 0.337144
vt 0.841599 0.353634
vt 0.841599 0.320215
vt 0.814421 0.337144
vt 0.814421 0.320215
vt 0.817900 0.320215
vt 0.817900 0.337144
vt 0.814421 0.353634
vt 0.817900 0.353634
vt 0.838445 0.061786
vt 0.841599 0.061786
vt 0.814421 0.061786
vt 0.817900 0.061786
vt 0.841599 0.395856
vt 0.841599 0.400910
vt 0.841599 0.390281
vt 0.814421 0.395856
vt 0.814421 0.390281
vt 0.817900 0.390281
vt 0.817900 0.395856
vt 0.814421 0.400910
vt 0.817900 0.400910
vt 0.841599 0.239941
vt 0.841599 0.251969
vt 0.814421 0.239941
vt 0.817900 0.239941
vt 0.817900 0.251969
vt 0.814421 0.251969
vt 0.817900 0.265765
vt 0.814421 0.265765
vt 0.841599 0.265765
vt 0.824477 0.203399
vt 0.827892 0.203399
vt 0.827892 0.207175
vt 0.824477 0.207175
vt 0.831825 0.203399
vt 0.831825 0.207175
vt 0.831825 0.210373
vt 0.827892 0.210373
vt 0.824477 0.210373
vt 0.838445 0.405320
vt 0.841599 0.405320
vt 0.814421 0.405320
vt 0.817900 0.405320
vt 0.821035 0.061786
vt 0.821035 0.047478
vt 0.821035 0.078883
vt 0.835150 0.405320
vt 0.835150 0.410344
vt 0.824477 0.390281
vt 0.824477 0.395856
vt 0.821035 0.395856
vt 0.821035 0.390281
vt 0.821035 0.400910
vt 0.835150 0.415651
vt 0.835150 0.421475
vt 0.838445 0.376287
vt 0.838445 0.366593
vt 0.841599 0.366594
vt 0.841599 0.376287
vt 0.814421 0.366594
vt 0.817900 0.366593
vt 0.814421 0.376287
vt 0.817900 0.376287
vt 0.835150 0.427376
vt 0.835150 0.431140
vt 0.821035 0.405320
vt 0.821035 0.410344
vt 0.827892 0.151683
vt 0.831825 0.151683
vt 0.827892 0.139319
vt 0.831825 0.139319
vt 0.821035 0.415651
vt 0.821035 0.421475
vt 0.827892 0.337144
vt 0.824477 0.337144
vt 0.824477 0.320215
vt 0.827892 0.320215
vt 0.821035 0.427376
vt 0.821035 0.431140
vt 0.827892 0.096387
vt 0.827892 0.112625
vt 0.824477 0.112625
vt 0.824477 0.096387
vt 0.827892 0.433582
vt 0.841599 0.433582
vt 0.814421 0.433582
vt 0.821035 0.112625
vt 0.821035 0.096387
vt 0.827892 0.251969
vt 0.827892 0.239941
vt 0.824477 0.251969
vt 0.824477 0.239941
vt 0.835150 0.007124
vt 0.835150 0.011433
vt 0.835150 0.004416
vt 0.821035 0.337144
vt 0.821035 0.320215
vt 0.821035 0.353634
vt 0.821035 0.178685
vt 0.821035 0.191139
vt 0.817900 0.191139
vt 0.817900 0.178685
vt 0.835150 0.016503
vt 0.835150 0.021021
vt 0.838445 0.164674
vt 0.838445 0.151683
vt 0.841599 0.151683
vt 0.841599 0.164674
vt 0.838445 0.139319
vt 0.841599 0.139319
vt 0.814421 0.151683
vt 0.814421 0.139319
vt 0.814421 0.164674
vt 0.821035 0.279148
vt 0.821035 0.265765
vt 0.821035 0.292254
vt 0.817900 0.292254
vt 0.817900 0.279148
vt 0.835150 0.026189
vt 0.835150 0.031731
vt 0.821035 0.251969
vt 0.821035 0.239941
vt 0.821035 0.007124
vt 0.821035 0.004416
vt 0.821035 0.011433
vt 0.835150 0.037872
vt 0.835150 0.047478
vt 0.838445 0.191139
vt 0.838445 0.178685
vt 0.841599 0.178685
vt 0.841599 0.191139
vt 0.814421 0.178685
vt 0.814421 0.191139
vt 0.821035 0.016503
vt 0.821035 0.021021
vt 0.835150 0.061786
vt 0.838445 0.292254
vt 0.838445 0.279148
vt 0.841599 0.279148
vt 0.841599 0.292254
vt 0.814421 0.279148
vt 0.814421 0.292254
vt 0.821035 0.026189
vt 0.821035 0.031731
vt 0.827892 0.395856
vt 0.827892 0.390281
vt 0.821035 0.037872
vt 0.821035 0.366593
vt 0.821035 0.376287
vt 0.827892 0.002526
vt 0.814421 0.002526
vt 0.841599 0.002526
vt 0.827892 0.126666
vt 0.831825 0.126666
vt 0.824477 0.126666
vt 0.841599 0.126666
vt 0.838445 0.126666
vt 0.817900 0.126666
vt 0.814421 0.126666
vt 0.835150 0.126666
vt 0.835150 0.139319
vt 0.821035 0.126666
vt 0.835150 0.151683
vt 0.835150 0.164674
vt 0.827892 0.305524
vt 0.831825 0.305524
vt 0.824477 0.305524
vt 0.841599 0.305524
vt 0.838445 0.305524
vt 0.817900 0.305524
vt 0.814421 0.305524
vt 0.835150 0.305524
vt 0.835150 0.292254
vt 0.821035 0.305524
vt 0.835150 0.279148
vt 0.827892 0.383872
vt 0.824477 0.383872
vt 0.831825 0.383872
vt 0.814421 0.383872
vt 0.817900 0.383872
vt 0.838445 0.383872
vt 0.841599 0.383872
vt 0.821035 0.383872
vt 0.835150 0.383872
vt 0.835150 0.376287
vt 0.835150 0.366593
vt 0.821035 0.203399
vt 0.821035 0.198815
vt 0.824477 0.198815
vt 0.817900 0.203399
vt 0.817900 0.198815
vt 0.814421 0.203399
vt 0.814421 0.198815
vt 0.841599 0.203399
vt 0.838445 0.203399
vt 0.838445 0.198815
vt 0.841599 0.198816
vt 0.824477 0.227783
vt 0.821035 0.227783
vt 0.821035 0.224194
vt 0.824477 0.224194
vt 0.817900 0.227783
vt 0.817900 0.224194
vt 0.817900 0.221071
vt 0.821035 0.221071
vt 0.824477 0.221071
vt 0.835150 0.178685
vt 0.835150 0.191139
vt 0.835150 0.203399
vt 0.835150 0.198815
vt 0.831825 0.198815
vt 0.838445 0.227783
vt 0.835150 0.227783
vt 0.835150 0.224194
vt 0.838445 0.224194
vt 0.831825 0.227783
vt 0.831825 0.224194
vt 0.831825 0.221071
vt 0.835150 0.221071
vt 0.838445 0.221071
vt 0.827892 0.227783
vt 0.827892 0.232337
vt 0.824477 0.232337
vt 0.831825 0.232337
vt 0.831825 0.215570
vt 0.827892 0.215570
vt 0.827892 0.213079
vt 0.831825 0.213079
vt 0.824477 0.215570
vt 0.824477 0.213079
vt 0.838445 0.215570
vt 0.841599 0.215570
vt 0.841599 0.218231
vt 0.838445 0.218231
vt 0.814421 0.215570
vt 0.817900 0.215570
vt 0.817900 0.218231
vt 0.814421 0.218231
vt 0.814421 0.221071
vt 0.841599 0.221071
vt 0.821035 0.215570
vt 0.821035 0.218231
vt 0.824477 0.218231
vt 0.835150 0.215570
vt 0.835150 0.218231
vt 0.831825 0.218231
vt 0.814421 0.227783
vt 0.814421 0.224194
vt 0.841599 0.227783
vt 0.841599 0.224194
vt 0.835150 0.210373
vt 0.835150 0.213079
vt 0.838445 0.210373
vt 0.838445 0.213079
vt 0.817900 0.210373
vt 0.821035 0.210373
vt 0.821035 0.213079
vt 0.817900 0.213079
vt 0.841599 0.210373
vt 0.841599 0.213079
vt 0.814421 0.210373
vt 0.814421 0.213079
vt 0.827892 0.221071
vt 0.827892 0.218231
vt 0.814421 0.232337
vt 0.817900 0.232337
vt 0.838445 0.232337
vt 0.841599 0.232337
vt 0.827892 0.224194
vt 0.835150 0.232337
vt 0.821035 0.232337
vt 0.835150 0.207175
vt 0.838445 0.207175
vt 0.814421 0.207175
vt 0.817900 0.207175
vt 0.841599 0.207175
vt 0.821035 0.207175
vt 0.827892 0.198815
vt 0.775355 0.048082
vt 0.775355 0.054190
vt 0.770769 0.054190
vt 0.770769 0.048082
vt 0.765802 0.054190
vt 0.765802 0.048082
vt 0.760897 0.054190
vt 0.760897 0.048082
vt 0.756349 0.054190
vt 0.756349 0.048082
vt 0.751440 0.054190
vt 0.751440 0.048082
vt 0.746394 0.054190
vt 0.746394 0.048082
vt 0.751440 0.022543
vt 0.751440 0.030472
vt 0.746395 0.030472
vt 0.746395 0.022543
vt 0.775355 0.022543
vt 0.775355 0.030472
vt 0.770769 0.030472
vt 0.770769 0.022543
vt 0.765802 0.030472
vt 0.765802 0.022543
vt 0.760897 0.030472
vt 0.760897 0.022543
vt 0.756349 0.030472
vt 0.756349 0.022543
vt 0.746394 0.038271
vt 0.751440 0.038270
vt 0.756349 0.038270
vt 0.760897 0.038270
vt 0.765802 0.038271
vt 0.770769 0.038270
vt 0.775355 0.038271
vt 0.770769 0.096495
vt 0.770769 0.088803
vt 0.775355 0.088803
vt 0.775355 0.096495
vt 0.756349 0.080601
vt 0.756349 0.073854
vt 0.760897 0.073854
vt 0.760897 0.080601
vt 0.765802 0.073854
vt 0.765802 0.080601
vt 0.770769 0.073854
vt 0.770769 0.080601
vt 0.746395 0.108017
vt 0.746395 0.101792
vt 0.751440 0.101792
vt 0.751440 0.108017
vt 0.775355 0.073854
vt 0.775355 0.080601
vt 0.770769 0.101792
vt 0.775355 0.101792
vt 0.765802 0.101792
vt 0.765802 0.096495
vt 0.760897 0.101792
vt 0.760897 0.096495
vt 0.756349 0.101792
vt 0.756349 0.096495
vt 0.751440 0.096495
vt 0.746395 0.096495
vt 0.756349 0.088803
vt 0.760897 0.088803
vt 0.751440 0.088803
vt 0.746394 0.088803
vt 0.751440 0.080601
vt 0.751440 0.073854
vt 0.765802 0.088803
vt 0.765802 0.062657
vt 0.765802 0.067738
vt 0.760897 0.067738
vt 0.760897 0.062657
vt 0.756349 0.067738
vt 0.756349 0.062657
vt 0.751440 0.067738
vt 0.751440 0.062657
vt 0.746395 0.067738
vt 0.746395 0.062657
vt 0.775355 0.062657
vt 0.775355 0.067738
vt 0.770769 0.067738
vt 0.770769 0.062657
vt 0.746394 0.073854
vt 0.770769 0.057128
vt 0.765802 0.057128
vt 0.775355 0.057128
vt 0.751440 0.057128
vt 0.746394 0.057128
vt 0.756349 0.057128
vt 0.760897 0.057128
vt 0.775355 0.108017
vt 0.775355 0.114442
vt 0.770769 0.114442
vt 0.770769 0.108017
vt 0.765802 0.114442
vt 0.765802 0.108017
vt 0.760897 0.114442
vt 0.760897 0.108017
vt 0.756349 0.114442
vt 0.756349 0.108017
vt 0.751440 0.114442
vt 0.746395 0.114442
vt 0.756349 0.014333
vt 0.751440 0.014333
vt 0.760897 0.014333
vt 0.765802 0.014333
vt 0.770769 0.014333
vt 0.775355 0.014333
vt 0.746394 0.014333
vt 0.770769 0.125427
vt 0.765802 0.125427
vt 0.775355 0.125427
vt 0.751440 0.125427
vt 0.746394 0.125427
vt 0.756349 0.125427
vt 0.760897 0.125427
vt 0.746395 0.080601
vt 0.751440 0.005930
vt 0.756349 0.005930
vt 0.760897 0.005930
vt 0.765802 0.005930
vt 0.770769 0.005930
vt 0.775355 0.005930
vt 0.746395 0.005930
vt 0.765802 0.004119
vt 0.770769 0.004119
vt 0.746394 0.004119
vt 0.751440 0.004119
vt 0.760897 0.004119
vt 0.756349 0.004119
vt 0.775355 0.004119
vt 0.765629 0.002526
vt 0.770769 0.003011
vt 0.770769 0.129239
vt 0.765802 0.129239
vt 0.775355 0.129239
vt 0.751440 0.129239
vt 0.746395 0.129239
vt 0.756349 0.129239
vt 0.760897 0.129239
vt 0.726839 0.654976
vt 0.721934 0.654976
vt 0.721934 0.641498
vt 0.726839 0.641498
vt 0.716967 0.654976
vt 0.716967 0.641498
vt 0.712381 0.654976
vt 0.712381 0.641497
vt 0.741342 0.654976
vt 0.736296 0.654976
vt 0.736296 0.641498
vt 0.741342 0.641497
vt 0.731387 0.654976
vt 0.731387 0.641498
vt 0.721934 0.627574
vt 0.726839 0.627574
vt 0.716967 0.627574
vt 0.712381 0.627574
vt 0.736296 0.627574
vt 0.741342 0.627574
vt 0.731387 0.627574
vt 0.721934 0.613682
vt 0.726839 0.613682
vt 0.716967 0.613682
vt 0.712381 0.613682
vt 0.736296 0.613682
vt 0.741342 0.613682
vt 0.731387 0.613682
vt 0.721934 0.600287
vt 0.726839 0.600287
vt 0.716967 0.600287
vt 0.712381 0.600287
vt 0.736296 0.600287
vt 0.741342 0.600287
vt 0.731387 0.600287
vt 0.721934 0.587324
vt 0.726839 0.587324
vt 0.716967 0.587324
vt 0.712381 0.587324
vt 0.736296 0.587324
vt 0.741342 0.587324
vt 0.731387 0.587324
vt 0.721934 0.574782
vt 0.726839 0.574782
vt 0.716967 0.574782
vt 0.712381 0.574782
vt 0.736296 0.574782
vt 0.741342 0.574782
vt 0.731387 0.574782
vt 0.726839 0.738374
vt 0.721934 0.738374
vt 0.721934 0.724972
vt 0.726839 0.724972
vt 0.716967 0.738374
vt 0.716967 0.724972
vt 0.712381 0.738375
vt 0.712381 0.724972
vt 0.741342 0.738375
vt 0.736296 0.738375
vt 0.736296 0.724972
vt 0.741342 0.724972
vt 0.731387 0.738375
vt 0.731387 0.724972
vt 0.721934 0.711106
vt 0.726839 0.711106
vt 0.716967 0.711106
vt 0.712381 0.711106
vt 0.736296 0.711106
vt 0.741342 0.711106
vt 0.731387 0.711106
vt 0.721934 0.696739
vt 0.726839 0.696739
vt 0.716967 0.696739
vt 0.712381 0.696739
vt 0.736296 0.696739
vt 0.741342 0.696739
vt 0.731387 0.696739
vt 0.721934 0.682350
vt 0.726839 0.682350
vt 0.716967 0.682350
vt 0.712381 0.682351
vt 0.736297 0.682350
vt 0.741342 0.682351
vt 0.731387 0.682350
vt 0.721934 0.668440
vt 0.726839 0.668440
vt 0.716967 0.668440
vt 0.712381 0.668440
vt 0.736296 0.668440
vt 0.741342 0.668440
vt 0.731387 0.668440
vt 0.794866 0.706504
vt 0.789961 0.706504
vt 0.789961 0.691136
vt 0.794866 0.691136
vt 0.784994 0.706504
vt 0.784994 0.691136
vt 0.780408 0.706504
vt 0.780408 0.691135
vt 0.809369 0.706504
vt 0.804323 0.706504
vt 0.804323 0.691136
vt 0.809369 0.691135
vt 0.799414 0.706504
vt 0.799414 0.691136
vt 0.789961 0.675355
vt 0.794866 0.675355
vt 0.784994 0.675355
vt 0.780408 0.675355
vt 0.804323 0.675355
vt 0.809369 0.675355
vt 0.799414 0.675355
vt 0.789961 0.659644
vt 0.794866 0.659644
vt 0.784994 0.659644
vt 0.780408 0.659644
vt 0.804323 0.659644
vt 0.809369 0.659644
vt 0.799414 0.659644
vt 0.789961 0.644391
vt 0.794866 0.644391
vt 0.784994 0.644391
vt 0.780408 0.644391
vt 0.804323 0.644391
vt 0.809369 0.644391
vt 0.799414 0.644391
vt 0.789961 0.629601
vt 0.794866 0.629601
vt 0.784994 0.629601
vt 0.780408 0.629601
vt 0.804323 0.629601
vt 0.809369 0.629601
vt 0.799414 0.629601
vt 0.789961 0.615222
vt 0.794866 0.615222
vt 0.784994 0.615222
vt 0.780408 0.615222
vt 0.804323 0.615222
vt 0.809369 0.615222
vt 0.799414 0.615222
vt 0.794866 0.801403
vt 0.789961 0.801403
vt 0.789961 0.786131
vt 0.794866 0.786131
vt 0.784994 0.801403
vt 0.784994 0.786131
vt 0.780408 0.801403
vt 0.780408 0.786131
vt 0.809369 0.801403
vt 0.804323 0.801403
vt 0.804323 0.786131
vt 0.809369 0.786131
vt 0.799414 0.801403
vt 0.799414 0.786131
vt 0.789961 0.770340
vt 0.794866 0.770340
vt 0.784994 0.770340
vt 0.780408 0.770340
vt 0.804323 0.770340
vt 0.809369 0.770340
vt 0.799414 0.770340
vt 0.789961 0.754017
vt 0.794866 0.754017
vt 0.784994 0.754017
vt 0.780408 0.754017
vt 0.804323 0.754017
vt 0.809369 0.754017
vt 0.799414 0.754017
vt 0.789961 0.737664
vt 0.794866 0.737664
vt 0.784994 0.737664
vt 0.780408 0.737664
vt 0.804323 0.737664
vt 0.809369 0.737664
vt 0.799414 0.737664
vt 0.789961 0.721812
vt 0.794866 0.721812
vt 0.784994 0.721812
vt 0.780408 0.721812
vt 0.804323 0.721812
vt 0.809369 0.721812
vt 0.799414 0.721812
vt 0.760897 0.875151
vt 0.765802 0.875151
vt 0.765802 0.891528
vt 0.760897 0.891528
vt 0.770769 0.875151
vt 0.770769 0.891528
vt 0.751440 0.875151
vt 0.756349 0.875151
vt 0.756349 0.891528
vt 0.751440 0.891528
vt 0.765802 0.908377
vt 0.760897 0.908377
vt 0.770769 0.908377
vt 0.775355 0.891528
vt 0.775355 0.908377
vt 0.756349 0.908377
vt 0.751440 0.908377
vt 0.765802 0.925136
vt 0.760897 0.925136
vt 0.775355 0.925136
vt 0.770769 0.925136
vt 0.746395 0.908377
vt 0.751440 0.925136
vt 0.746394 0.925136
vt 0.756349 0.925136
vt 0.794866 0.848789
vt 0.789961 0.848789
vt 0.789961 0.832518
vt 0.794866 0.832518
vt 0.784994 0.848789
vt 0.780408 0.848789
vt 0.780408 0.832518
vt 0.784994 0.832518
vt 0.809369 0.848789
vt 0.804323 0.848789
vt 0.804323 0.832518
vt 0.809369 0.832518
vt 0.799414 0.848789
vt 0.799414 0.832518
vt 0.780408 0.816734
vt 0.784994 0.816734
vt 0.804323 0.816734
vt 0.809369 0.816734
vt 0.799414 0.816734
vt 0.794866 0.816734
vt 0.789961 0.816734
vt 0.775355 0.875150
vt 0.746395 0.875150
vt 0.746395 0.891528
vt 0.760897 0.773247
vt 0.765802 0.773247
vt 0.765802 0.790197
vt 0.760897 0.790197
vt 0.770769 0.773247
vt 0.770769 0.790197
vt 0.775355 0.773247
vt 0.775355 0.790197
vt 0.746395 0.773247
vt 0.751440 0.773247
vt 0.751440 0.790197
vt 0.746394 0.790197
vt 0.756349 0.773247
vt 0.756349 0.790197
vt 0.765802 0.807038
vt 0.760897 0.807038
vt 0.770769 0.807038
vt 0.775355 0.807038
vt 0.751440 0.807038
vt 0.746395 0.807038
vt 0.756349 0.807038
vt 0.765802 0.824471
vt 0.760897 0.824471
vt 0.770769 0.824471
vt 0.775355 0.824471
vt 0.751440 0.824471
vt 0.746395 0.824471
vt 0.756349 0.824471
vt 0.765802 0.841928
vt 0.760897 0.841928
vt 0.770769 0.841928
vt 0.775355 0.841928
vt 0.751440 0.841928
vt 0.746395 0.841928
vt 0.756349 0.841928
vt 0.765802 0.858824
vt 0.760897 0.858824
vt 0.770769 0.858824
vt 0.775355 0.858824
vt 0.751440 0.858824
vt 0.746395 0.858824
vt 0.756349 0.858824
vt 0.794866 0.526259
vt 0.789961 0.526259
vt 0.789961 0.511838
vt 0.794866 0.511838
vt 0.784994 0.526259
vt 0.784994 0.511838
vt 0.780408 0.526259
vt 0.780408 0.511839
vt 0.809369 0.526259
vt 0.804323 0.526259
vt 0.804323 0.511838
vt 0.809369 0.511839
vt 0.799414 0.526259
vt 0.799414 0.511838
vt 0.789961 0.497058
vt 0.794866 0.497058
vt 0.784994 0.497058
vt 0.780408 0.497059
vt 0.804323 0.497058
vt 0.809369 0.497059
vt 0.799414 0.497058
vt 0.789961 0.482331
vt 0.794866 0.482331
vt 0.784994 0.482331
vt 0.780408 0.482331
vt 0.804323 0.482331
vt 0.809369 0.482331
vt 0.799414 0.482331
vt 0.789961 0.468034
vt 0.794866 0.468034
vt 0.784994 0.468034
vt 0.780408 0.468034
vt 0.804323 0.468034
vt 0.809369 0.468034
vt 0.799414 0.468034
vt 0.789961 0.454168
vt 0.794866 0.454168
vt 0.784994 0.454168
vt 0.780408 0.454168
vt 0.804323 0.454168
vt 0.809369 0.454168
vt 0.799414 0.454168
vt 0.789961 0.440682
vt 0.794866 0.440682
vt 0.784994 0.440682
vt 0.780408 0.440682
vt 0.804323 0.440682
vt 0.809369 0.440682
vt 0.799414 0.440682
vt 0.789961 0.600892
vt 0.794866 0.600892
vt 0.784994 0.600892
vt 0.780408 0.600892
vt 0.804323 0.600892
vt 0.809369 0.600892
vt 0.799414 0.600893
vt 0.789961 0.586089
vt 0.794866 0.586089
vt 0.784994 0.586089
vt 0.780408 0.586089
vt 0.804323 0.586089
vt 0.809369 0.586089
vt 0.799414 0.586089
vt 0.789961 0.570800
vt 0.794866 0.570800
vt 0.784994 0.570800
vt 0.780408 0.570800
vt 0.804323 0.570800
vt 0.809369 0.570800
vt 0.799414 0.570800
vt 0.789961 0.555483
vt 0.794866 0.555483
vt 0.784994 0.555483
vt 0.780408 0.555483
vt 0.804323 0.555483
vt 0.809369 0.555483
vt 0.799414 0.555483
vt 0.789961 0.540623
vt 0.794866 0.540623
vt 0.784994 0.540623
vt 0.780408 0.540623
vt 0.804323 0.540623
vt 0.809369 0.540623
vt 0.799414 0.540623
vt 0.794866 0.198911
vt 0.789961 0.198911
vt 0.789961 0.186220
vt 0.794866 0.186220
vt 0.784994 0.198911
vt 0.784994 0.186220
vt 0.780408 0.198911
vt 0.780408 0.186219
vt 0.809369 0.198911
vt 0.804323 0.198911
vt 0.804323 0.186220
vt 0.809369 0.186219
vt 0.799414 0.198911
vt 0.799414 0.186220
vt 0.789961 0.173264
vt 0.794866 0.173264
vt 0.784994 0.173264
vt 0.780408 0.173264
vt 0.804323 0.173264
vt 0.809369 0.173264
vt 0.799414 0.173264
vt 0.789961 0.160333
vt 0.794866 0.160333
vt 0.784994 0.160333
vt 0.780408 0.160333
vt 0.804323 0.160333
vt 0.809369 0.160333
vt 0.799414 0.160333
vt 0.789961 0.147770
vt 0.794866 0.147770
vt 0.784994 0.147770
vt 0.780408 0.147770
vt 0.804323 0.147770
vt 0.809369 0.147770
vt 0.799414 0.147770
vt 0.789961 0.135575
vt 0.794866 0.135575
vt 0.784994 0.135575
vt 0.780408 0.135575
vt 0.804323 0.135575
vt 0.809369 0.135575
vt 0.799414 0.135575
vt 0.789961 0.123713
vt 0.794866 0.123713
vt 0.784994 0.123713
vt 0.780408 0.123713
vt 0.804323 0.123713
vt 0.809369 0.123713
vt 0.799414 0.123713
vt 0.794866 0.277074
vt 0.789961 0.277074
vt 0.789961 0.264470
vt 0.794866 0.264470
vt 0.784994 0.277074
vt 0.784994 0.264470
vt 0.780408 0.277074
vt 0.780408 0.264470
vt 0.809369 0.277074
vt 0.804323 0.277074
vt 0.804323 0.264470
vt 0.809369 0.264470
vt 0.799414 0.277074
vt 0.799414 0.264470
vt 0.789961 0.251462
vt 0.794866 0.251462
vt 0.784994 0.251462
vt 0.780408 0.251462
vt 0.804323 0.251462
vt 0.809369 0.251462
vt 0.799414 0.251462
vt 0.789961 0.238053
vt 0.794866 0.238053
vt 0.784994 0.238054
vt 0.780408 0.238054
vt 0.804323 0.238053
vt 0.809369 0.238054
vt 0.799414 0.238053
vt 0.789961 0.224615
vt 0.794866 0.224615
vt 0.784994 0.224615
vt 0.780408 0.224615
vt 0.804323 0.224615
vt 0.809369 0.224615
vt 0.799414 0.224615
vt 0.789961 0.211557
vt 0.794866 0.211557
vt 0.784994 0.211557
vt 0.780408 0.211557
vt 0.804323 0.211557
vt 0.809369 0.211557
vt 0.799414 0.211557
vt 0.794866 0.357294
vt 0.789961 0.357294
vt 0.789961 0.343764
vt 0.794866 0.343764
vt 0.784994 0.357294
vt 0.784994 0.343764
vt 0.780408 0.357294
vt 0.780408 0.343764
vt 0.809369 0.357294
vt 0.804323 0.357294
vt 0.804323 0.343764
vt 0.809369 0.343764
vt 0.799414 0.357294
vt 0.799414 0.343764
vt 0.789961 0.329922
vt 0.794866 0.329922
vt 0.784994 0.329922
vt 0.780408 0.329922
vt 0.804323 0.329922
vt 0.809369 0.329922
vt 0.799414 0.329922
vt 0.789961 0.316127
vt 0.794866 0.316127
vt 0.784994 0.316127
vt 0.780408 0.316127
vt 0.804323 0.316127
vt 0.809369 0.316127
vt 0.799414 0.316127
vt 0.789961 0.302725
vt 0.794866 0.302725
vt 0.784994 0.302725
vt 0.780408 0.302725
vt 0.804323 0.302725
vt 0.809369 0.302725
vt 0.799414 0.302725
vt 0.789961 0.289718
vt 0.794866 0.289718
vt 0.784994 0.289718
vt 0.780408 0.289717
vt 0.804323 0.289718
vt 0.809369 0.289717
vt 0.799414 0.289718
vt 0.789961 0.427245
vt 0.794866 0.427245
vt 0.784994 0.427245
vt 0.780408 0.427245
vt 0.804323 0.427245
vt 0.809369 0.427245
vt 0.799414 0.427245
vt 0.789961 0.413368
vt 0.794866 0.413368
vt 0.784994 0.413368
vt 0.780408 0.413368
vt 0.804323 0.413368
vt 0.809369 0.413368
vt 0.799414 0.413368
vt 0.789961 0.399052
vt 0.794866 0.399052
vt 0.784994 0.399052
vt 0.780408 0.399052
vt 0.804323 0.399052
vt 0.809369 0.399052
vt 0.799414 0.399052
vt 0.789961 0.384703
vt 0.794866 0.384703
vt 0.784994 0.384703
vt 0.780408 0.384703
vt 0.804324 0.384703
vt 0.809369 0.384703
vt 0.799414 0.384703
vt 0.789961 0.370773
vt 0.794866 0.370773
vt 0.784994 0.370773
vt 0.780408 0.370772
vt 0.804323 0.370773
vt 0.809369 0.370772
vt 0.799414 0.370773
vt 0.794866 0.050451
vt 0.789961 0.050451
vt 0.789961 0.038597
vt 0.794866 0.038597
vt 0.784994 0.050451
vt 0.784994 0.038597
vt 0.780408 0.050451
vt 0.780408 0.038597
vt 0.809369 0.050451
vt 0.804323 0.050451
vt 0.804323 0.038597
vt 0.809369 0.038597
vt 0.799414 0.050451
vt 0.799414 0.038597
vt 0.789961 0.026423
vt 0.794866 0.026423
vt 0.784994 0.026423
vt 0.780408 0.026423
vt 0.804323 0.026423
vt 0.809369 0.026423
vt 0.799414 0.026423
vt 0.789961 0.014302
vt 0.794866 0.014302
vt 0.784994 0.014302
vt 0.780408 0.014302
vt 0.804323 0.014302
vt 0.809369 0.014302
vt 0.799414 0.014302
vt 0.789961 0.002526
vt 0.794866 0.002526
vt 0.784994 0.002526
vt 0.780408 0.002526
vt 0.804323 0.002526
vt 0.809369 0.002526
vt 0.799414 0.002526
vt 0.692870 0.002526
vt 0.697775 0.002526
vt 0.697775 0.013982
vt 0.692870 0.013982
vt 0.702742 0.002526
vt 0.702742 0.013982
vt 0.707328 0.002526
vt 0.707328 0.013982
vt 0.678367 0.002526
vt 0.683413 0.002526
vt 0.683413 0.013982
vt 0.678367 0.013982
vt 0.688322 0.002526
vt 0.688322 0.013982
vt 0.697775 0.025073
vt 0.692870 0.025074
vt 0.702742 0.025073
vt 0.707328 0.025074
vt 0.683413 0.025074
vt 0.678367 0.025074
vt 0.688322 0.025074
vt 0.789961 0.111883
vt 0.794866 0.111883
vt 0.784994 0.111883
vt 0.780408 0.111883
vt 0.804323 0.111883
vt 0.809369 0.111883
vt 0.799414 0.111883
vt 0.789961 0.099696
vt 0.794866 0.099696
vt 0.784994 0.099696
vt 0.780408 0.099696
vt 0.804323 0.099696
vt 0.809369 0.099696
vt 0.799414 0.099696
vt 0.789961 0.087148
vt 0.794866 0.087148
vt 0.784994 0.087148
vt 0.780408 0.087148
vt 0.804323 0.087148
vt 0.809369 0.087148
vt 0.799414 0.087148
vt 0.789961 0.074563
vt 0.794866 0.074563
vt 0.784994 0.074563
vt 0.780408 0.074563
vt 0.804323 0.074563
vt 0.809369 0.074563
vt 0.799414 0.074563
vt 0.789961 0.062322
vt 0.794866 0.062322
vt 0.784994 0.062322
vt 0.780408 0.062322
vt 0.804323 0.062322
vt 0.809369 0.062322
vt 0.799414 0.062322
vt 0.692870 0.093751
vt 0.697775 0.093751
vt 0.697775 0.104841
vt 0.692870 0.104841
vt 0.702742 0.093751
vt 0.702742 0.104841
vt 0.707328 0.093751
vt 0.707328 0.104841
vt 0.678367 0.093751
vt 0.683413 0.093751
vt 0.683413 0.104841
vt 0.678367 0.104841
vt 0.688322 0.093751
vt 0.688322 0.104841
vt 0.697775 0.116284
vt 0.692870 0.116284
vt 0.702742 0.116284
vt 0.707328 0.116284
vt 0.683413 0.116284
vt 0.678367 0.116284
vt 0.688322 0.116284
vt 0.697775 0.127658
vt 0.692870 0.127658
vt 0.702742 0.127658
vt 0.707328 0.127658
vt 0.683413 0.127658
vt 0.678367 0.127658
vt 0.688322 0.127658
vt 0.697775 0.138704
vt 0.692870 0.138704
vt 0.702742 0.138704
vt 0.707328 0.138704
vt 0.683413 0.138704
vt 0.678367 0.138704
vt 0.688322 0.138704
vt 0.697775 0.149441
vt 0.692870 0.149441
vt 0.702742 0.149441
vt 0.707328 0.149442
vt 0.683413 0.149441
vt 0.678367 0.149442
vt 0.688322 0.149441
vt 0.697775 0.159804
vt 0.692870 0.159804
vt 0.702742 0.159804
vt 0.707328 0.159804
vt 0.683413 0.159804
vt 0.678367 0.159804
vt 0.688322 0.159804
vt 0.697775 0.036141
vt 0.692870 0.036141
vt 0.702742 0.036141
vt 0.707328 0.036141
vt 0.683413 0.036141
vt 0.678367 0.036141
vt 0.688322 0.036141
vt 0.697775 0.047572
vt 0.692870 0.047572
vt 0.702742 0.047572
vt 0.707328 0.047572
vt 0.683413 0.047572
vt 0.678367 0.047572
vt 0.688322 0.047572
vt 0.697775 0.059356
vt 0.692870 0.059356
vt 0.702742 0.059356
vt 0.707328 0.059356
vt 0.683413 0.059356
vt 0.678367 0.059356
vt 0.688322 0.059356
vt 0.697775 0.071173
vt 0.692870 0.071173
vt 0.702742 0.071173
vt 0.707328 0.071173
vt 0.683413 0.071173
vt 0.678367 0.071173
vt 0.688322 0.071173
vt 0.697775 0.082649
vt 0.692870 0.082649
vt 0.702742 0.082649
vt 0.707328 0.082650
vt 0.683413 0.082649
vt 0.678367 0.082650
vt 0.688322 0.082649
vt 0.692870 0.224173
vt 0.697775 0.224173
vt 0.697775 0.234568
vt 0.692870 0.234568
vt 0.702742 0.224173
vt 0.702742 0.234568
vt 0.707328 0.224173
vt 0.707328 0.234568
vt 0.678367 0.224173
vt 0.683413 0.224173
vt 0.683413 0.234568
vt 0.678367 0.234568
vt 0.688322 0.224173
vt 0.688322 0.234568
vt 0.697775 0.245315
vt 0.692870 0.245315
vt 0.702742 0.245315
vt 0.707328 0.245315
vt 0.683413 0.245315
vt 0.678367 0.245315
vt 0.688322 0.245315
vt 0.697775 0.255986
vt 0.692870 0.255986
vt 0.702742 0.255986
vt 0.707328 0.255986
vt 0.683413 0.255986
vt 0.678367 0.255986
vt 0.688322 0.255986
vt 0.697775 0.266337
vt 0.692870 0.266337
vt 0.702742 0.266337
vt 0.707328 0.266337
vt 0.683413 0.266337
vt 0.678367 0.266337
vt 0.688322 0.266337
vt 0.697775 0.276395
vt 0.692870 0.276395
vt 0.702742 0.276395
vt 0.707328 0.276395
vt 0.683413 0.276395
vt 0.678367 0.276395
vt 0.688322 0.276395
vt 0.697775 0.286080
vt 0.692870 0.286080
vt 0.702742 0.286080
vt 0.707328 0.286080
vt 0.683413 0.286080
vt 0.678367 0.286080
vt 0.688322 0.286080
vt 0.697775 0.170155
vt 0.692870 0.170155
vt 0.702742 0.170155
vt 0.707328 0.170155
vt 0.683413 0.170155
vt 0.678367 0.170155
vt 0.688322 0.170155
vt 0.697775 0.180856
vt 0.692870 0.180856
vt 0.702742 0.180856
vt 0.707328 0.180856
vt 0.683413 0.180856
vt 0.678367 0.180856
vt 0.688322 0.180856
vt 0.697775 0.191942
vt 0.692870 0.191942
vt 0.702742 0.191942
vt 0.707328 0.191942
vt 0.683413 0.191942
vt 0.678367 0.191942
vt 0.688322 0.191942
vt 0.697775 0.203046
vt 0.692870 0.203046
vt 0.702742 0.203046
vt 0.707328 0.203046
vt 0.683413 0.203046
vt 0.678367 0.203046
vt 0.688322 0.203046
vt 0.697775 0.213776
vt 0.692870 0.213776
vt 0.702742 0.213776
vt 0.707328 0.213776
vt 0.683413 0.213776
vt 0.678367 0.213776
vt 0.688322 0.213776
vt 0.692870 0.346408
vt 0.697775 0.346408
vt 0.697775 0.356152
vt 0.692870 0.356152
vt 0.702742 0.346408
vt 0.702742 0.356152
vt 0.707328 0.346408
vt 0.707328 0.356152
vt 0.678367 0.346408
vt 0.683413 0.346408
vt 0.683413 0.356152
vt 0.678367 0.356152
vt 0.688322 0.346408
vt 0.688322 0.356152
vt 0.697775 0.371389
vt 0.692870 0.371389
vt 0.702742 0.371389
vt 0.707328 0.371389
vt 0.683413 0.371389
vt 0.678367 0.371389
vt 0.688322 0.371389
vt 0.697775 0.390579
vt 0.692870 0.390579
vt 0.702742 0.390579
vt 0.707328 0.390579
vt 0.683413 0.390579
vt 0.678367 0.390579
vt 0.688322 0.390579
vt 0.697775 0.409134
vt 0.692870 0.409134
vt 0.702742 0.409134
vt 0.707328 0.409134
vt 0.683413 0.409134
vt 0.678367 0.409134
vt 0.688322 0.409134
vt 0.697775 0.427107
vt 0.692870 0.427107
vt 0.702742 0.427107
vt 0.707328 0.427107
vt 0.683413 0.427107
vt 0.678367 0.427107
vt 0.688322 0.427107
vt 0.697775 0.444469
vt 0.692870 0.444469
vt 0.702742 0.444469
vt 0.707328 0.444469
vt 0.683413 0.444469
vt 0.678367 0.444469
vt 0.688322 0.444469
vt 0.697775 0.295776
vt 0.692870 0.295776
vt 0.702742 0.295776
vt 0.707328 0.295776
vt 0.683413 0.295776
vt 0.678367 0.295776
vt 0.688322 0.295776
vt 0.697775 0.305807
vt 0.692870 0.305807
vt 0.702742 0.305807
vt 0.707328 0.305807
vt 0.683413 0.305807
vt 0.678367 0.305807
vt 0.688322 0.305807
vt 0.697775 0.316200
vt 0.692870 0.316200
vt 0.702742 0.316200
vt 0.707328 0.316200
vt 0.683413 0.316200
vt 0.678367 0.316200
vt 0.688322 0.316200
vt 0.697775 0.326609
vt 0.692870 0.326609
vt 0.702742 0.326610
vt 0.707328 0.326609
vt 0.683413 0.326610
vt 0.678367 0.326609
vt 0.688322 0.326609
vt 0.697775 0.336672
vt 0.692870 0.336672
vt 0.702742 0.336672
vt 0.707328 0.336672
vt 0.683413 0.336672
vt 0.678367 0.336672
vt 0.688322 0.336672
vt 0.692870 0.552623
vt 0.697775 0.552623
vt 0.697775 0.570094
vt 0.692870 0.570094
vt 0.702742 0.552623
vt 0.702742 0.570094
vt 0.707328 0.552623
vt 0.707328 0.570094
vt 0.678367 0.552623
vt 0.683413 0.552623
vt 0.683413 0.570094
vt 0.678367 0.570094
vt 0.688322 0.552623
vt 0.688322 0.570094
vt 0.697775 0.588151
vt 0.692870 0.588151
vt 0.702742 0.588151
vt 0.707328 0.588151
vt 0.683413 0.588151
vt 0.678367 0.588151
vt 0.688322 0.588151
vt 0.697775 0.606173
vt 0.692870 0.606173
vt 0.702742 0.606173
vt 0.707328 0.606172
vt 0.683413 0.606172
vt 0.678367 0.606172
vt 0.688322 0.606172
vt 0.697775 0.623548
vt 0.692870 0.623548
vt 0.702742 0.623548
vt 0.707328 0.623548
vt 0.683413 0.623548
vt 0.678367 0.623548
vt 0.688322 0.623548
vt 0.697775 0.640365
vt 0.692870 0.640365
vt 0.702742 0.640365
vt 0.707328 0.640365
vt 0.683413 0.640365
vt 0.678367 0.640365
vt 0.688322 0.640365
vt 0.697775 0.656635
vt 0.692870 0.656635
vt 0.702742 0.656635
vt 0.707328 0.656635
vt 0.683413 0.656635
vt 0.678367 0.656635
vt 0.688322 0.656635
vt 0.697775 0.461852
vt 0.692870 0.461852
vt 0.702742 0.461852
vt 0.707328 0.461852
vt 0.683413 0.461852
vt 0.678367 0.461852
vt 0.688322 0.461852
vt 0.697775 0.479835
vt 0.692870 0.479835
vt 0.702742 0.479835
vt 0.707328 0.479835
vt 0.683413 0.479835
vt 0.678367 0.479835
vt 0.688322 0.479835
vt 0.697775 0.498467
vt 0.692870 0.498467
vt 0.702742 0.498467
vt 0.707328 0.498467
vt 0.683413 0.498467
vt 0.678367 0.498467
vt 0.688322 0.498467
vt 0.697775 0.517129
vt 0.692870 0.517129
vt 0.702742 0.517129
vt 0.707328 0.517129
vt 0.683413 0.517129
vt 0.678367 0.517129
vt 0.688322 0.517129
vt 0.697775 0.535169
vt 0.692870 0.535169
vt 0.702742 0.535169
vt 0.707328 0.535169
vt 0.683413 0.535169
vt 0.678367 0.535169
vt 0.688322 0.535169
vt 0.692870 0.757991
vt 0.697775 0.757991
vt 0.697775 0.774367
vt 0.692870 0.774367
vt 0.702742 0.757991
vt 0.702742 0.774367
vt 0.707328 0.757991
vt 0.707328 0.774367
vt 0.678367 0.757991
vt 0.683413 0.757991
vt 0.683413 0.774367
vt 0.678367 0.774367
vt 0.688322 0.757991
vt 0.688322 0.774367
vt 0.697775 0.791288
vt 0.692870 0.791288
vt 0.702742 0.791288
vt 0.707328 0.791288
vt 0.683413 0.791288
vt 0.678367 0.791288
vt 0.688322 0.791288
vt 0.697775 0.808176
vt 0.692870 0.808176
vt 0.702742 0.808176
vt 0.707328 0.808176
vt 0.683413 0.808176
vt 0.678367 0.808176
vt 0.688322 0.808176
vt 0.697775 0.824458
vt 0.692870 0.824458
vt 0.702742 0.824458
vt 0.707328 0.824458
vt 0.683413 0.824458
vt 0.678367 0.824458
vt 0.688322 0.824458
vt 0.697775 0.840217
vt 0.692870 0.840217
vt 0.702742 0.840217
vt 0.707328 0.840217
vt 0.683413 0.840217
vt 0.678367 0.840217
vt 0.688322 0.840217
vt 0.697775 0.855463
vt 0.692870 0.855463
vt 0.702742 0.855463
vt 0.707328 0.855463
vt 0.683413 0.855463
vt 0.678367 0.855463
vt 0.688322 0.855463
vt 0.697775 0.672925
vt 0.692870 0.672925
vt 0.702742 0.672924
vt 0.707328 0.672924
vt 0.683413 0.672925
vt 0.678367 0.672924
vt 0.688322 0.672924
vt 0.697775 0.689777
vt 0.692870 0.689777
vt 0.702742 0.689777
vt 0.707328 0.689777
vt 0.683413 0.689777
vt 0.678367 0.689777
vt 0.688322 0.689777
vt 0.697775 0.707238
vt 0.692870 0.707238
vt 0.702742 0.707238
vt 0.707328 0.707238
vt 0.683413 0.707238
vt 0.678367 0.707238
vt 0.688322 0.707238
vt 0.697775 0.724727
vt 0.692870 0.724727
vt 0.702742 0.724727
vt 0.707328 0.724727
vt 0.683413 0.724727
vt 0.678367 0.724727
vt 0.688322 0.724727
vt 0.697775 0.741633
vt 0.692870 0.741633
vt 0.702742 0.741633
vt 0.707328 0.741633
vt 0.683413 0.741633
vt 0.678367 0.741633
vt 0.688322 0.741633
vt 0.692870 0.950444
vt 0.697775 0.950444
vt 0.697775 0.965791
vt 0.692870 0.965791
vt 0.702742 0.950444
vt 0.702742 0.965791
vt 0.707328 0.950444
vt 0.707328 0.965791
vt 0.678367 0.950444
vt 0.683413 0.950444
vt 0.683413 0.965791
vt 0.678367 0.965791
vt 0.688322 0.950444
vt 0.688322 0.965791
vt 0.697775 0.981649
vt 0.692870 0.981649
vt 0.702742 0.981649
vt 0.707328 0.981649
vt 0.683413 0.981649
vt 0.678367 0.981649
vt 0.688322 0.981649
vt 0.697775 0.997474
vt 0.692870 0.997474
vt 0.702742 0.997474
vt 0.707328 0.997474
vt 0.683413 0.997474
vt 0.678367 0.997474
vt 0.688322 0.997474
vt 0.726839 0.957275
vt 0.721934 0.957275
vt 0.721934 0.942019
vt 0.726839 0.942019
vt 0.716967 0.957275
vt 0.716967 0.942019
vt 0.712381 0.957275
vt 0.712381 0.942019
vt 0.741342 0.957275
vt 0.736296 0.957275
vt 0.736296 0.942019
vt 0.741342 0.942019
vt 0.731387 0.957275
vt 0.731387 0.942019
vt 0.721934 0.927252
vt 0.726839 0.927252
vt 0.716967 0.927252
vt 0.712381 0.927252
vt 0.736296 0.927252
vt 0.741342 0.927252
vt 0.731387 0.927252
vt 0.721934 0.912966
vt 0.726839 0.912966
vt 0.716967 0.912966
vt 0.712381 0.912966
vt 0.736296 0.912966
vt 0.741342 0.912966
vt 0.731387 0.912966
vt 0.697775 0.870728
vt 0.692870 0.870728
vt 0.702742 0.870728
vt 0.707328 0.870728
vt 0.683413 0.870728
vt 0.678367 0.870728
vt 0.688322 0.870728
vt 0.697775 0.886520
vt 0.692870 0.886520
vt 0.702742 0.886520
vt 0.707328 0.886520
vt 0.683413 0.886520
vt 0.678367 0.886520
vt 0.688322 0.886520
vt 0.697775 0.902883
vt 0.692870 0.902883
vt 0.702742 0.902883
vt 0.707328 0.902883
vt 0.683413 0.902883
vt 0.678367 0.902883
vt 0.688322 0.902883
vt 0.697775 0.919271
vt 0.692870 0.919271
vt 0.702742 0.919271
vt 0.707328 0.919271
vt 0.683413 0.919271
vt 0.678367 0.919271
vt 0.688322 0.919271
vt 0.697775 0.935114
vt 0.692870 0.935114
vt 0.702742 0.935114
vt 0.707328 0.935114
vt 0.683413 0.935114
vt 0.678367 0.935114
vt 0.688322 0.935114
vt 0.726839 0.823963
vt 0.721934 0.823963
vt 0.721934 0.809580
vt 0.726839 0.809580
vt 0.716967 0.823963
vt 0.716967 0.809580
vt 0.712381 0.823962
vt 0.712381 0.809580
vt 0.741342 0.823962
vt 0.736296 0.823963
vt 0.736296 0.809580
vt 0.741342 0.809580
vt 0.731387 0.823963
vt 0.731387 0.809580
vt 0.721934 0.794720
vt 0.726839 0.794720
vt 0.716967 0.794720
vt 0.712381 0.794720
vt 0.736296 0.794720
vt 0.741342 0.794720
vt 0.731387 0.794720
vt 0.721934 0.779893
vt 0.726839 0.779893
vt 0.716967 0.779893
vt 0.712381 0.779893
vt 0.736296 0.779893
vt 0.741342 0.779893
vt 0.731387 0.779893
vt 0.721934 0.765597
vt 0.726839 0.765597
vt 0.716967 0.765597
vt 0.712381 0.765597
vt 0.736296 0.765597
vt 0.741342 0.765597
vt 0.731387 0.765597
vt 0.721934 0.751760
vt 0.726839 0.751760
vt 0.716967 0.751760
vt 0.712381 0.751760
vt 0.736296 0.751760
vt 0.741342 0.751760
vt 0.731387 0.751760
vt 0.721934 0.898663
vt 0.726839 0.898663
vt 0.716967 0.898663
vt 0.712381 0.898663
vt 0.736296 0.898663
vt 0.741342 0.898663
vt 0.731387 0.898663
vt 0.721934 0.883864
vt 0.726839 0.883864
vt 0.716967 0.883864
vt 0.712381 0.883864
vt 0.736296 0.883864
vt 0.741342 0.883864
vt 0.731387 0.883864
vt 0.721934 0.868531
vt 0.726839 0.868531
vt 0.716967 0.868531
vt 0.712381 0.868531
vt 0.736296 0.868531
vt 0.741342 0.868531
vt 0.731387 0.868531
vt 0.721934 0.853175
vt 0.726839 0.853174
vt 0.716967 0.853175
vt 0.712381 0.853175
vt 0.736297 0.853175
vt 0.741342 0.853175
vt 0.731387 0.853175
vt 0.721934 0.838329
vt 0.726839 0.838329
vt 0.716967 0.838329
vt 0.712381 0.838329
vt 0.736296 0.838329
vt 0.741342 0.838329
vt 0.731387 0.838329
vt 0.726839 0.496640
vt 0.721934 0.496640
vt 0.721934 0.484009
vt 0.726839 0.484009
vt 0.716967 0.496640
vt 0.716967 0.484009
vt 0.712381 0.496640
vt 0.712381 0.484008
vt 0.741342 0.496640
vt 0.736296 0.496640
vt 0.736296 0.484009
vt 0.741342 0.484008
vt 0.731387 0.496640
vt 0.731387 0.484009
vt 0.721934 0.470963
vt 0.726839 0.470963
vt 0.716967 0.470963
vt 0.712381 0.470963
vt 0.736296 0.470963
vt 0.741342 0.470963
vt 0.731387 0.470963
vt 0.721934 0.457947
vt 0.726839 0.457947
vt 0.716967 0.457947
vt 0.712381 0.457947
vt 0.736296 0.457947
vt 0.741342 0.457947
vt 0.731387 0.457947
vt 0.721934 0.445397
vt 0.726839 0.445397
vt 0.716967 0.445397
vt 0.712381 0.445397
vt 0.736296 0.445397
vt 0.741342 0.445397
vt 0.731387 0.445397
vt 0.721934 0.433251
vt 0.726839 0.433251
vt 0.716967 0.433251
vt 0.712381 0.433251
vt 0.736296 0.433251
vt 0.741342 0.433251
vt 0.731387 0.433251
vt 0.721934 0.421501
vt 0.726839 0.421501
vt 0.716967 0.421501
vt 0.712381 0.421501
vt 0.736296 0.421501
vt 0.741342 0.421501
vt 0.731387 0.421501
vt 0.721934 0.562225
vt 0.726839 0.562225
vt 0.716967 0.562225
vt 0.712381 0.562225
vt 0.736296 0.562225
vt 0.741342 0.562225
vt 0.731387 0.562225
vt 0.721934 0.549233
vt 0.726839 0.549233
vt 0.716967 0.549233
vt 0.712381 0.549233
vt 0.736296 0.549233
vt 0.741342 0.549233
vt 0.731387 0.549233
vt 0.721934 0.535771
vt 0.726839 0.535771
vt 0.716967 0.535771
vt 0.712381 0.535772
vt 0.736296 0.535771
vt 0.741342 0.535772
vt 0.731387 0.535771
vt 0.721934 0.522289
vt 0.726839 0.522289
vt 0.716967 0.522289
vt 0.712381 0.522289
vt 0.736297 0.522289
vt 0.741342 0.522289
vt 0.731387 0.522289
vt 0.721934 0.509255
vt 0.726839 0.509255
vt 0.716967 0.509255
vt 0.712381 0.509255
vt 0.736296 0.509255
vt 0.741342 0.509255
vt 0.731387 0.509255
vt 0.726839 0.348286
vt 0.721934 0.348286
vt 0.721934 0.336450
vt 0.726839 0.336450
vt 0.716967 0.348286
vt 0.716967 0.336450
vt 0.712381 0.348286
vt 0.712381 0.336450
vt 0.741342 0.348286
vt 0.736296 0.348286
vt 0.736296 0.336450
vt 0.741342 0.336450
vt 0.731387 0.348286
vt 0.731387 0.336450
vt 0.721934 0.324227
vt 0.726839 0.324227
vt 0.716967 0.324227
vt 0.712381 0.324227
vt 0.736296 0.324227
vt 0.741342 0.324227
vt 0.731387 0.324227
vt 0.721934 0.312033
vt 0.726839 0.312033
vt 0.716967 0.312033
vt 0.712381 0.312033
vt 0.736296 0.312033
vt 0.741342 0.312033
vt 0.731387 0.312033
vt 0.721934 0.300275
vt 0.726839 0.300275
vt 0.716967 0.300275
vt 0.712381 0.300275
vt 0.736296 0.300275
vt 0.741342 0.300275
vt 0.731387 0.300275
vt 0.721934 0.288895
vt 0.726839 0.288895
vt 0.716967 0.288895
vt 0.712381 0.288896
vt 0.736296 0.288895
vt 0.741342 0.288896
vt 0.731387 0.288895
vt 0.721934 0.277888
vt 0.726839 0.277888
vt 0.716967 0.277888
vt 0.712381 0.277888
vt 0.736296 0.277888
vt 0.741342 0.277888
vt 0.731387 0.277888
vt 0.721934 0.409736
vt 0.726839 0.409736
vt 0.716967 0.409736
vt 0.712381 0.409736
vt 0.736296 0.409736
vt 0.741342 0.409736
vt 0.731387 0.409736
vt 0.721934 0.397563
vt 0.726839 0.397563
vt 0.716967 0.397563
vt 0.712381 0.397563
vt 0.736296 0.397563
vt 0.741342 0.397563
vt 0.731387 0.397563
vt 0.721934 0.384950
vt 0.726839 0.384950
vt 0.716967 0.384950
vt 0.712381 0.384950
vt 0.736296 0.384950
vt 0.741342 0.384950
vt 0.731387 0.384950
vt 0.721934 0.372319
vt 0.726839 0.372319
vt 0.716967 0.372319
vt 0.712381 0.372319
vt 0.736297 0.372319
vt 0.741342 0.372319
vt 0.731387 0.372319
vt 0.721934 0.360107
vt 0.726839 0.360107
vt 0.716967 0.360107
vt 0.712381 0.360107
vt 0.736296 0.360107
vt 0.741342 0.360107
vt 0.731387 0.360107
vt 0.726839 0.209293
vt 0.721934 0.209293
vt 0.721934 0.198201
vt 0.726839 0.198201
vt 0.716967 0.209293
vt 0.716967 0.198201
vt 0.712381 0.209293
vt 0.712381 0.198202
vt 0.741342 0.209293
vt 0.736296 0.209293
vt 0.736296 0.198201
vt 0.741342 0.198202
vt 0.731387 0.209293
vt 0.731387 0.198201
vt 0.721934 0.186750
vt 0.726839 0.186750
vt 0.716967 0.186750
vt 0.712381 0.186750
vt 0.736296 0.186750
vt 0.741342 0.186750
vt 0.731387 0.186750
vt 0.721934 0.175326
vt 0.726839 0.175326
vt 0.716967 0.175326
vt 0.712381 0.175326
vt 0.736296 0.175326
vt 0.741342 0.175326
vt 0.731387 0.175326
vt 0.721934 0.164311
vt 0.726839 0.164311
vt 0.716967 0.164311
vt 0.712381 0.164311
vt 0.736296 0.164311
vt 0.741342 0.164311
vt 0.731387 0.164311
vt 0.721934 0.153650
vt 0.726839 0.153650
vt 0.716967 0.153650
vt 0.712381 0.153650
vt 0.736296 0.153650
vt 0.741342 0.153650
vt 0.731387 0.153650
vt 0.721934 0.143338
vt 0.726839 0.143338
vt 0.716967 0.143338
vt 0.712381 0.143338
vt 0.736296 0.143338
vt 0.741342 0.143338
vt 0.731387 0.143338
vt 0.721934 0.266865
vt 0.726839 0.266865
vt 0.716967 0.266865
vt 0.712381 0.266865
vt 0.736296 0.266865
vt 0.741342 0.266865
vt 0.731387 0.266865
vt 0.721934 0.255460
vt 0.726839 0.255460
vt 0.716967 0.255460
vt 0.712381 0.255460
vt 0.736296 0.255460
vt 0.741342 0.255460
vt 0.731387 0.255460
vt 0.721934 0.243644
vt 0.726839 0.243644
vt 0.716967 0.243644
vt 0.712381 0.243644
vt 0.736296 0.243644
vt 0.741342 0.243644
vt 0.731387 0.243644
vt 0.721934 0.231809
vt 0.726839 0.231809
vt 0.716967 0.231809
vt 0.712381 0.231809
vt 0.736297 0.231809
vt 0.741342 0.231809
vt 0.731387 0.231809
vt 0.721934 0.220368
vt 0.726839 0.220368
vt 0.716967 0.220368
vt 0.712381 0.220368
vt 0.736296 0.220368
vt 0.741342 0.220368
vt 0.731387 0.220368
vt 0.726839 0.079075
vt 0.721934 0.079075
vt 0.721934 0.068683
vt 0.726839 0.068683
vt 0.716967 0.079075
vt 0.716967 0.068683
vt 0.712381 0.079075
vt 0.712381 0.068683
vt 0.741342 0.079075
vt 0.736296 0.079075
vt 0.736296 0.068683
vt 0.741342 0.068683
vt 0.731387 0.079075
vt 0.731387 0.068683
vt 0.721934 0.057954
vt 0.726839 0.057954
vt 0.716967 0.057954
vt 0.712381 0.057953
vt 0.736296 0.057954
vt 0.741342 0.057953
vt 0.731387 0.057954
vt 0.721934 0.047252
vt 0.726839 0.047252
vt 0.716967 0.047252
vt 0.712381 0.047252
vt 0.736296 0.047252
vt 0.741342 0.047252
vt 0.731387 0.047252
vt 0.721934 0.036918
vt 0.726839 0.036918
vt 0.716967 0.036918
vt 0.712381 0.036918
vt 0.736296 0.036918
vt 0.741342 0.036918
vt 0.731387 0.036918
vt 0.721934 0.025743
vt 0.726839 0.025743
vt 0.716967 0.025744
vt 0.712381 0.025744
vt 0.736296 0.025744
vt 0.741342 0.025744
vt 0.731387 0.025744
vt 0.726839 0.020595
vt 0.721934 0.020595
vt 0.721934 0.015474
vt 0.726839 0.015474
vt 0.721934 0.133012
vt 0.726839 0.133012
vt 0.716967 0.133012
vt 0.712381 0.133012
vt 0.736296 0.133012
vt 0.741342 0.133012
vt 0.731387 0.133012
vt 0.721934 0.122327
vt 0.726839 0.122327
vt 0.716967 0.122327
vt 0.712381 0.122327
vt 0.736296 0.122327
vt 0.741342 0.122327
vt 0.731387 0.122327
vt 0.721934 0.111257
vt 0.726839 0.111257
vt 0.716967 0.111257
vt 0.712381 0.111257
vt 0.736296 0.111257
vt 0.741342 0.111257
vt 0.731387 0.111257
vt 0.721934 0.100170
vt 0.726839 0.100170
vt 0.716967 0.100170
vt 0.712381 0.100170
vt 0.736297 0.100170
vt 0.741342 0.100170
vt 0.731387 0.100170
vt 0.721934 0.089451
vt 0.726839 0.089451
vt 0.716967 0.089451
vt 0.712381 0.089451
vt 0.736296 0.089451
vt 0.741342 0.089451
vt 0.731387 0.089451
vt 0.736296 0.020595
vt 0.731387 0.020595
vt 0.731387 0.015474
vt 0.736297 0.015474
vt 0.741342 0.020595
vt 0.741342 0.015474
vt 0.716967 0.020595
vt 0.712381 0.020595
vt 0.712381 0.015474
vt 0.716967 0.015474
vt 0.731387 0.008519
vt 0.726839 0.008519
vt 0.726839 0.002526
vt 0.731387 0.002527
vt 0.736296 0.008519
vt 0.736296 0.002526
vt 0.741342 0.008520
vt 0.741342 0.002527
vt 0.716967 0.008519
vt 0.712381 0.008520
vt 0.712381 0.002527
vt 0.716967 0.002526
vt 0.721934 0.008519
vt 0.721934 0.002527
vt 0.756349 0.666521
vt 0.760897 0.666521
vt 0.765802 0.666521
vt 0.770769 0.666521
vt 0.775355 0.666521
vt 0.751440 0.666521
vt 0.746394 0.666521
vt 0.760897 0.603654
vt 0.765802 0.603654
vt 0.756349 0.603654
vt 0.751440 0.603654
vt 0.746395 0.603654
vt 0.770769 0.603654
vt 0.775355 0.603654
vt 0.760897 0.495632
vt 0.765802 0.495632
vt 0.760897 0.385770
vt 0.765802 0.385770
vt 0.756349 0.495632
vt 0.756349 0.385770
vt 0.751440 0.495632
vt 0.751440 0.385770
vt 0.746395 0.495632
vt 0.746395 0.385770
vt 0.770769 0.495632
vt 0.775355 0.495632
vt 0.770769 0.385770
vt 0.775355 0.385770
vt 0.760897 0.240351
vt 0.765802 0.240351
vt 0.765802 0.261496
vt 0.760897 0.261496
vt 0.756349 0.240351
vt 0.756349 0.261496
vt 0.751440 0.240351
vt 0.751440 0.261496
vt 0.746395 0.240351
vt 0.746395 0.261496
vt 0.770769 0.240351
vt 0.775355 0.240351
vt 0.775355 0.261496
vt 0.770769 0.261496
vt 0.760897 0.137180
vt 0.760897 0.156604
vt 0.756349 0.156604
vt 0.756349 0.137180
vt 0.765802 0.137180
vt 0.751440 0.156604
vt 0.751440 0.137180
vt 0.746395 0.156604
vt 0.746395 0.137180
vt 0.775355 0.137180
vt 0.775355 0.156604
vt 0.770769 0.156604
vt 0.770769 0.137180
vt 0.765802 0.156604
vt 0.770769 0.289668
vt 0.765802 0.289668
vt 0.775355 0.289668
vt 0.751440 0.289668
vt 0.746395 0.289668
vt 0.756349 0.289668
vt 0.760897 0.289668
vt 0.760897 0.321674
vt 0.756349 0.321674
vt 0.756349 0.356807
vt 0.760897 0.356807
vt 0.751440 0.321674
vt 0.751440 0.356807
vt 0.746394 0.321674
vt 0.746395 0.356807
vt 0.775355 0.321674
vt 0.770769 0.321674
vt 0.770769 0.356807
vt 0.775355 0.356807
vt 0.765802 0.321674
vt 0.765802 0.356807
vt 0.765802 0.220757
vt 0.770769 0.220757
vt 0.775355 0.220757
vt 0.746394 0.220757
vt 0.751440 0.220757
vt 0.756349 0.220757
vt 0.760897 0.220757
vt 0.756349 0.174650
vt 0.760897 0.174650
vt 0.746395 0.174650
vt 0.751440 0.174650
vt 0.770769 0.174650
vt 0.775355 0.174650
vt 0.765802 0.174650
vt 0.760897 0.194369
vt 0.765802 0.194369
vt 0.756349 0.194369
vt 0.751440 0.194369
vt 0.746395 0.194369
vt 0.770769 0.194369
vt 0.775355 0.194369
s 1
usemtl SM_Well:M_Well_Bucket1
f 2061/2564/1777 2062/2565/1778 2064/2566/1779 2063/2567/1780
f 2063/2567/1780 2064/2566/1779 2066/2568/1781 2065/2569/1782
f 2065/2569/1782 2066/2568/1781 2068/2570/1783 2067/2571/1784
f 2067/2571/1784 2068/2570/1783 2070/2572/1785 2069/2573/1786
f 2069/2573/1786 2070/2572/1785 2072/2574/1787 2071/2575/1788
f 2071/2575/1788 2072/2574/1787 2062/2576/1778 2061/2577/1777
f 2139/2578/1789 2080/2579/1790 2082/2580/1791 2140/2581/1792
f 2140/2582/1792 2082/2583/1791 2084/2584/1793 2141/2585/1794
f 2141/2585/1794 2084/2584/1793 2086/2586/1795 2142/2587/1796
f 2142/2587/1796 2086/2586/1795 2088/2588/1797 2143/2589/1798
f 2143/2589/1798 2088/2588/1797 2090/2590/1799 2144/2591/1800
f 2144/2591/1800 2090/2590/1799 2080/2579/1790 2139/2578/1789
f 2061/2577/1777 2073/2592/1801 2078/2593/1802 2071/2575/1788
f 2071/2575/1788 2078/2593/1802 2077/2594/1803 2069/2573/1786
f 2069/2573/1786 2077/2594/1803 2076/2595/1804 2067/2571/1784
f 2067/2571/1784 2076/2595/1804 2075/2596/1805 2065/2569/1782
f 2065/2569/1782 2075/2596/1805 2074/2597/1806 2063/2567/1780
f 2063/2567/1780 2074/2597/1806 2073/2598/1801 2061/2564/1777
f 2073/2592/1801 2082/2580/1791 2080/2579/1790 2078/2593/1802
f 2078/2593/1802 2080/2579/1790 2090/2590/1799 2077/2594/1803
f 2077/2594/1803 2090/2590/1799 2088/2588/1797 2076/2595/1804
f 2076/2595/1804 2088/2588/1797 2086/2586/1795 2075/2596/1805
f 2075/2596/1805 2086/2586/1795 2084/2584/1793 2074/2597/1806
f 2074/2597/1806 2084/2584/1793 2082/2583/1791 2073/2598/1801
f 2108/2599/1807 2162/2600/1808 2151/2601/1809 2103/2602/1810
f 2155/2603/1811 2111/2604/1812 2110/2605/1813 2157/2606/1814
f 2157/2606/1814 2110/2605/1813 2109/2607/1815 2159/2608/1816
f 2159/2608/1816 2109/2607/1815 2114/2609/1817 2161/2610/1818
f 2091/2611/1819 2092/2612/1820 2102/2613/1821 2093/2614/1822
f 2161/2610/1818 2114/2609/1817 2113/2615/1823 2152/2616/1824
f 2094/2617/1825 2108/2599/1807 2103/2602/1810 2092/2618/1820
f 2096/2619/1826 2107/2620/1827 2108/2599/1807 2094/2617/1825
f 2098/2621/1828 2106/2622/1829 2107/2620/1827 2096/2619/1826
f 2100/2623/1830 2105/2624/1831 2106/2622/1829 2098/2621/1828
f 2102/2613/1821 2104/2625/1832 2105/2624/1831 2100/2623/1830
f 2092/2612/1820 2103/2626/1810 2104/2625/1832 2102/2613/1821
f 2105/2624/1831 2156/2627/1833 2158/2628/1834 2106/2622/1829
f 2104/2625/1832 2154/2629/1835 2156/2627/1833 2105/2624/1831
f 2103/2626/1810 2151/2630/1809 2154/2629/1835 2104/2625/1832
f 2153/2631/1836 2112/2632/1837 2111/2604/1812 2155/2603/1811
f 2107/2620/1827 2160/2633/1838 2162/2600/1808 2108/2599/1807
f 2106/2622/1829 2158/2628/1834 2160/2633/1838 2107/2620/1827
f 2127/2634/1839 2116/2635/1840 2118/2636/1841 2128/2637/1842
f 2128/2637/1842 2118/2636/1841 2120/2638/1843 2129/2639/1844
f 2129/2639/1844 2120/2638/1843 2122/2640/1845 2130/2641/1846
f 2130/2641/1846 2122/2640/1845 2124/2642/1847 2131/2643/1848
f 2131/2644/1848 2124/2645/1847 2126/2646/1849 2132/2647/1850
f 2132/2647/1850 2126/2646/1849 2116/2635/1840 2127/2634/1839
f 2109/2607/1815 2116/2635/1840 2126/2646/1849 2114/2609/1817
f 2114/2609/1817 2126/2646/1849 2124/2645/1847 2113/2615/1823
f 2113/2648/1823 2124/2642/1847 2122/2640/1845 2112/2632/1837
f 2112/2632/1837 2122/2640/1845 2120/2638/1843 2111/2604/1812
f 2111/2604/1812 2120/2638/1843 2118/2636/1841 2110/2605/1813
f 2110/2605/1813 2118/2636/1841 2116/2635/1840 2109/2607/1815
f 2125/2649/1851 2132/2647/1850 2127/2634/1839 2115/2650/1852
f 2123/2651/1853 2131/2644/1848 2132/2647/1850 2125/2649/1851
f 2121/2652/1854 2130/2641/1846 2131/2643/1848 2123/2653/1853
f 2119/2654/1855 2129/2639/1844 2130/2641/1846 2121/2652/1854
f 2117/2655/1856 2128/2637/1842 2129/2639/1844 2119/2654/1855
f 2115/2650/1852 2127/2634/1839 2128/2637/1842 2117/2655/1856
f 2064/2566/1779 2125/2649/1851 2115/2650/1852 2066/2568/1781
f 2066/2568/1781 2115/2650/1852 2117/2655/1856 2068/2570/1783
f 2068/2570/1783 2117/2655/1856 2119/2654/1855 2070/2572/1785
f 2070/2572/1785 2119/2654/1855 2121/2652/1854 2072/2574/1787
f 2072/2574/1787 2121/2652/1854 2123/2653/1853 2062/2576/1778
f 2062/2565/1778 2123/2651/1853 2125/2649/1851 2064/2566/1779
f 2091/2656/1819 2137/2657/1857 2138/2658/1858 2101/2659/1859
f 2101/2659/1859 2138/2658/1858 2133/2660/1860 2099/2661/1861
f 2099/2661/1861 2133/2660/1860 2134/2662/1862 2097/2663/1863
f 2097/2663/1863 2134/2662/1862 2135/2664/1864 2095/2665/1865
f 2095/2665/1865 2135/2664/1864 2136/2666/1866 2093/2614/1822
f 2093/2614/1822 2136/2666/1866 2137/2667/1857 2091/2611/1819
f 2089/2668/1867 2144/2591/1800 2139/2578/1789 2079/2669/1868
f 2087/2670/1869 2143/2589/1798 2144/2591/1800 2089/2668/1867
f 2085/2671/1870 2142/2587/1796 2143/2589/1798 2087/2670/1869
f 2083/2672/1871 2141/2585/1794 2142/2587/1796 2085/2671/1870
f 2081/2673/1872 2140/2582/1792 2141/2585/1794 2083/2672/1871
f 2079/2669/1868 2139/2578/1789 2140/2581/1792 2081/2674/1872
f 2138/2658/1858 2150/2675/1873 2145/2676/1874 2133/2660/1860
f 2137/2657/1857 2149/2677/1875 2150/2675/1873 2138/2658/1858
f 2136/2666/1866 2148/2678/1876 2149/2679/1875 2137/2667/1857
f 2135/2664/1864 2147/2680/1877 2148/2678/1876 2136/2666/1866
f 2134/2662/1862 2146/2681/1878 2147/2680/1877 2135/2664/1864
f 2133/2660/1860 2145/2676/1874 2146/2681/1878 2134/2662/1862
f 2154/2629/1835 2151/2630/1809 2152/2682/1824 2153/2631/1836
f 2156/2627/1833 2154/2629/1835 2153/2631/1836 2155/2603/1811
f 2158/2628/1834 2156/2627/1833 2155/2603/1811 2157/2606/1814
f 2160/2633/1838 2158/2628/1834 2157/2606/1814 2159/2608/1816
f 2162/2600/1808 2160/2633/1838 2159/2608/1816 2161/2610/1818
f 2151/2601/1809 2162/2600/1808 2161/2610/1818 2152/2616/1824
f 2152/2682/1824 2113/2648/1823 2112/2632/1837 2153/2631/1836
f 2093/2614/1822 2102/2613/1821 2100/2623/1830 2095/2665/1865
f 2095/2665/1865 2100/2623/1830 2098/2621/1828 2097/2663/1863
f 2097/2663/1863 2098/2621/1828 2096/2619/1826 2099/2661/1861
f 2099/2661/1861 2096/2619/1826 2094/2617/1825 2101/2659/1859
f 2101/2659/1859 2094/2617/1825 2092/2618/1820 2091/2656/1819
f 2089/2668/1867 2079/2669/1868 2163/2683/1879 2168/2684/1880
f 2085/2671/1870 2087/2670/1869 2167/2685/1881 2166/2686/1882
f 2081/2673/1872 2083/2672/1871 2165/2687/1883 2164/2688/1884
f 2087/2670/1869 2089/2668/1867 2168/2684/1880 2167/2685/1881
f 2079/2669/1868 2081/2674/1872 2164/2689/1884 2163/2683/1879
f 2083/2672/1871 2085/2671/1870 2166/2686/1882 2165/2687/1883
f 2165/2687/1883 2166/2686/1882 2172/2690/1885 2171/2691/1886
f 2163/2683/1879 2164/2689/1884 2170/2692/1887 2169/2693/1888
f 2166/2686/1882 2167/2685/1881 2173/2694/1889 2172/2690/1885
f 2167/2685/1881 2168/2684/1880 2174/2695/1890 2173/2694/1889
f 2164/2688/1884 2165/2687/1883 2171/2691/1886 2170/2696/1887
f 2168/2684/1880 2163/2683/1879 2169/2693/1888 2174/2695/1890
f 2169/2693/1888 2170/2697/1887 2171/2698/1886 2172/2690/1885
f 2169/2693/1888 2172/2690/1885 2173/2694/1889 2174/2695/1890
f 2150/2675/1873 2180/2699/1891 2175/2700/1892 2145/2676/1874
f 2149/2677/1875 2179/2701/1893 2180/2699/1891 2150/2675/1873
f 2148/2678/1876 2178/2702/1894 2179/2703/1893 2149/2679/1875
f 2147/2680/1877 2177/2704/1895 2178/2702/1894 2148/2678/1876
f 2146/2681/1878 2176/2705/1896 2177/2704/1895 2147/2680/1877
f 2145/2676/1874 2175/2700/1892 2176/2705/1896 2146/2681/1878
f 2412/2706/1897 2395/2707/1898 2302/2708/1899 2294/2709/1900
f 2347/2710/1901 2345/2711/1902 2192/2712/1903 2193/2713/1904
f 2253/2714/1905 2252/2715/1905 2194/2716/1906 2239/2717/1907
f 2395/2707/1898 2416/2718/1908 2295/2719/1909 2302/2708/1899
f 2333/2720/1910 2331/2721/1911 2185/2722/1912 2186/2723/1913
f 2216/2724/1914 2195/2725/1915 2197/2726/1916 2218/2727/1917
f 2420/2728/1918 2422/2729/1919 2297/2730/1920 2296/2731/1921
f 2338/2732/1922 2351/2733/1923 2245/2734/1924 2188/2735/1925
f 2218/2727/1917 2197/2726/1916 2199/2736/1926 2220/2737/1927
f 2399/2738/1928 2404/2739/1929 2288/2740/1930 2301/2741/1931
f 2345/2711/1902 2343/2742/1932 2191/2743/1933 2192/2712/1903
f 2220/2737/1927 2199/2736/1926 2201/2744/1934 2222/2745/1935
f 2410/2746/1936 2412/2706/1897 2294/2709/1900 2293/2747/1937
f 2328/2748/1938 2353/2749/1939 2250/2750/1940 2181/2751/1941
f 2222/2745/1935 2201/2744/1934 2203/2752/1942 2224/2753/1943
f 2614/2754/1944 2626/2755/1945 2628/2756/1946 2607/2757/1947
f 2248/2758/1948 2247/2759/1948 2205/2760/1949 2226/2761/1950
f 2408/2762/1951 2410/2746/1936 2293/2747/1937 2292/2763/1952
f 2351/2733/1923 2335/2764/1953 2187/2765/1954 2245/2734/1924
f 2243/2766/1955 2242/2767/1955 2206/2768/1956 2228/2769/1957
f 2426/2770/1958 2428/2771/1959 2300/2772/1960 2299/2773/1961
f 2343/2742/1932 2341/2774/1962 2190/2775/1963 2191/2743/1933
f 2228/2769/1957 2206/2768/1956 2208/2776/1964 2230/2777/1965
f 2406/2778/1966 2408/2762/1951 2292/2763/1952 2291/2779/1967
f 2327/2780/1968 2356/2781/1969 2357/2782/1970 2360/2783/1971
f 2230/2777/1965 2208/2776/1964 2210/2784/1972 2232/2785/1973
f 2424/2786/1974 2426/2770/1958 2299/2773/1961 2298/2787/1975
f 2353/2749/1939 2347/2710/1901 2193/2713/1904 2250/2750/1940
f 2232/2785/1973 2210/2784/1972 2212/2788/1976 2234/2789/1977
f 2404/2739/1929 2406/2778/1966 2291/2779/1967 2288/2740/1930
f 2335/2764/1953 2333/2720/1910 2186/2723/1913 2187/2765/1954
f 2234/2789/1977 2212/2788/1976 2214/2790/1978 2236/2791/1979
f 2432/2792/1980 2399/2738/1928 2301/2741/1931 2290/2793/1981
f 2337/2794/1982 2350/2795/1983 2361/2796/1984 2364/2797/1985
f 2258/2798/1986 2257/2799/1986 2195/2725/1915 2216/2724/1914
f 2198/2800/1917 2308/2801/1987 2310/2802/1988 2200/2803/1927
f 2256/2804/1989 2358/2805/1990 2305/2806/1991 2196/2807/1992
f 2200/2803/1927 2310/2802/1988 2312/2808/1993 2202/2809/1994
f 2202/2809/1994 2312/2808/1993 2314/2810/1995 2204/2811/1996
f 2336/2812/1997 2352/2813/1998 2365/2814/1999 2313/2815/2000
f 2340/2816/2001 2349/2817/2002 2240/2818/2003 2189/2819/2004
f 2209/2820/2005 2318/2821/2006 2320/2822/2007 2211/2823/2008
f 2241/2824/2009 2362/2825/2010 2315/2826/2011 2207/2827/2012
f 2211/2823/2008 2320/2822/2007 2322/2828/2013 2213/2829/1977
f 2213/2829/1977 2322/2828/2013 2324/2830/2014 2215/2831/2015
f 2348/2832/2016 2354/2833/2017 2367/2834/2018 2323/2835/2019
f 2331/2721/1911 2329/2836/2020 2184/2837/2021 2185/2722/1912
f 2182/2838/2022 2183/2839/2022 2255/2840/2022
f 2182/2838/2022 2184/2841/2022 2183/2839/2022
f 2182/2838/2022 2185/2842/2022 2184/2841/2022
f 2182/2838/2022 2186/2843/2022 2185/2842/2022
f 2182/2838/2022 2187/2844/2022 2186/2843/2022
f 2182/2838/2022 2188/2845/2022 2245/2846/2022
f 2182/2838/2022 2189/2847/2022 2240/2848/2022
f 2182/2838/2022 2190/2849/2022 2189/2847/2022
f 2182/2838/2022 2191/2850/2022 2190/2849/2022
f 2182/2838/2022 2192/2851/2022 2191/2850/2022
f 2182/2838/2022 2193/2852/2022 2192/2851/2022
f 2182/2838/2022 2250/2853/2022 2193/2852/2022
f 2325/2854/2023 2330/2855/2024 2307/2856/2025 2306/2857/2026
f 2407/2858/2027 2405/2859/2028 2374/2860/2029 2376/2861/2030
f 2346/2862/2031 2348/2832/2016 2323/2835/2019 2321/2863/2032
f 2344/2864/2033 2346/2862/2031 2321/2863/2032 2319/2865/2034
f 2342/2866/2035 2344/2864/2033 2319/2865/2034 2317/2867/2036
f 2339/2868/2037 2342/2866/2035 2317/2867/2036 2316/2869/2038
f 2350/2795/1983 2339/2868/2037 2316/2869/2038 2361/2796/1984
f 2440/2870/2039 2446/2871/2040 2447/2872/2041 2442/2873/2042
f 2334/2874/2043 2336/2812/1997 2313/2815/2000 2311/2875/2044
f 2332/2876/2045 2334/2874/2043 2311/2875/2044 2309/2877/2046
f 2330/2855/2024 2332/2876/2045 2309/2877/2046 2307/2856/2025
f 2356/2781/1969 2325/2854/2023 2306/2857/2026 2357/2782/1970
f 2409/2878/2047 2407/2858/2027 2376/2861/2030 2378/2879/2048
f 2405/2859/2028 2403/2880/2049 2372/2881/2050 2374/2860/2029
f 2411/2882/2051 2409/2878/2047 2378/2879/2048 2380/2883/2052
f 2379/2884/2053 2225/2885/2054 2249/2886/2055 2414/2887/2056
f 2381/2888/2057 2227/2889/1949 2244/2890/1955 2418/2891/2058
f 2421/2892/2059 2419/2893/2060 2384/2894/2061 2386/2895/2062
f 2423/2896/2063 2421/2892/2059 2386/2895/2062 2388/2897/2064
f 2425/2898/2065 2423/2896/2063 2388/2897/2064 2390/2899/2066
f 2427/2900/2067 2425/2898/2065 2390/2899/2066 2392/2901/2068
f 2391/2902/2069 2237/2903/1978 2254/2904/1905 2430/2905/2070
f 2369/2906/2071 2238/2907/1906 2259/2908/1986 2402/2909/2072
f 2486/2910/2073 2490/2911/2074 2491/2912/2075 2487/2913/2076
f 2254/2914/2077 2237/2915/2077 2492/2916/2078 2496/2917/2079
f 2493/2918/2080 2436/2919/2081 2434/2920/2082 2495/2921/2083
f 2507/2922/2084 2505/2923/2085 2538/2924/2086 2540/2925/2087
f 2212/2926/2077 2210/2927/2077 2537/2928/2088 2535/2929/2089
f 2482/2930/2090 2486/2910/2073 2487/2913/2076 2483/2931/2091
f 2209/2932/2022 2211/2933/2022 2263/2934/2022 2264/2935/2022
f 2562/2936/2092 2578/2937/2093 2272/2938/2094 2261/2939/2095
f 2437/2940/2096 2440/2870/2039 2442/2873/2042 2443/2941/2097
f 2232/2942/2022 2234/2943/2022 2485/2944/2098 2481/2945/2099
f 2230/2946/2022 2232/2942/2022 2481/2945/2099 2477/2947/2100
f 2464/2948/2101 2469/2949/2102 2475/2950/2103 2466/2951/2104
f 2505/2923/2085 2503/2952/2105 2536/2953/2106 2538/2924/2086
f 2499/2954/2107 2502/2955/2108 2532/2956/2109 2533/2957/2110
f 2478/2958/2111 2482/2930/2090 2483/2931/2091 2479/2959/2112
f 2513/2960/2113 2509/2961/2114 2542/2962/2115 2545/2963/2116
f 2211/2933/2022 2213/2964/2022 2262/2965/2022 2263/2934/2022
f 2567/2966/2022 2271/2967/2022 2526/2968/2117 2528/2969/2118
f 2229/2970/2077 2244/2971/2077 2476/2972/2119 2473/2973/2120
f 2556/2974/2121 2558/2975/2122 2525/2976/2123 2523/2977/2124
f 2623/2978/2125 2622/2979/2126 2573/2980/2127 2272/2938/2094
f 2257/2981/2077 2194/2982/2077 2531/2983/2128 2560/2984/2129
f 2196/2985/2022 2198/2986/2022 2270/2987/2022 2271/2967/2022
f 2472/2988/2130 2478/2958/2111 2479/2959/2112 2474/2989/2131
f 2394/2990/2132 2415/2991/2133 2382/2992/2134 2417/2993/2135
f 2213/2964/2022 2215/2994/2022 2260/2995/2022 2262/2965/2022
f 2352/2813/1998 2337/2794/1982 2364/2797/1985 2365/2814/1999
f 2341/2774/1962 2340/2816/2001 2189/2819/2004 2190/2775/1963
f 2226/2761/1950 2205/2760/1949 2242/2767/1955 2243/2766/1955
f 2243/2996/2022 2228/2997/2022 2471/2998/2136 2470/2999/2137
f 2521/3000/2138 2554/3001/2139 2556/2974/2121 2523/2977/2124
f 2396/3002/2140 2411/2882/2051 2380/2883/2052 2413/3003/2141
f 2207/2827/2012 2315/2826/2011 2318/2821/2006 2209/2820/2005
f 2204/2811/1996 2314/2810/1995 2366/3004/2142 2246/3005/2143
f 2224/2753/1943 2203/2752/1942 2247/2759/1948 2248/2758/1948
f 2349/2817/2002 2338/2732/1922 2188/2735/1925 2240/2818/2003
f 2326/3006/2144 2355/3007/2145 2255/3008/2146 2183/3009/2147
f 2530/3010/2148 2536/2953/2106 2503/2952/2105 2498/3011/2149
f 2274/3012/2150 2281/3013/2151 2594/3014/2152 2580/3015/2153
f 2398/3016/2154 2427/2900/2067 2392/2901/2068 2429/3017/2155
f 2215/2831/2015 2324/2830/2014 2368/3018/2156 2251/3019/2157
f 2355/3007/2145 2328/3020/1938 2181/3021/1941 2255/3008/2146
f 2236/2791/1979 2214/2790/1978 2252/2715/1905 2253/2714/1905
f 2198/2986/2022 2200/3022/2022 2269/3023/2022 2270/2987/2022
f 2446/2871/2040 2450/3024/2158 2451/3025/2159 2447/2872/2041
f 2400/3026/2160 2431/3027/2161 2370/3028/2162 2401/3029/2163
f 2469/2949/2102 2472/2988/2130 2474/2989/2131 2475/2950/2103
f 2354/2833/2017 2327/3030/1968 2360/3031/1971 2367/2834/2018
f 2239/3032/1907 2194/3033/1906 2257/2799/1986 2258/2798/1986
f 2329/2836/2020 2326/3006/2144 2183/3009/2147 2184/2837/2021
f 2246/3034/2164 2366/3035/2165 2575/3036/2166 2565/3037/2167
f 2194/3038/2077 2252/3039/2077 2534/3040/2168 2531/3041/2128
f 2533/2957/2110 2530/3010/2148 2498/3011/2149 2499/2954/2107
f 2563/3042/2022 2265/3043/2022 2510/3044/2169 2514/3045/2170
f 2527/3046/2171 2559/3047/2172 2532/3048/2109 2502/3049/2108
f 2261/2939/2095 2272/2938/2094 2573/2980/2127 2567/3050/2173
f 2195/3051/2077 2257/2981/2077 2560/2984/2129 2557/3052/2174
f 2242/3053/2077 2205/3054/2077 2543/3055/2175 2546/3056/2176
f 2210/2927/2077 2208/3057/2077 2539/3058/2177 2537/2928/2088
f 2519/3059/2178 2552/3060/2179 2554/3001/2139 2521/3000/2138
f 2216/3061/2022 2218/3062/2022 2445/3063/2180 2439/3064/2181
f 2219/3065/2077 2217/3066/2077 2441/3067/2182 2448/3068/2183
f 2218/3062/2022 2220/3069/2022 2449/3070/2184 2445/3063/2180
f 2220/3069/2022 2222/3071/2022 2453/3072/2185 2449/3070/2184
f 2222/3071/2022 2224/3073/2022 2457/3074/2186 2453/3072/2185
f 2226/3075/2022 2243/2996/2022 2470/2999/2137 2463/3076/2187
f 2228/2997/2022 2230/2946/2022 2477/2947/2100 2471/2998/2136
f 2231/3077/2077 2229/2970/2077 2473/2973/2120 2480/3078/2188
f 2233/3079/2077 2231/3077/2077 2480/3078/2188 2484/3080/2189
f 2235/3081/2077 2233/3079/2077 2484/3080/2189 2488/3082/2190
f 2234/2943/2022 2236/3083/2022 2489/3084/2191 2485/2944/2098
f 2238/3085/2077 2254/2914/2077 2496/2917/2079 2433/3086/2192
f 2260/2995/2022 2562/3087/2022 2500/3088/2193 2497/3089/2194
f 2227/3090/2077 2249/3091/2077 2468/3092/2195 2465/3093/2196
f 2362/3094/2197 2241/3095/2198 2564/3096/2199 2571/3097/2200
f 2224/3073/2022 2248/3098/2022 2462/3099/2201 2457/3074/2186
f 2247/3100/2077 2203/3101/2077 2547/3102/2202 2550/3103/2203
f 2236/3083/2022 2253/3104/2022 2494/3105/2204 2489/3084/2191
f 2197/3106/2077 2195/3051/2077 2557/3052/2174 2555/3107/2205
f 2259/3108/2077 2238/3109/2077 2433/3110/2192 2444/3111/2206
f 2284/3112/2207 2275/3113/2208 2570/3114/2209 2599/3115/2210
f 2253/3104/2022 2239/3116/2022 2435/3117/2211 2494/3105/2204
f 2207/3118/2022 2209/2932/2022 2264/2935/2022 2265/3043/2022
f 2629/3119/2212 2627/3120/2213 2273/3121/2214 2576/3122/2215
f 2237/2915/2077 2235/3081/2077 2488/3082/2190 2492/2916/2078
f 2206/3123/2077 2242/3053/2077 2546/3056/2176 2541/3124/2216
f 2217/3066/2077 2259/3108/2077 2444/3111/2206 2441/3067/2182
f 2490/2911/2074 2493/2918/2080 2495/2921/2083 2491/2912/2075
f 2221/3125/2077 2219/3065/2077 2448/3068/2183 2452/3126/2217
f 2266/3127/2022 2563/3042/2022 2514/3045/2170 2511/3128/2218
f 2239/3129/2022 2258/3130/2022 2438/3131/2219 2435/3132/2211
f 2544/3133/2220 2549/3134/2221 2517/3135/2222 2512/3136/2223
f 2450/3024/2158 2454/3137/2224 2455/3138/2225 2451/3025/2159
f 2223/3139/2077 2221/3125/2077 2452/3126/2217 2456/3140/2226
f 2519/3059/2178 2516/3141/2227 2548/3142/2228 2552/3060/2179
f 2454/3137/2224 2458/3143/2229 2459/3144/2230 2455/3138/2225
f 2566/3145/2231 2576/3122/2215 2273/3121/2214 2266/3146/2232
f 2225/3147/2077 2223/3139/2077 2456/3140/2226 2460/3148/2233
f 2202/3149/2022 2204/3150/2022 2267/3151/2022 2268/3152/2022
f 2545/2963/2116 2544/3133/2220 2512/3136/2223 2513/2960/2113
f 2516/3141/2227 2517/3135/2222 2549/3134/2221 2548/3142/2228
f 2249/3091/2077 2225/3147/2077 2460/3148/2233 2468/3092/2195
f 2458/3143/2229 2461/3153/2234 2467/3154/2235 2459/3144/2230
f 2244/2971/2077 2227/3090/2077 2465/3093/2196 2476/2972/2119
f 2461/3153/2234 2464/2948/2101 2466/2951/2104 2467/3154/2235
f 2200/3022/2022 2202/3149/2022 2268/3152/2022 2269/3023/2022
f 2558/2975/2122 2559/3047/2172 2527/3046/2171 2525/2976/2123
f 2199/3155/2077 2197/3106/2077 2555/3107/2205 2553/3156/2236
f 2248/3098/2022 2226/3075/2022 2463/3076/2187 2462/3099/2201
f 2258/3130/2022 2216/3061/2022 2439/3064/2181 2438/3131/2219
f 2666/3157/2237 2661/3158/2238 2626/2755/1945 2614/2754/1944
f 2589/3159/2239 2649/3160/2240 2652/3161/2241 2569/3162/2242
f 2610/3163/2243 2641/3164/2244 2644/3165/2245 2611/3166/2246
f 2649/3160/2240 2592/3167/2247 2585/3168/2248 2662/3169/2249
f 2643/3170/2250 2593/3171/2251 2596/3172/2252
f 2664/3173/2253 2629/3119/2212 2576/3122/2215 2588/3174/2254
f 2241/3175/2022 2207/3118/2022 2564/3176/2022
f 2600/3177/2255 2648/3178/2256 2597/3179/2257
f 2625/3180/2258 2662/3169/2249 2585/3168/2248 2572/3181/2259
f 2281/3013/2260 2612/3182/2261 2280/3183/2262
f 2631/3184/2263 2623/2978/2125 2272/2938/2094 2578/2937/2093
f 2622/2979/2126 2655/3185/2264 2581/3186/2265 2573/2980/2127
f 2660/3187/2266 2631/3184/2263 2578/2937/2093 2584/3188/2267
f 2634/3189/2268 2283/3190/2269 2275/3113/2270 2635/3191/2271
f 2604/3192/2272 2638/3193/2273 2601/3194/2274
f 2633/3195/2275 2650/3196/2276 2661/3158/2238 2666/3157/2237
f 2587/3197/2277 2279/3198/2278 2285/3199/2279 2598/3200/2280
f 2583/3201/2281 2276/3202/2282 2287/3203/2283 2602/3204/2284
f 2575/3036/2166 2366/3035/2165 2279/3198/2278 2587/3197/2277
f 2607/3205/1947 2628/3206/1946 2630/3207/2285 2615/3208/2286
f 2286/3209/2287 2274/3012/2150 2580/3015/2153 2603/3210/2288
f 2605/3211/2289 2624/3212/2290 2632/3213/2291 2617/3214/2292
f 2577/3215/2293 2368/3216/2294 2276/3202/2282 2583/3201/2281
f 2275/3113/2208 2283/3190/2295 2590/3217/2296 2570/3114/2209
f 2653/3218/2297 2659/3219/2298 2637/3220/2299 2640/3221/2300
f 2358/3222/2301 2574/3223/2302 2582/3224/2303 2277/3225/2304
f 2562/3087/2022 2261/3226/2022 2501/3227/2305 2500/3088/2193
f 2658/3228/2306 2656/3229/2307 2621/3230/2308 2620/3231/2309
f 2261/3232/2022 2567/2966/2022 2528/2969/2118 2501/3233/2305
f 2566/3234/2022 2266/3127/2022 2511/3128/2218 2518/3235/2310
f 2638/3193/2273 2604/3192/2272 2579/3236/2311 2642/3237/2312
f 2362/3094/2197 2571/3097/2200 2586/3238/2313 2278/3239/2314
f 2617/3214/2292 2632/3213/2291 2659/3219/2298 2653/3218/2297
f 2615/3208/2286 2630/3207/2285 2663/3240/2315 2667/3241/2316
f 2280/3183/2262 2612/3182/2261 2657/3242/2317 2277/3243/2318
f 2613/3244/2319 2608/3245/2320 2363/3246/2321 2362/3247/2322
f 2645/3248/2323 2284/3112/2324 2285/3199/2325
f 2284/3112/2324 2645/3248/2323 2635/3191/2271 2275/3113/2270
f 2616/3249/2326 2668/3250/2327 2279/3251/2328 2366/3252/2329
f 2646/3253/2330 2647/3254/2331 2651/3255/2332 2636/3256/2333
f 2282/3257/2334 2634/3189/2268 2665/3258/2335 2278/3259/2336
f 2665/3258/2335 2613/3244/2319 2362/3247/2322 2278/3259/2336
f 2281/3013/2260 2274/3012/2337 2609/3260/2338 2612/3182/2261
f 2618/3261/2339 2654/3262/2340 2276/3263/2341 2368/3264/2342
f 2639/3265/2343 2286/3209/2344 2287/3203/2345
f 2611/3166/2246 2644/3165/2245 2656/3229/2307 2658/3228/2306
f 2639/3265/2343 2609/3260/2338 2274/3012/2337 2286/3209/2344
f 2287/3203/2345 2276/3263/2341 2654/3262/2340 2639/3265/2343
f 2278/3239/2314 2586/3238/2313 2591/3266/2346 2282/3257/2347
f 2597/3179/2257 2648/3178/2256 2664/3173/2253 2588/3174/2254
f 2601/3194/2274 2638/3193/2273 2660/3187/2266 2584/3188/2267
f 2608/3245/2320 2616/3249/2326 2366/3252/2329 2363/3246/2321
f 2256/3267/2022 2196/2985/2022 2568/3268/2022
f 2507/2922/2084 2540/2925/2087 2542/2962/2115 2509/2961/2114
f 2208/3057/2077 2206/3123/2077 2541/3124/2216 2539/3058/2177
f 2265/3043/2022 2264/2935/2022 2508/3269/2348 2510/3044/2169
f 2266/3146/2232 2273/3121/2214 2572/3181/2259 2563/3270/2349
f 2267/3151/2022 2566/3234/2022 2518/3235/2310 2515/3271/2350
f 2270/2987/2022 2269/3023/2022 2522/3272/2351 2524/3273/2352
f 2271/2967/2022 2270/2987/2022 2524/3273/2352 2526/2968/2117
f 2203/3101/2077 2201/3274/2077 2551/3275/2353 2547/3102/2202
f 2201/3274/2077 2199/3155/2077 2553/3156/2236 2551/3275/2353
f 2262/2965/2022 2260/2995/2022 2497/3089/2194 2504/3276/2354
f 2205/3054/2077 2247/3100/2077 2550/3103/2203 2543/3055/2175
f 2263/2934/2022 2262/2965/2022 2504/3276/2354 2506/3277/2355
f 2215/2994/2022 2251/3278/2022 2561/3279/2022
f 2358/3222/2301 2256/3280/2356 2568/3281/2357 2574/3223/2302
f 2268/3152/2022 2267/3151/2022 2515/3271/2350 2520/3282/2358
f 2264/2935/2022 2263/2934/2022 2506/3277/2355 2508/3269/2348
f 2269/3023/2022 2268/3152/2022 2520/3282/2358 2522/3272/2351
f 2402/2909/2072 2259/2908/1986 2217/3283/1915 2371/3284/2359
f 2371/3284/2359 2217/3283/1915 2219/3285/2360 2373/3286/2361
f 2373/3286/2361 2219/3285/2360 2221/3287/2362 2375/3288/2363
f 2375/3288/2363 2221/3287/2362 2223/3289/2364 2377/3290/2365
f 2377/3290/2365 2223/3289/2364 2225/2885/2054 2379/2884/2053
f 2414/2887/2056 2249/2886/2055 2227/2889/1949 2381/2888/2057
f 2418/2891/2058 2244/2890/1955 2229/3291/1956 2383/3292/2366
f 2383/3292/2366 2229/3291/1956 2231/3293/1964 2385/3294/2367
f 2385/3294/2367 2231/3293/1964 2233/3295/1972 2387/3296/2368
f 2387/3296/2368 2233/3295/1972 2235/3297/1976 2389/3298/2369
f 2389/3298/2369 2235/3297/1976 2237/2903/1978 2391/2902/2069
f 2430/2905/2070 2254/2904/1905 2238/3299/1906 2369/3300/2071
f 2419/2893/2060 2394/2990/2132 2417/2993/2135 2384/2894/2061
f 2415/2991/2133 2396/3002/2140 2413/3003/2141 2382/2992/2134
f 2393/3301/2370 2420/2728/1918 2296/2731/1921 2303/3302/2371
f 2403/2880/2049 2400/3026/2160 2401/3029/2163 2372/2881/2050
f 2289/3303/2077 2290/3304/2077 2301/3305/2077
f 2289/3303/2077 2288/3306/2077 2291/3307/2077
f 2289/3303/2077 2291/3307/2077 2292/3308/2077
f 2289/3303/2077 2292/3308/2077 2293/3309/2077
f 2289/3303/2077 2293/3309/2077 2294/3310/2077
f 2289/3303/2077 2302/3311/2077 2295/3312/2077
f 2289/3303/2077 2303/3313/2077 2296/3314/2077
f 2289/3303/2077 2296/3314/2077 2297/3315/2077
f 2289/3303/2077 2297/3315/2077 2298/3316/2077
f 2289/3303/2077 2298/3316/2077 2299/3317/2077
f 2289/3303/2077 2299/3317/2077 2300/3318/2077
f 2289/3303/2077 2300/3318/2077 2304/3319/2077
f 2428/2771/1959 2397/3320/2372 2304/3321/2373 2300/2772/1960
f 2416/2718/1908 2393/3301/2370 2303/3302/2371 2295/2719/1909
f 2397/3320/2372 2432/3322/1980 2290/3323/1981 2304/3321/2373
f 2422/2729/1919 2424/2786/1974 2298/2787/1975 2297/2730/1920
f 2358/2805/1990 2359/3324/2374 2360/2783/1971 2357/2782/1970
f 2308/2801/1987 2305/2806/1991 2306/2857/2026 2307/2856/2025
f 2310/2802/1988 2308/2801/1987 2307/2856/2025 2309/2877/2046
f 2312/2808/1993 2310/2802/1988 2309/2877/2046 2311/2875/2044
f 2314/2810/1995 2312/2808/1993 2311/2875/2044 2313/2815/2000
f 2366/3004/2142 2314/2810/1995 2313/2815/2000 2365/2814/1999
f 2362/2825/2010 2363/3325/2375 2364/2797/1985 2361/2796/1984
f 2318/2821/2006 2315/2826/2011 2316/2869/2038 2317/2867/2036
f 2320/2822/2007 2318/2821/2006 2317/2867/2036 2319/2865/2034
f 2322/2828/2013 2320/2822/2007 2319/2865/2034 2321/2863/2032
f 2324/2830/2014 2322/2828/2013 2321/2863/2032 2323/2835/2019
f 2368/3018/2156 2324/2830/2014 2323/2835/2019 2367/2834/2018
f 2356/2781/1969 2327/2780/1968 2328/3020/1938 2355/3007/2145
f 2330/2855/2024 2325/2854/2023 2326/3006/2144 2329/2836/2020
f 2332/2876/2045 2330/2855/2024 2329/2836/2020 2331/2721/1911
f 2334/2874/2043 2332/2876/2045 2331/2721/1911 2333/2720/1910
f 2336/2812/1997 2334/2874/2043 2333/2720/1910 2335/2764/1953
f 2352/2813/1998 2336/2812/1997 2335/2764/1953 2351/2733/1923
f 2350/2795/1983 2337/2794/1982 2338/2732/1922 2349/2817/2002
f 2342/2866/2035 2339/2868/2037 2340/2816/2001 2341/2774/1962
f 2344/2864/2033 2342/2866/2035 2341/2774/1962 2343/2742/1932
f 2346/2862/2031 2344/2864/2033 2343/2742/1932 2345/2711/1902
f 2348/2832/2016 2346/2862/2031 2345/2711/1902 2347/2710/1901
f 2354/2833/2017 2348/2832/2016 2347/2710/1901 2353/2749/1939
f 2315/2826/2011 2362/2825/2010 2361/2796/1984 2316/2869/2038
f 2339/2868/2037 2350/2795/1983 2349/2817/2002 2340/2816/2001
f 2363/3325/2375 2366/3004/2142 2365/2814/1999 2364/2797/1985
f 2337/2794/1982 2352/2813/1998 2351/2733/1923 2338/2732/1922
f 2359/3326/2374 2368/3018/2156 2367/2834/2018 2360/3031/1971
f 2327/3030/1968 2354/2833/2017 2353/2749/1939 2328/2748/1938
f 2305/2806/1991 2358/2805/1990 2357/2782/1970 2306/2857/2026
f 2325/2854/2023 2356/2781/1969 2355/3007/2145 2326/3006/2144
f 2196/2807/1992 2305/2806/1991 2308/2801/1987 2198/2800/1917
f 2402/2909/2072 2371/3284/2359 2372/2881/2050 2401/3029/2163
f 2371/3284/2359 2373/3286/2361 2374/2860/2029 2372/2881/2050
f 2373/3286/2361 2375/3288/2363 2376/2861/2030 2374/2860/2029
f 2375/3288/2363 2377/3290/2365 2378/2879/2048 2376/2861/2030
f 2377/3290/2365 2379/2884/2053 2380/2883/2052 2378/2879/2048
f 2414/2887/2056 2381/2888/2057 2382/2992/2134 2413/3003/2141
f 2418/2891/2058 2383/3292/2366 2384/2894/2061 2417/2993/2135
f 2383/3292/2366 2385/3294/2367 2386/2895/2062 2384/2894/2061
f 2385/3294/2367 2387/3296/2368 2388/2897/2064 2386/2895/2062
f 2387/3296/2368 2389/3298/2369 2390/2899/2066 2388/2897/2064
f 2389/3298/2369 2391/2902/2069 2392/2901/2068 2390/2899/2066
f 2430/2905/2070 2369/3300/2071 2370/3327/2162 2429/3017/2155
f 2381/2888/2057 2418/2891/2058 2417/2993/2135 2382/2992/2134
f 2379/2884/2053 2414/2887/2056 2413/3003/2141 2380/2883/2052
f 2391/2902/2069 2430/2905/2070 2429/3017/2155 2392/2901/2068
f 2369/2906/2071 2402/2909/2072 2401/3029/2163 2370/3028/2162
f 2400/3026/2160 2403/2880/2049 2404/2739/1929 2399/2738/1928
f 2403/2880/2049 2405/2859/2028 2406/2778/1966 2404/2739/1929
f 2405/2859/2028 2407/2858/2027 2408/2762/1951 2406/2778/1966
f 2407/2858/2027 2409/2878/2047 2410/2746/1936 2408/2762/1951
f 2409/2878/2047 2411/2882/2051 2412/2706/1897 2410/2746/1936
f 2396/3002/2140 2415/2991/2133 2416/2718/1908 2395/2707/1898
f 2394/2990/2132 2419/2893/2060 2420/2728/1918 2393/3301/2370
f 2419/2893/2060 2421/2892/2059 2422/2729/1919 2420/2728/1918
f 2421/2892/2059 2423/2896/2063 2424/2786/1974 2422/2729/1919
f 2423/2896/2063 2425/2898/2065 2426/2770/1958 2424/2786/1974
f 2425/2898/2065 2427/2900/2067 2428/2771/1959 2426/2770/1958
f 2398/3016/2154 2431/3328/2161 2432/3322/1980 2397/3320/2372
f 2415/2991/2133 2394/2990/2132 2393/3301/2370 2416/2718/1908
f 2411/2882/2051 2396/3002/2140 2395/2707/1898 2412/2706/1897
f 2427/2900/2067 2398/3016/2154 2397/3320/2372 2428/2771/1959
f 2431/3027/2161 2400/3026/2160 2399/2738/1928 2432/2792/1980
f 2431/3328/2161 2398/3016/2154 2429/3017/2155 2370/3327/2162
f 2438/3131/2219 2439/3064/2181 2440/2870/2039 2437/2940/2096
f 2444/3111/2206 2433/3110/2192 2434/3329/2082 2443/2941/2097
f 2439/3064/2181 2445/3063/2180 2446/2871/2040 2440/2870/2039
f 2448/3068/2183 2441/3067/2182 2442/2873/2042 2447/2872/2041
f 2445/3063/2180 2449/3070/2184 2450/3024/2158 2446/2871/2040
f 2452/3126/2217 2448/3068/2183 2447/2872/2041 2451/3025/2159
f 2449/3070/2184 2453/3072/2185 2454/3137/2224 2450/3024/2158
f 2456/3140/2226 2452/3126/2217 2451/3025/2159 2455/3138/2225
f 2453/3072/2185 2457/3074/2186 2458/3143/2229 2454/3137/2224
f 2460/3148/2233 2456/3140/2226 2455/3138/2225 2459/3144/2230
f 2462/3099/2201 2463/3076/2187 2464/2948/2101 2461/3153/2234
f 2468/3092/2195 2460/3148/2233 2459/3144/2230 2467/3154/2235
f 2470/2999/2137 2471/2998/2136 2472/2988/2130 2469/2949/2102
f 2476/2972/2119 2465/3093/2196 2466/2951/2104 2475/2950/2103
f 2471/2998/2136 2477/2947/2100 2478/2958/2111 2472/2988/2130
f 2480/3078/2188 2473/2973/2120 2474/2989/2131 2479/2959/2112
f 2477/2947/2100 2481/2945/2099 2482/2930/2090 2478/2958/2111
f 2484/3080/2189 2480/3078/2188 2479/2959/2112 2483/2931/2091
f 2481/2945/2099 2485/2944/2098 2486/2910/2073 2482/2930/2090
f 2488/3082/2190 2484/3080/2189 2483/2931/2091 2487/2913/2076
f 2485/2944/2098 2489/3084/2191 2490/2911/2074 2486/2910/2073
f 2492/2916/2078 2488/3082/2190 2487/2913/2076 2491/2912/2075
f 2494/3105/2204 2435/3117/2211 2436/2919/2081 2493/2918/2080
f 2496/2917/2079 2492/2916/2078 2491/2912/2075 2495/2921/2083
f 2463/3076/2187 2470/2999/2137 2469/2949/2102 2464/2948/2101
f 2473/2973/2120 2476/2972/2119 2475/2950/2103 2474/2989/2131
f 2457/3074/2186 2462/3099/2201 2461/3153/2234 2458/3143/2229
f 2465/3093/2196 2468/3092/2195 2467/3154/2235 2466/2951/2104
f 2489/3084/2191 2494/3105/2204 2493/2918/2080 2490/2911/2074
f 2433/3086/2192 2496/2917/2079 2495/2921/2083 2434/2920/2082
f 2435/3132/2211 2438/3131/2219 2437/2940/2096 2436/3330/2081
f 2441/3067/2182 2444/3111/2206 2443/2941/2097 2442/2873/2042
f 2500/3088/2193 2501/3227/2305 2502/2955/2108 2499/2954/2107
f 2504/3276/2354 2497/3089/2194 2498/3011/2149 2503/2952/2105
f 2506/3277/2355 2504/3276/2354 2503/2952/2105 2505/2923/2085
f 2508/3269/2348 2506/3277/2355 2505/2923/2085 2507/2922/2084
f 2510/3044/2169 2508/3269/2348 2507/2922/2084 2509/2961/2114
f 2514/3045/2170 2510/3044/2169 2509/2961/2114 2513/2960/2113
f 2518/3235/2310 2511/3128/2218 2512/3136/2223 2517/3135/2222
f 2520/3282/2358 2515/3271/2350 2516/3141/2227 2519/3059/2178
f 2522/3272/2351 2520/3282/2358 2519/3059/2178 2521/3000/2138
f 2524/3273/2352 2522/3272/2351 2521/3000/2138 2523/2977/2124
f 2526/2968/2117 2524/3273/2352 2523/2977/2124 2525/2976/2123
f 2528/2969/2118 2526/2968/2117 2525/2976/2123 2527/3046/2171
f 2511/3128/2218 2514/3045/2170 2513/2960/2113 2512/3136/2223
f 2515/3271/2350 2518/3235/2310 2517/3135/2222 2516/3141/2227
f 2497/3089/2194 2500/3088/2193 2499/2954/2107 2498/3011/2149
f 2501/3233/2305 2528/2969/2118 2527/3046/2171 2502/3049/2108
f 2436/3330/2081 2437/2940/2096 2443/2941/2097 2434/3329/2082
f 2214/3331/2077 2212/2926/2077 2535/2929/2089 2529/3332/2376
f 2534/3040/2168 2529/3332/2376 2530/3010/2148 2533/2957/2110
f 2529/3332/2376 2535/2929/2089 2536/2953/2106 2530/3010/2148
f 2535/2929/2089 2537/2928/2088 2538/2924/2086 2536/2953/2106
f 2537/2928/2088 2539/3058/2177 2540/2925/2087 2538/2924/2086
f 2539/3058/2177 2541/3124/2216 2542/2962/2115 2540/2925/2087
f 2546/3056/2176 2543/3055/2175 2544/3133/2220 2545/2963/2116
f 2550/3103/2203 2547/3102/2202 2548/3142/2228 2549/3134/2221
f 2547/3102/2202 2551/3275/2353 2552/3060/2179 2548/3142/2228
f 2551/3275/2353 2553/3156/2236 2554/3001/2139 2552/3060/2179
f 2553/3156/2236 2555/3107/2205 2556/2974/2121 2554/3001/2139
f 2555/3107/2205 2557/3052/2174 2558/2975/2122 2556/2974/2121
f 2560/2984/2129 2531/2983/2128 2532/3048/2109 2559/3047/2172
f 2541/3124/2216 2546/3056/2176 2545/2963/2116 2542/2962/2115
f 2543/3055/2175 2550/3103/2203 2549/3134/2221 2544/3133/2220
f 2531/3041/2128 2534/3040/2168 2533/2957/2110 2532/2956/2109
f 2557/3052/2174 2560/2984/2129 2559/3047/2172 2558/2975/2122
f 2252/3039/2077 2214/3331/2077 2529/3332/2376 2534/3040/2168
f 2592/3167/2247 2649/3160/2240 2589/3159/2239
f 2284/3112/2207 2599/3115/2210 2598/3200/2280 2285/3199/2279
f 2282/3257/2347 2591/3266/2346 2590/3217/2296 2283/3190/2295
f 2627/3120/2213 2625/3180/2258 2572/3181/2259 2273/3121/2214
f 2283/3190/2269 2634/3189/2268 2282/3257/2334
f 2636/3256/2333 2651/3255/2332 2650/3196/2276 2633/3195/2275
f 2648/3178/2256 2600/3177/2255 2569/3162/2242 2652/3161/2241
f 2667/3241/2316 2663/3240/2315 2647/3254/2331 2646/3253/2330
f 2593/3171/2251 2643/3170/2250 2642/3237/2312 2579/3236/2311
f 2255/2840/2022 2181/3333/2022 2182/2838/2022
f 2640/3221/2300 2637/3220/2299 2641/3164/2244 2610/3163/2243
f 2657/3242/2317 2619/3334/2377 2358/3335/2378 2277/3243/2318
f 2594/3014/2152 2281/3013/2151 2280/3183/2379 2595/3336/2380
f 2277/3225/2304 2582/3224/2303 2595/3336/2380 2280/3183/2379
f 2596/3172/2252 2581/3186/2265 2655/3185/2264 2643/3170/2250
f 2602/3204/2284 2287/3203/2283 2286/3209/2287 2603/3210/2288
f 2568/3268/2022 2196/2985/2022 2271/2967/2022 2567/2966/2022
f 2586/3238/2313 2571/3097/2200 2572/3181/2259 2585/3168/2248
f 2571/3097/2200 2564/3096/2199 2563/3270/2349 2572/3181/2259
f 2576/3122/2215 2566/3145/2231 2565/3037/2167 2575/3036/2166
f 2578/2937/2093 2562/2936/2092 2561/3337/2381 2577/3215/2293
f 2574/3223/2302 2568/3281/2357 2567/3050/2173 2573/2980/2127
f 2573/2980/2127 2581/3186/2265 2582/3224/2303 2574/3223/2302
f 2577/3215/2293 2583/3201/2281 2584/3188/2267 2578/2937/2093
f 2575/3036/2166 2587/3197/2277 2588/3174/2254 2576/3122/2215
f 2590/3217/2296 2591/3266/2346 2592/3167/2247 2589/3159/2239
f 2594/3014/2152 2595/3336/2380 2596/3172/2252 2593/3171/2251
f 2598/3200/2280 2599/3115/2210 2600/3177/2255 2597/3179/2257
f 2602/3204/2284 2603/3210/2288 2604/3192/2272 2601/3194/2274
f 2570/3114/2209 2590/3217/2296 2589/3159/2239 2569/3162/2242
f 2591/3266/2346 2586/3238/2313 2585/3168/2248 2592/3167/2247
f 2593/3171/2251 2579/3236/2311 2580/3015/2153 2594/3014/2152
f 2581/3186/2265 2596/3172/2252 2595/3336/2380 2582/3224/2303
f 2569/3162/2242 2600/3177/2255 2599/3115/2210 2570/3114/2209
f 2597/3179/2257 2588/3174/2254 2587/3197/2277 2598/3200/2280
f 2601/3194/2274 2584/3188/2267 2583/3201/2281 2602/3204/2284
f 2579/3236/2311 2604/3192/2272 2603/3210/2288 2580/3015/2153
f 2251/3338/2382 2368/3216/2294 2577/3215/2293 2561/3337/2381
f 2620/3231/2309 2605/3339/2289 2606/3340/2383 2619/3341/2384
f 2614/2754/1944 2607/2757/1947 2608/3342/2385 2613/3343/2386
f 2662/3344/2387 2625/3345/2388 2626/2755/1945 2661/3158/2238
f 2607/3205/1947 2615/3208/2286 2616/3346/2389 2608/3347/2385
f 2605/3211/2289 2617/3214/2292 2618/3348/2390 2606/3349/2383
f 2622/3350/2391 2623/3351/2392 2624/3352/2290 2621/3230/2308
f 2625/3345/2388 2627/3353/2393 2628/2756/1946 2626/2755/1945
f 2627/3354/2393 2629/3355/2394 2630/3207/2285 2628/3206/1946
f 2623/3356/2392 2631/3357/2395 2632/3213/2291 2624/3212/2290
f 2612/3358/2396 2609/3359/2397 2610/3163/2243 2611/3166/2246
f 2634/3360/2398 2635/3361/2399 2636/3256/2333 2633/3195/2275
f 2635/3361/2399 2645/3362/2400 2646/3253/2330 2636/3256/2333
f 2609/3359/2397 2639/3363/2401 2640/3221/2300 2610/3163/2243
f 2644/3165/2245 2641/3164/2244 2642/3364/2402 2643/3365/2403
f 2650/3196/2276 2651/3255/2332 2652/3366/2404 2649/3367/2405
f 2651/3255/2332 2647/3254/2331 2648/3368/2406 2652/3366/2404
f 2641/3164/2244 2637/3220/2299 2638/3369/2407 2642/3364/2402
f 2664/3370/2408 2648/3368/2406 2647/3254/2331 2663/3240/2315
f 2666/3157/2237 2614/2754/1944 2613/3343/2386 2665/3371/2409
f 2654/3372/2410 2618/3348/2390 2617/3214/2292 2653/3218/2297
f 2656/3229/2307 2644/3165/2245 2643/3365/2403 2655/3373/2411
f 2658/3228/2306 2620/3231/2309 2619/3341/2384 2657/3374/2412
f 2660/3375/2413 2638/3369/2407 2637/3220/2299 2659/3219/2298
f 2668/3376/2414 2616/3346/2389 2615/3208/2286 2667/3241/2316
f 2639/3363/2401 2654/3372/2410 2653/3218/2297 2640/3221/2300
f 2621/3230/2308 2656/3229/2307 2655/3373/2411 2622/3350/2391
f 2611/3166/2246 2658/3228/2306 2657/3374/2412 2612/3358/2396
f 2631/3357/2395 2660/3375/2413 2659/3219/2298 2632/3213/2291
f 2649/3367/2405 2662/3344/2387 2661/3158/2238 2650/3196/2276
f 2629/3355/2394 2664/3370/2408 2663/3240/2315 2630/3207/2285
f 2633/3195/2275 2666/3157/2237 2665/3371/2409 2634/3360/2398
f 2645/3362/2400 2668/3376/2414 2667/3241/2316 2646/3253/2330
f 2620/3231/2309 2621/3230/2308 2624/3352/2290 2605/3339/2289
f 2358/3335/2378 2619/3334/2377 2606/3377/2415 2359/3378/2416
f 2245/2846/2022 2187/2844/2022 2182/2838/2022
f 2240/2848/2022 2188/2845/2022 2182/2838/2022
f 2359/3378/2416 2606/3377/2415 2618/3261/2339 2368/3264/2342
f 2250/2853/2022 2182/2838/2022 2181/3333/2022
f 2285/3199/2325 2279/3251/2328 2668/3250/2327 2645/3248/2323
f 2561/3279/2022 2562/3087/2022 2260/2995/2022 2215/2994/2022
f 2565/3379/2022 2204/3150/2022 2246/3380/2022
f 2564/3176/2022 2207/3118/2022 2265/3043/2022 2563/3042/2022
f 2304/3319/2077 2290/3304/2077 2289/3303/2077
f 2301/3305/2077 2288/3306/2077 2289/3303/2077
f 2302/3311/2077 2289/3303/2077 2294/3310/2077
f 2303/3313/2077 2289/3303/2077 2295/3312/2077
f 2204/3150/2022 2565/3379/2022 2566/3234/2022 2267/3151/2022
f 2670/3381/2417 2789/3382/2418 2977/3383/2419 2773/3384/2420
f 2789/3382/2418 2683/3385/2421 2781/3386/2422 2977/3383/2419
f 2977/3383/2419 2781/3386/2422 2682/3387/2423 2790/3388/2424
f 2773/3384/2420 2977/3383/2419 2790/3388/2424 2669/3389/2425
f 2729/3390/2426 2880/3391/2427 2978/3392/2428 2889/3393/2429
f 2880/3391/2427 2732/3394/2430 2893/3395/2431 2978/3392/2428
f 2978/3392/2428 2893/3395/2431 2694/3396/2432 2799/3397/2433
f 2889/3393/2429 2978/3392/2428 2799/3397/2433 2681/3398/2434
f 2678/3399/2435 2792/3400/2436 2979/3401/2437 2779/3402/2438
f 2792/3400/2436 2691/3403/2439 2787/3404/2440 2979/3401/2437
f 2979/3401/2437 2787/3404/2440 2690/3405/2441 2793/3406/2442
f 2779/3402/2438 2979/3401/2437 2793/3406/2442 2677/3407/2443
f 2671/3408/2444 2794/3409/2445 2980/3410/2446 2774/3411/2447
f 2794/3409/2445 2684/3412/2448 2782/3413/2449 2980/3410/2446
f 2980/3410/2446 2782/3413/2449 2683/3385/2421 2789/3382/2418
f 2774/3411/2447 2980/3410/2446 2789/3382/2418 2670/3381/2417
f 2679/3414/2450 2795/3415/2451 2981/3416/2452 2780/3417/2453
f 2795/3415/2451 2692/3418/2454 2788/3419/2455 2981/3416/2452
f 2981/3416/2452 2788/3419/2455 2691/3403/2439 2792/3400/2436
f 2780/3417/2453 2981/3416/2452 2792/3400/2436 2678/3399/2435
f 2672/3420/2456 2796/3421/2457 2982/3422/2458 2775/3423/2459
f 2796/3421/2457 2685/3424/2460 2783/3425/2461 2982/3422/2458
f 2982/3422/2458 2783/3425/2461 2684/3412/2448 2794/3409/2445
f 2775/3423/2459 2982/3422/2458 2794/3409/2445 2671/3408/2444
f 2674/3426/2462 2844/3427/2463 2983/3428/2464 2872/3429/2465
f 2844/3427/2463 2700/3430/2466 2873/3431/2467 2983/3428/2464
f 2983/3428/2464 2873/3431/2467 2726/3432/2468 2865/3433/2469
f 2872/3429/2465 2983/3428/2464 2865/3433/2469 2721/3434/2470
f 2673/3435/2471 2798/3436/2472 2984/3437/2473 2776/3438/2474
f 2798/3436/2472 2686/3439/2475 2784/3440/2476 2984/3437/2473
f 2984/3437/2473 2784/3440/2476 2685/3424/2460 2796/3421/2457
f 2776/3438/2474 2984/3437/2473 2796/3421/2457 2672/3420/2456
f 2675/3441/2477 2891/3442/2478 2985/3443/2479 2850/3444/2480
f 2891/3442/2478 2730/3445/2481 2885/3446/2482 2985/3443/2479
f 2985/3443/2479 2885/3446/2482 2733/3447/2483 2894/3448/2484
f 2850/3444/2480 2985/3443/2479 2894/3448/2484 2701/3449/2485
f 2674/3426/2462 2800/3450/2486 2986/3451/2487 2777/3452/2488
f 2800/3450/2486 2687/3453/2489 2785/3454/2490 2986/3451/2487
f 2986/3451/2487 2785/3454/2490 2686/3439/2475 2798/3436/2472
f 2777/3452/2488 2986/3451/2487 2798/3436/2472 2673/3435/2471
f 2723/3455/2491 2871/3456/2492 2987/3457/2493 2868/3458/2494
f 2871/3456/2492 2693/3459/2495 2845/3460/2496 2987/3457/2493
f 2987/3457/2493 2845/3460/2496 2719/3461/2497 2875/3462/2498
f 2868/3458/2494 2987/3457/2493 2875/3462/2498 2728/3463/2499
f 2676/3464/2500 2911/3465/2501 2988/3466/2502 2833/3467/2503
f 2911/3465/2501 2738/3468/2504 2907/3469/2505 2988/3466/2502
f 2988/3466/2502 2907/3469/2505 2741/3470/2506 2914/3471/2507
f 2833/3467/2503 2988/3466/2502 2914/3471/2507 2702/3472/2508
f 2746/3473/2509 2921/3474/2510 2989/3475/2511 2927/3476/2512
f 2921/3474/2510 2749/3477/2513 2930/3478/2514 2989/3475/2511
f 2989/3475/2511 2930/3478/2514 2707/3479/2515 2842/3480/2516
f 2927/3476/2512 2989/3475/2511 2842/3480/2516 2681/3398/2434
f 2737/3481/2517 2898/3482/2518 2990/3483/2519 2909/3484/2520
f 2898/3482/2518 2740/3485/2521 2913/3486/2522 2990/3483/2519
f 2990/3483/2519 2913/3486/2522 2688/3487/2523 2791/3488/2524
f 2909/3484/2520 2990/3483/2519 2791/3488/2524 2675/3441/2477
f 2745/3489/2525 2917/3490/2526 2991/3491/2527 2925/3492/2528
f 2917/3490/2526 2748/3493/2529 2929/3494/2530 2991/3491/2527
f 2991/3491/2527 2929/3494/2530 2693/3459/2495 2797/3495/2531
f 2925/3492/2528 2991/3491/2527 2797/3495/2531 2680/3496/2532
f 2677/3407/2443 2793/3406/2442 2992/3497/2533 2778/3498/2534
f 2793/3406/2442 2690/3405/2441 2786/3499/2535 2992/3497/2533
f 2992/3497/2533 2786/3499/2535 2689/3500/2536 2801/3501/2537
f 2778/3498/2534 2992/3497/2533 2801/3501/2537 2676/3464/2500
f 2696/3502/2538 2802/3503/2539 2993/3504/2540 2818/3505/2541
f 2802/3503/2539 2695/3506/2542 2819/3507/2543 2993/3504/2540
f 2993/3508/2540 2819/3509/2543 2708/3510/2544 2810/3511/2545
f 2818/3512/2541 2993/3508/2540 2810/3511/2545 2709/3513/2546
f 2704/3514/2547 2808/3515/2548 2994/3516/2549 2821/3517/2550
f 2808/3515/2548 2703/3518/2551 2822/3519/2552 2994/3516/2549
f 2994/3520/2549 2822/3521/2552 2716/3522/2553 2816/3523/2554
f 2821/3524/2550 2994/3520/2549 2816/3523/2554 2717/3525/2555
f 2697/3526/2556 2803/3527/2557 2995/3528/2558 2823/3529/2559
f 2803/3527/2557 2696/3502/2538 2818/3505/2541 2995/3528/2558
f 2995/3530/2558 2818/3512/2541 2709/3513/2546 2811/3531/2560
f 2823/3532/2559 2995/3530/2558 2811/3531/2560 2710/3533/2561
f 2705/3534/2562 2809/3535/2563 2996/3536/2564 2824/3537/2565
f 2809/3535/2563 2704/3514/2547 2821/3517/2550 2996/3536/2564
f 2996/3538/2564 2821/3524/2550 2717/3525/2555 2817/3539/2566
f 2824/3540/2565 2996/3538/2564 2817/3539/2566 2718/3541/2567
f 2698/3542/2568 2804/3543/2569 2997/3544/2570 2825/3545/2571
f 2804/3543/2569 2697/3526/2556 2823/3529/2559 2997/3544/2570
f 2997/3546/2570 2823/3532/2559 2710/3533/2561 2812/3547/2572
f 2825/3548/2571 2997/3546/2570 2812/3547/2572 2711/3549/2573
f 2700/3430/2466 2829/3550/2574 2998/3551/2575 2873/3431/2467
f 2829/3552/2574 2713/3553/2576 2876/3554/2577 2998/3555/2575
f 2998/3555/2575 2876/3554/2577 2727/3556/2578 2862/3557/2579
f 2873/3431/2467 2998/3551/2575 2862/3558/2579 2726/3432/2468
f 2699/3559/2580 2805/3560/2581 2999/3561/2582 2827/3562/2583
f 2805/3560/2581 2698/3542/2568 2825/3545/2571 2999/3561/2582
f 2999/3563/2582 2825/3548/2571 2711/3549/2573 2813/3564/2584
f 2827/3565/2583 2999/3563/2582 2813/3564/2584 2712/3566/2585
f 2701/3449/2485 2894/3448/2484 3000/3567/2586 2820/3568/2587
f 2894/3448/2484 2733/3447/2483 2884/3569/2588 3000/3567/2586
f 3000/3570/2586 2884/3571/2588 2736/3572/2589 2896/3573/2590
f 2820/3574/2587 3000/3570/2586 2896/3573/2590 2714/3575/2591
f 2700/3430/2466 2806/3576/2592 3001/3577/2593 2829/3550/2574
f 2806/3576/2592 2699/3559/2580 2827/3562/2583 3001/3577/2593
f 3001/3578/2593 2827/3565/2583 2712/3566/2585 2814/3579/2594
f 2829/3552/2574 3001/3578/2593 2814/3579/2594 2713/3553/2576
f 2702/3472/2508 2914/3471/2507 3002/3580/2595 2830/3581/2596
f 2914/3471/2507 2741/3470/2506 2902/3582/2597 3002/3580/2595
f 3002/3583/2595 2902/3584/2597 2744/3585/2598 2916/3586/2599
f 2830/3587/2596 3002/3583/2595 2916/3586/2599 2715/3588/2600
f 2749/3477/2513 2919/3589/2601 3003/3590/2602 2930/3478/2514
f 2919/3591/2601 2752/3592/2603 2932/3593/2604 3003/3594/2602
f 3003/3594/2602 2932/3593/2604 2720/3595/2605 2828/3596/2606
f 2930/3478/2514 3003/3590/2602 2828/3597/2606 2707/3479/2515
f 2772/3598/2607 2976/3599/2608 3004/3600/2609 2951/3601/2610
f 2976/3599/2608 2770/3602/2611 2970/3603/2612 3004/3600/2609
f 3004/3600/2609 2970/3603/2612 2757/3604/2613 2936/3605/2614
f 2951/3601/2610 3004/3600/2609 2936/3605/2614 2760/3606/2615
f 2703/3518/2551 2807/3607/2616 3005/3608/2617 2822/3519/2552
f 2807/3607/2616 2702/3472/2508 2830/3581/2596 3005/3608/2617
f 3005/3609/2617 2830/3587/2596 2715/3588/2600 2815/3610/2618
f 2822/3521/2552 3005/3609/2617 2815/3610/2618 2716/3522/2553
f 2686/3439/2475 2785/3454/2490 3006/3611/2619 2832/3612/2620
f 2785/3454/2490 2687/3453/2489 2831/3613/2621 3006/3611/2619
f 3006/3611/2619 2831/3613/2621 2713/3553/2576 2814/3579/2594
f 2832/3612/2620 3006/3611/2619 2814/3579/2594 2712/3566/2585
f 2677/3407/2443 2778/3498/2534 3007/3614/2622 2834/3615/2623
f 2778/3498/2534 2676/3464/2500 2833/3467/2503 3007/3614/2622
f 3007/3614/2622 2833/3467/2503 2702/3472/2508 2807/3607/2616
f 2834/3615/2623 3007/3614/2622 2807/3607/2616 2703/3518/2551
f 2739/3616/2624 2912/3617/2625 3008/3618/2626 2905/3619/2627
f 2912/3617/2625 2689/3500/2536 2837/3620/2628 3008/3618/2626
f 3008/3618/2626 2837/3620/2628 2715/3588/2600 2916/3586/2599
f 2905/3619/2627 3008/3618/2626 2916/3586/2599 2744/3585/2598
f 2678/3399/2435 2779/3402/2438 3009/3621/2629 2836/3622/2630
f 2779/3402/2438 2677/3407/2443 2834/3615/2623 3009/3621/2629
f 3009/3621/2629 2834/3615/2623 2703/3518/2551 2808/3515/2548
f 2836/3622/2630 3009/3621/2629 2808/3515/2548 2704/3514/2547
f 2742/3623/2631 2910/3624/2632 3010/3625/2633 2904/3626/2634
f 2910/3624/2632 2701/3449/2485 2820/3568/2587 3010/3625/2633
f 3010/3627/2633 2820/3574/2587 2714/3575/2591 2915/3628/2635
f 2904/3629/2634 3010/3627/2633 2915/3628/2635 2743/3630/2636
f 2679/3414/2450 2780/3417/2453 3011/3631/2637 2838/3632/2638
f 2780/3417/2453 2678/3399/2435 2836/3622/2630 3011/3631/2637
f 3011/3631/2637 2836/3622/2630 2704/3514/2547 2809/3535/2563
f 2838/3632/2638 3011/3631/2637 2809/3535/2563 2705/3534/2562
f 2689/3500/2536 2786/3499/2535 3012/3633/2639 2837/3620/2628
f 2786/3499/2535 2690/3405/2441 2839/3634/2640 3012/3633/2639
f 3012/3633/2639 2839/3634/2640 2716/3522/2553 2815/3610/2618
f 2837/3620/2628 3012/3633/2639 2815/3610/2618 2715/3588/2600
f 2680/3496/2532 2797/3495/2531 3013/3635/2641 2869/3636/2642
f 2797/3495/2531 2693/3459/2495 2871/3456/2492 3013/3635/2641
f 3013/3635/2641 2871/3456/2492 2723/3455/2491 2858/3637/2643
f 2869/3636/2642 3013/3635/2641 2858/3637/2643 2722/3638/2644
f 2690/3405/2441 2787/3404/2440 3014/3639/2645 2839/3634/2640
f 2787/3404/2440 2691/3403/2439 2841/3640/2646 3014/3639/2645
f 3014/3639/2645 2841/3640/2646 2717/3525/2555 2816/3523/2554
f 2839/3634/2640 3014/3639/2645 2816/3523/2554 2716/3522/2553
f 2675/3441/2477 2791/3488/2524 3015/3641/2647 2891/3442/2478
f 2791/3488/2524 2688/3487/2523 2892/3642/2648 3015/3641/2647
f 3015/3641/2647 2892/3642/2648 2731/3643/2649 2878/3644/2650
f 2891/3442/2478 3015/3641/2647 2878/3644/2650 2730/3445/2481
f 2691/3403/2439 2788/3419/2455 3016/3645/2651 2841/3640/2646
f 2788/3419/2455 2692/3418/2454 2843/3646/2652 3016/3645/2651
f 3016/3645/2651 2843/3646/2652 2718/3541/2567 2817/3539/2566
f 2841/3640/2646 3016/3645/2651 2817/3539/2566 2717/3525/2555
f 2674/3426/2462 2872/3429/2465 3017/3647/2653 2800/3450/2486
f 2872/3429/2465 2721/3434/2470 2860/3648/2654 3017/3647/2653
f 3017/3647/2653 2860/3648/2654 2724/3649/2655 2874/3650/2656
f 2800/3450/2486 3017/3647/2653 2874/3650/2656 2687/3453/2489
f 2692/3418/2454 2795/3415/2451 3018/3651/2657 2843/3646/2652
f 2795/3415/2451 2679/3414/2450 2838/3632/2638 3018/3651/2657
f 3018/3652/2657 2838/3632/2638 2705/3534/2562 2824/3537/2565
f 2843/3646/2652 3018/3653/2657 2824/3540/2565 2718/3541/2567
f 2724/3649/2655 2867/3654/2658 3019/3655/2659 2874/3650/2656
f 2867/3654/2658 2727/3556/2578 2876/3554/2577 3019/3655/2659
f 3019/3655/2659 2876/3554/2577 2713/3553/2576 2831/3613/2621
f 2874/3650/2656 3019/3655/2659 2831/3613/2621 2687/3453/2489
f 2746/3473/2509 2927/3476/2512 3020/3656/2660 2918/3657/2661
f 2927/3476/2512 2681/3398/2434 2799/3397/2433 3020/3656/2660
f 3020/3656/2660 2799/3397/2433 2694/3396/2432 2928/3658/2662
f 2918/3657/2661 3020/3656/2660 2928/3658/2662 2747/3659/2663
f 2670/3381/2417 2773/3384/2420 3021/3660/2664 2847/3661/2665
f 2773/3384/2420 2669/3389/2425 2846/3662/2666 3021/3660/2664
f 3021/3660/2664 2846/3662/2666 2695/3506/2542 2802/3503/2539
f 2847/3661/2665 3021/3660/2664 2802/3503/2539 2696/3502/2538
f 2731/3643/2649 2892/3642/2648 3022/3663/2667 2887/3664/2668
f 2892/3642/2648 2688/3487/2523 2835/3665/2669 3022/3663/2667
f 3022/3663/2667 2835/3665/2669 2714/3575/2591 2896/3573/2590
f 2887/3664/2668 3022/3663/2667 2896/3573/2590 2736/3572/2589
f 2693/3459/2495 2929/3494/2530 3023/3666/2670 2845/3460/2496
f 2929/3494/2530 2748/3493/2529 2924/3667/2671 3023/3666/2670
f 3023/3666/2670 2924/3667/2671 2751/3668/2672 2931/3669/2673
f 2845/3460/2496 3023/3666/2670 2931/3669/2673 2719/3461/2497
f 2671/3408/2444 2774/3411/2447 3024/3670/2674 2849/3671/2675
f 2774/3411/2447 2670/3381/2417 2847/3661/2665 3024/3670/2674
f 3024/3670/2674 2847/3661/2665 2696/3502/2538 2803/3527/2557
f 2849/3671/2675 3024/3670/2674 2803/3527/2557 2697/3526/2556
f 2706/3672/2676 2870/3673/2677 3025/3674/2678 2826/3675/2679
f 2870/3673/2677 2725/3676/2680 2864/3677/2681 3025/3674/2678
f 3025/3678/2678 2864/3679/2681 2728/3463/2499 2875/3462/2498
f 2826/3680/2679 3025/3678/2678 2875/3462/2498 2719/3461/2497
f 2694/3396/2432 2893/3395/2431 3026/3681/2682 2848/3682/2683
f 2893/3395/2431 2732/3394/2430 2888/3683/2684 3026/3681/2682
f 3026/3681/2682 2888/3683/2684 2735/3684/2685 2895/3685/2686
f 2848/3682/2683 3026/3681/2682 2895/3685/2686 2720/3595/2605
f 2672/3420/2456 2775/3423/2459 3027/3686/2687 2851/3687/2688
f 2775/3423/2459 2671/3408/2444 2849/3671/2675 3027/3686/2687
f 3027/3686/2687 2849/3671/2675 2697/3526/2556 2804/3543/2569
f 2851/3687/2688 3027/3686/2687 2804/3543/2569 2698/3542/2568
f 2694/3396/2432 2848/3682/2683 3028/3688/2689 2928/3658/2662
f 2848/3682/2683 2720/3595/2605 2932/3593/2604 3028/3688/2689
f 3028/3688/2689 2932/3593/2604 2752/3592/2603 2923/3689/2690
f 2928/3658/2662 3028/3688/2689 2923/3689/2690 2747/3659/2663
f 2682/3387/2423 2781/3386/2422 3029/3690/2691 2853/3691/2692
f 2781/3386/2422 2683/3385/2421 2852/3692/2693 3029/3690/2691
f 3029/3690/2691 2852/3692/2693 2709/3513/2546 2810/3511/2545
f 2853/3691/2692 3029/3690/2691 2810/3511/2545 2708/3510/2544
f 2673/3435/2471 2776/3438/2474 3030/3693/2694 2854/3694/2695
f 2776/3438/2474 2672/3420/2456 2851/3687/2688 3030/3693/2694
f 3030/3693/2694 2851/3687/2688 2698/3542/2568 2805/3560/2581
f 2854/3694/2695 3030/3693/2694 2805/3560/2581 2699/3559/2580
f 2750/3695/2696 2926/3696/2697 3031/3697/2698 2920/3698/2699
f 2926/3696/2697 2706/3672/2676 2826/3675/2679 3031/3697/2698
f 3031/3699/2698 2826/3680/2679 2719/3461/2497 2931/3669/2673
f 2920/3700/2699 3031/3699/2698 2931/3669/2673 2751/3668/2672
f 2683/3385/2421 2782/3413/2449 3032/3701/2700 2852/3692/2693
f 2782/3413/2449 2684/3412/2448 2855/3702/2701 3032/3701/2700
f 3032/3701/2700 2855/3702/2701 2710/3533/2561 2811/3531/2560
f 2852/3692/2693 3032/3701/2700 2811/3531/2560 2709/3513/2546
f 2674/3426/2462 2777/3452/2488 3033/3703/2702 2844/3427/2463
f 2777/3452/2488 2673/3435/2471 2854/3694/2695 3033/3703/2702
f 3033/3703/2702 2854/3694/2695 2699/3559/2580 2806/3576/2592
f 2844/3427/2463 3033/3703/2702 2806/3576/2592 2700/3430/2466
f 2734/3704/2703 2890/3705/2704 3034/3706/2705 2882/3707/2706
f 2890/3705/2704 2707/3479/2515 2828/3597/2606 3034/3706/2705
f 3034/3708/2705 2828/3596/2606 2720/3595/2605 2895/3685/2686
f 2882/3709/2706 3034/3708/2705 2895/3685/2686 2735/3684/2685
f 2684/3412/2448 2783/3425/2461 3035/3710/2707 2855/3702/2701
f 2783/3425/2461 2685/3424/2460 2856/3711/2708 3035/3710/2707
f 3035/3710/2707 2856/3711/2708 2711/3549/2573 2812/3547/2572
f 2855/3702/2701 3035/3710/2707 2812/3547/2572 2710/3533/2561
f 2676/3464/2500 2801/3501/2537 3036/3712/2709 2911/3465/2501
f 2801/3501/2537 2689/3500/2536 2912/3617/2625 3036/3712/2709
f 3036/3712/2709 2912/3617/2625 2739/3616/2624 2900/3713/2710
f 2911/3465/2501 3036/3712/2709 2900/3713/2710 2738/3468/2504
f 2685/3424/2460 2784/3440/2476 3037/3714/2711 2856/3711/2708
f 2784/3440/2476 2686/3439/2475 2832/3612/2620 3037/3714/2711
f 3037/3714/2711 2832/3612/2620 2712/3566/2585 2813/3564/2584
f 2856/3711/2708 3037/3714/2711 2813/3564/2584 2711/3549/2573
f 2688/3487/2523 2913/3486/2522 3038/3715/2712 2835/3665/2669
f 2913/3486/2522 2740/3485/2521 2906/3716/2713 3038/3715/2712
f 3038/3715/2712 2906/3716/2713 2743/3630/2636 2915/3628/2635
f 2835/3665/2669 3038/3715/2712 2915/3628/2635 2714/3575/2591
f 2669/3389/2425 2790/3388/2424 3039/3717/2714 2846/3662/2666
f 2790/3388/2424 2682/3387/2423 2853/3691/2692 3039/3717/2714
f 3039/3718/2714 2853/3691/2692 2708/3510/2544 2819/3509/2543
f 2846/3662/2666 3039/3719/2714 2819/3507/2543 2695/3506/2542
f 2722/3638/2644 2858/3637/2643 3040/3720/2715 2857/3721/2716
f 2858/3637/2643 2723/3455/2491 2859/3722/2717 3040/3720/2715
f 3040/3720/2715 2859/3722/2717 2724/3649/2655 2860/3648/2654
f 2857/3721/2716 3040/3720/2715 2860/3648/2654 2721/3434/2470
f 2726/3432/2468 2862/3558/2579 3041/3723/2718 2861/3724/2719
f 2862/3557/2579 2727/3556/2578 2863/3725/2720 3041/3726/2718
f 3041/3726/2718 2863/3725/2720 2728/3463/2499 2864/3679/2681
f 2861/3724/2719 3041/3723/2718 2864/3677/2681 2725/3676/2680
f 2721/3434/2470 2865/3433/2469 3042/3727/2721 2857/3721/2716
f 2865/3433/2469 2726/3432/2468 2861/3724/2719 3042/3727/2721
f 3042/3727/2721 2861/3724/2719 2725/3676/2680 2866/3728/2722
f 2857/3721/2716 3042/3727/2721 2866/3728/2722 2722/3638/2644
f 2727/3556/2578 2867/3654/2658 3043/3729/2723 2863/3725/2720
f 2867/3654/2658 2724/3649/2655 2859/3722/2717 3043/3729/2723
f 3043/3729/2723 2859/3722/2717 2723/3455/2491 2868/3458/2494
f 2863/3725/2720 3043/3729/2723 2868/3458/2494 2728/3463/2499
f 2680/3496/2532 2869/3636/2642 3044/3730/2724 2840/3731/2725
f 2869/3636/2642 2722/3638/2644 2866/3728/2722 3044/3730/2724
f 3044/3730/2724 2866/3728/2722 2725/3676/2680 2870/3673/2677
f 2840/3731/2725 3044/3730/2724 2870/3673/2677 2706/3672/2676
f 2730/3445/2481 2878/3644/2650 3045/3732/2726 2877/3733/2727
f 2878/3644/2650 2731/3643/2649 2879/3734/2728 3045/3732/2726
f 3045/3732/2726 2879/3734/2728 2732/3394/2430 2880/3391/2427
f 2877/3733/2727 3045/3732/2726 2880/3391/2427 2729/3390/2426
f 2734/3704/2703 2882/3707/2706 3046/3735/2729 2881/3736/2730
f 2882/3709/2706 2735/3684/2685 2883/3737/2731 3046/3738/2729
f 3046/3738/2729 2883/3737/2731 2736/3572/2589 2884/3571/2588
f 2881/3736/2730 3046/3735/2729 2884/3569/2588 2733/3447/2483
f 2733/3447/2483 2885/3446/2482 3047/3739/2732 2881/3736/2730
f 2885/3446/2482 2730/3445/2481 2877/3733/2727 3047/3739/2732
f 3047/3739/2732 2877/3733/2727 2729/3390/2426 2886/3740/2733
f 2881/3736/2730 3047/3739/2732 2886/3740/2733 2734/3704/2703
f 2731/3643/2649 2887/3664/2668 3048/3741/2734 2879/3734/2728
f 2887/3664/2668 2736/3572/2589 2883/3737/2731 3048/3741/2734
f 3048/3741/2734 2883/3737/2731 2735/3684/2685 2888/3683/2684
f 2879/3734/2728 3048/3741/2734 2888/3683/2684 2732/3394/2430
f 2729/3390/2426 2889/3393/2429 3049/3742/2735 2886/3740/2733
f 2889/3393/2429 2681/3398/2434 2842/3480/2516 3049/3742/2735
f 3049/3742/2735 2842/3480/2516 2707/3479/2515 2890/3705/2704
f 2886/3740/2733 3049/3742/2735 2890/3705/2704 2734/3704/2703
f 2740/3485/2521 2898/3482/2518 3050/3743/2736 2897/3744/2737
f 2898/3482/2518 2737/3481/2517 2899/3745/2738 3050/3743/2736
f 3050/3743/2736 2899/3745/2738 2738/3468/2504 2900/3713/2710
f 2897/3744/2737 3050/3743/2736 2900/3713/2710 2739/3616/2624
f 2744/3585/2598 2902/3584/2597 3051/3746/2739 2901/3747/2740
f 2902/3582/2597 2741/3470/2506 2903/3748/2741 3051/3749/2739
f 3051/3749/2739 2903/3748/2741 2742/3623/2631 2904/3626/2634
f 2901/3747/2740 3051/3746/2739 2904/3629/2634 2743/3630/2636
f 2739/3616/2624 2905/3619/2627 3052/3750/2742 2897/3744/2737
f 2905/3619/2627 2744/3585/2598 2901/3747/2740 3052/3750/2742
f 3052/3750/2742 2901/3747/2740 2743/3630/2636 2906/3716/2713
f 2897/3744/2737 3052/3750/2742 2906/3716/2713 2740/3485/2521
f 2741/3470/2506 2907/3469/2505 3053/3751/2743 2903/3748/2741
f 2907/3469/2505 2738/3468/2504 2899/3745/2738 3053/3751/2743
f 3053/3751/2743 2899/3745/2738 2737/3481/2517 2908/3752/2744
f 2903/3748/2741 3053/3751/2743 2908/3752/2744 2742/3623/2631
f 2737/3481/2517 2909/3484/2520 3054/3753/2745 2908/3752/2744
f 2909/3484/2520 2675/3441/2477 2850/3444/2480 3054/3753/2745
f 3054/3753/2745 2850/3444/2480 2701/3449/2485 2910/3624/2632
f 2908/3752/2744 3054/3753/2745 2910/3624/2632 2742/3623/2631
f 2772/3598/2607 2975/3754/2746 3055/3755/2747 2972/3756/2748
f 2975/3754/2746 2771/3757/2749 2971/3758/2750 3055/3755/2747
f 3055/3755/2747 2971/3758/2750 2751/3668/2672 2924/3667/2671
f 2972/3756/2748 3055/3755/2747 2924/3667/2671 2748/3493/2529
f 2771/3757/2749 2974/3759/2751 3056/3760/2752 2971/3758/2750
f 2974/3761/2751 2769/3762/2753 2969/3763/2754 3056/3764/2752
f 3056/3764/2752 2969/3763/2754 2750/3695/2696 2920/3698/2699
f 2971/3758/2750 3056/3760/2752 2920/3700/2699 2751/3668/2672
f 2768/3765/2755 2968/3766/2756 3057/3767/2757 2964/3768/2758
f 2968/3766/2756 2765/3769/2759 2961/3770/2760 3057/3767/2757
f 3057/3767/2757 2961/3770/2760 2756/3771/2761 2942/3772/2762
f 2964/3768/2758 3057/3767/2757 2942/3772/2762 2759/3773/2763
f 2745/3489/2525 2925/3492/2528 3058/3774/2764 2922/3775/2765
f 2925/3492/2528 2680/3496/2532 2840/3731/2725 3058/3774/2764
f 3058/3774/2764 2840/3731/2725 2706/3672/2676 2926/3696/2697
f 2922/3775/2765 3058/3774/2764 2926/3696/2697 2750/3695/2696
f 2769/3762/2753 2973/3776/2766 3059/3777/2767 2969/3763/2754
f 2973/3776/2766 2770/3602/2611 2949/3778/2768 3059/3777/2767
f 3059/3777/2767 2949/3778/2768 2745/3489/2525 2922/3775/2765
f 2969/3763/2754 3059/3777/2767 2922/3775/2765 2750/3695/2696
f 2766/3779/2769 2967/3780/2770 3060/3781/2771 2946/3782/2772
f 2967/3780/2770 2767/3783/2773 2947/3784/2774 3060/3781/2771
f 3060/3781/2771 2947/3784/2774 2758/3785/2775 2944/3786/2776
f 2946/3782/2772 3060/3781/2771 2944/3786/2776 2753/3787/2777
f 2768/3765/2755 2966/3788/2778 3061/3789/2779 2952/3790/2780
f 2966/3788/2778 2767/3783/2773 2963/3791/2781 3061/3789/2779
f 3061/3789/2779 2963/3791/2781 2746/3473/2509 2918/3657/2661
f 2952/3790/2780 3061/3789/2779 2918/3657/2661 2747/3659/2663
f 2761/3792/2782 2960/3793/2783 3062/3794/2784 2953/3795/2785
f 2960/3793/2783 2762/3796/2786 2935/3797/2787 3062/3794/2784
f 3062/3794/2784 2935/3797/2787 2760/3606/2615 2936/3605/2614
f 2953/3795/2785 3062/3794/2784 2936/3605/2614 2757/3604/2613
f 2763/3798/2788 2959/3799/2789 3063/3800/2790 2955/3801/2791
f 2959/3802/2789 2764/3803/2792 2939/3804/2793 3063/3805/2790
f 3063/3805/2790 2939/3804/2793 2756/3771/2761 2940/3806/2794
f 2955/3801/2791 3063/3800/2790 2940/3807/2794 2753/3787/2777
f 2764/3803/2792 2958/3808/2795 3064/3809/2796 2939/3804/2793
f 2958/3808/2795 2762/3796/2786 2954/3810/2797 3064/3809/2796
f 3064/3809/2796 2954/3810/2797 2759/3773/2763 2942/3772/2762
f 2939/3804/2793 3064/3809/2796 2942/3772/2762 2756/3771/2761
f 2761/3792/2782 2957/3811/2798 3065/3812/2799 2933/3813/2800
f 2957/3811/2798 2763/3798/2788 2955/3801/2791 3065/3812/2799
f 3065/3812/2799 2955/3801/2791 2753/3787/2777 2944/3786/2776
f 2933/3813/2800 3065/3812/2799 2944/3786/2776 2758/3785/2775
f 2765/3769/2759 2965/3814/2801 3066/3815/2802 2961/3770/2760
f 2965/3816/2801 2766/3779/2769 2946/3782/2772 3066/3817/2802
f 3066/3817/2802 2946/3782/2772 2753/3787/2777 2940/3807/2794
f 2961/3770/2760 3066/3815/2802 2940/3806/2794 2756/3771/2761
f 2757/3604/2613 2943/3818/2803 3067/3819/2804 2953/3795/2785
f 2943/3818/2803 2754/3820/2805 2937/3821/2806 3067/3819/2804
f 3067/3819/2804 2937/3821/2806 2763/3798/2788 2957/3811/2798
f 2953/3795/2785 3067/3819/2804 2957/3811/2798 2761/3792/2782
f 2755/3822/2807 2941/3823/2808 3068/3824/2809 2956/3825/2810
f 2941/3823/2808 2760/3606/2615 2935/3797/2787 3068/3824/2809
f 3068/3824/2809 2935/3797/2787 2762/3796/2786 2958/3808/2795
f 2956/3825/2810 3068/3824/2809 2958/3808/2795 2764/3803/2792
f 2754/3820/2805 2938/3826/2811 3069/3827/2812 2937/3821/2806
f 2938/3828/2811 2755/3822/2807 2956/3825/2810 3069/3829/2812
f 3069/3829/2812 2956/3825/2810 2764/3803/2792 2959/3802/2789
f 2937/3821/2806 3069/3827/2812 2959/3799/2789 2763/3798/2788
f 2758/3785/2775 2934/3830/2813 3070/3831/2814 2933/3813/2800
f 2934/3830/2813 2759/3773/2763 2954/3810/2797 3070/3831/2814
f 3070/3831/2814 2954/3810/2797 2762/3796/2786 2960/3793/2783
f 2933/3813/2800 3070/3831/2814 2960/3793/2783 2761/3792/2782
f 2752/3592/2603 2919/3591/2601 3071/3832/2815 2945/3833/2816
f 2919/3589/2601 2749/3477/2513 2962/3834/2817 3071/3835/2815
f 3071/3835/2815 2962/3834/2817 2766/3779/2769 2965/3816/2801
f 2945/3833/2816 3071/3832/2815 2965/3814/2801 2765/3769/2759
f 2759/3773/2763 2934/3830/2813 3072/3836/2818 2964/3768/2758
f 2934/3830/2813 2758/3785/2775 2947/3784/2774 3072/3836/2818
f 3072/3836/2818 2947/3784/2774 2767/3783/2773 2966/3788/2778
f 2964/3768/2758 3072/3836/2818 2966/3788/2778 2768/3765/2755
f 2749/3477/2513 2921/3474/2510 3073/3837/2819 2962/3834/2817
f 2921/3474/2510 2746/3473/2509 2963/3791/2781 3073/3837/2819
f 3073/3837/2819 2963/3791/2781 2767/3783/2773 2967/3780/2770
f 2962/3834/2817 3073/3837/2819 2967/3780/2770 2766/3779/2769
f 2747/3659/2663 2923/3689/2690 3074/3838/2820 2952/3790/2780
f 2923/3689/2690 2752/3592/2603 2945/3833/2816 3074/3838/2820
f 3074/3838/2820 2945/3833/2816 2765/3769/2759 2968/3766/2756
f 2952/3790/2780 3074/3838/2820 2968/3766/2756 2768/3765/2755
f 2754/3820/2805 2943/3818/2803 3075/3839/2821 2948/3840/2822
f 2943/3818/2803 2757/3604/2613 2970/3603/2612 3075/3839/2821
f 3075/3839/2821 2970/3603/2612 2770/3602/2611 2973/3776/2766
f 2948/3840/2822 3075/3839/2821 2973/3776/2766 2769/3762/2753
f 2755/3822/2807 2938/3828/2811 3076/3841/2823 2950/3842/2824
f 2938/3826/2811 2754/3820/2805 2948/3840/2822 3076/3843/2823
f 3076/3843/2823 2948/3840/2822 2769/3762/2753 2974/3761/2751
f 2950/3842/2824 3076/3841/2823 2974/3759/2751 2771/3757/2749
f 2760/3606/2615 2941/3823/2808 3077/3844/2825 2951/3601/2610
f 2941/3823/2808 2755/3822/2807 2950/3842/2824 3077/3844/2825
f 3077/3844/2825 2950/3842/2824 2771/3757/2749 2975/3754/2746
f 2951/3601/2610 3077/3844/2825 2975/3754/2746 2772/3598/2607
f 2748/3493/2529 2917/3490/2526 3078/3845/2826 2972/3756/2748
f 2917/3490/2526 2745/3489/2525 2949/3778/2768 3078/3845/2826
f 3078/3845/2826 2949/3778/2768 2770/3602/2611 2976/3599/2608
f 2972/3756/2748 3078/3845/2826 2976/3599/2608 2772/3598/2607
f 3079/3846/2827 3080/3847/2828 3082/3848/2829 3081/3849/2830
f 3081/3849/2830 3082/3848/2829 3084/3850/2831 3083/3851/2832
f 3083/3851/2832 3084/3850/2831 3086/3852/2833 3085/3853/2834
f 3085/3853/2834 3086/3852/2833 3088/3854/2835 3087/3855/2836
f 3087/3855/2836 3088/3854/2835 3090/3856/2837 3089/3857/2838
f 3089/3857/2838 3090/3856/2837 3080/3858/2828 3079/3859/2827
f 3157/3860/2839 3098/3861/2840 3100/3862/2841 3158/3863/2842
f 3158/3864/2842 3100/3865/2841 3102/3866/2843 3159/3867/2844
f 3159/3867/2844 3102/3866/2843 3104/3868/2845 3160/3869/2846
f 3160/3869/2846 3104/3868/2845 3106/3870/2847 3161/3871/2848
f 3161/3871/2848 3106/3870/2847 3108/3872/2849 3162/3873/2850
f 3162/3873/2850 3108/3872/2849 3098/3861/2840 3157/3860/2839
f 3079/3859/2827 3091/3874/2851 3096/3875/2852 3089/3857/2838
f 3089/3857/2838 3096/3875/2852 3095/3876/2853 3087/3855/2836
f 3087/3855/2836 3095/3876/2853 3094/3877/2854 3085/3853/2834
f 3085/3853/2834 3094/3877/2854 3093/3878/2855 3083/3851/2832
f 3083/3851/2832 3093/3878/2855 3092/3879/2856 3081/3849/2830
f 3081/3849/2830 3092/3879/2856 3091/3880/2851 3079/3846/2827
f 3091/3874/2851 3100/3862/2841 3098/3861/2840 3096/3875/2852
f 3096/3875/2852 3098/3861/2840 3108/3872/2849 3095/3876/2853
f 3095/3876/2853 3108/3872/2849 3106/3870/2847 3094/3877/2854
f 3094/3877/2854 3106/3870/2847 3104/3868/2845 3093/3878/2855
f 3093/3878/2855 3104/3868/2845 3102/3866/2843 3092/3879/2856
f 3092/3879/2856 3102/3866/2843 3100/3865/2841 3091/3880/2851
f 3126/3881/2857 3180/3882/2858 3169/3883/2859 3121/3884/2860
f 3173/3885/2861 3129/3886/2862 3128/3887/2863 3175/3888/2864
f 3175/3888/2864 3128/3887/2863 3127/3889/2865 3177/3890/2866
f 3177/3890/2866 3127/3889/2865 3132/3891/2867 3179/3892/2868
f 3109/3893/2869 3110/3894/2870 3120/3895/2871 3111/3896/2872
f 3179/3892/2868 3132/3891/2867 3131/3897/2873 3170/3898/2874
f 3112/3899/2875 3126/3881/2857 3121/3884/2860 3110/3900/2870
f 3114/3901/2876 3125/3902/2877 3126/3881/2857 3112/3899/2875
f 3116/3903/2878 3124/3904/2879 3125/3902/2877 3114/3901/2876
f 3118/3905/2880 3123/3906/2881 3124/3904/2879 3116/3903/2878
f 3120/3895/2871 3122/3907/2882 3123/3906/2881 3118/3905/2880
f 3110/3894/2870 3121/3908/2860 3122/3907/2882 3120/3895/2871
f 3123/3906/2881 3174/3909/2883 3176/3910/2884 3124/3904/2879
f 3122/3907/2882 3172/3911/2885 3174/3909/2883 3123/3906/2881
f 3121/3908/2860 3169/3912/2859 3172/3911/2885 3122/3907/2882
f 3171/3913/2886 3130/3914/2887 3129/3886/2862 3173/3885/2861
f 3125/3902/2877 3178/3915/2888 3180/3882/2858 3126/3881/2857
f 3124/3904/2879 3176/3910/2884 3178/3915/2888 3125/3902/2877
f 3145/3916/2889 3134/3917/2890 3136/3918/2891 3146/3919/2892
f 3146/3919/2892 3136/3918/2891 3138/3920/2893 3147/3921/2894
f 3147/3921/2894 3138/3920/2893 3140/3922/2895 3148/3923/2896
f 3148/3923/2896 3140/3922/2895 3142/3924/2897 3149/3925/2898
f 3149/3926/2898 3142/3927/2897 3144/3928/2899 3150/3929/2900
f 3150/3929/2900 3144/3928/2899 3134/3917/2890 3145/3916/2889
f 3127/3889/2865 3134/3917/2890 3144/3928/2899 3132/3891/2867
f 3132/3891/2867 3144/3928/2899 3142/3927/2897 3131/3897/2873
f 3131/3930/2873 3142/3924/2897 3140/3922/2895 3130/3914/2887
f 3130/3914/2887 3140/3922/2895 3138/3920/2893 3129/3886/2862
f 3129/3886/2862 3138/3920/2893 3136/3918/2891 3128/3887/2863
f 3128/3887/2863 3136/3918/2891 3134/3917/2890 3127/3889/2865
f 3143/3931/2901 3150/3929/2900 3145/3916/2889 3133/3932/2902
f 3141/3933/2903 3149/3926/2898 3150/3929/2900 3143/3931/2901
f 3139/3934/2904 3148/3923/2896 3149/3925/2898 3141/3935/2903
f 3137/3936/2905 3147/3921/2894 3148/3923/2896 3139/3934/2904
f 3135/3937/2906 3146/3919/2892 3147/3921/2894 3137/3936/2905
f 3133/3932/2902 3145/3916/2889 3146/3919/2892 3135/3937/2906
f 3082/3848/2829 3143/3931/2901 3133/3932/2902 3084/3850/2831
f 3084/3850/2831 3133/3932/2902 3135/3937/2906 3086/3852/2833
f 3086/3852/2833 3135/3937/2906 3137/3936/2905 3088/3854/2835
f 3088/3854/2835 3137/3936/2905 3139/3934/2904 3090/3856/2837
f 3090/3856/2837 3139/3934/2904 3141/3935/2903 3080/3858/2828
f 3080/3847/2828 3141/3933/2903 3143/3931/2901 3082/3848/2829
f 3109/3938/2869 3155/3939/2907 3156/3940/2908 3119/3941/2909
f 3119/3941/2909 3156/3940/2908 3151/3942/2910 3117/3943/2911
f 3117/3943/2911 3151/3942/2910 3152/3944/2912 3115/3945/2913
f 3115/3945/2913 3152/3944/2912 3153/3946/2914 3113/3947/2915
f 3113/3947/2915 3153/3946/2914 3154/3948/2916 3111/3896/2872
f 3111/3896/2872 3154/3948/2916 3155/3949/2907 3109/3893/2869
f 3107/3950/2917 3162/3873/2850 3157/3860/2839 3097/3951/2918
f 3105/3952/2919 3161/3871/2848 3162/3873/2850 3107/3950/2917
f 3103/3953/2920 3160/3869/2846 3161/3871/2848 3105/3952/2919
f 3101/3954/2921 3159/3867/2844 3160/3869/2846 3103/3953/2920
f 3099/3955/2922 3158/3864/2842 3159/3867/2844 3101/3954/2921
f 3097/3951/2918 3157/3860/2839 3158/3863/2842 3099/3956/2922
f 3156/3940/2908 3168/3957/2923 3163/3958/2924 3151/3942/2910
f 3155/3939/2907 3167/3959/2925 3168/3957/2923 3156/3940/2908
f 3154/3948/2916 3166/3960/2926 3167/3961/2925 3155/3949/2907
f 3153/3946/2914 3165/3962/2927 3166/3960/2926 3154/3948/2916
f 3152/3944/2912 3164/3963/2928 3165/3962/2927 3153/3946/2914
f 3151/3942/2910 3163/3958/2924 3164/3963/2928 3152/3944/2912
f 3172/3911/2885 3169/3912/2859 3170/3964/2874 3171/3913/2886
f 3174/3909/2883 3172/3911/2885 3171/3913/2886 3173/3885/2861
f 3176/3910/2884 3174/3909/2883 3173/3885/2861 3175/3888/2864
f 3178/3915/2888 3176/3910/2884 3175/3888/2864 3177/3890/2866
f 3180/3882/2858 3178/3915/2888 3177/3890/2866 3179/3892/2868
f 3169/3883/2859 3180/3882/2858 3179/3892/2868 3170/3898/2874
f 3170/3964/2874 3131/3930/2873 3130/3914/2887 3171/3913/2886
f 3111/3896/2872 3120/3895/2871 3118/3905/2880 3113/3947/2915
f 3113/3947/2915 3118/3905/2880 3116/3903/2878 3115/3945/2913
f 3115/3945/2913 3116/3903/2878 3114/3901/2876 3117/3943/2911
f 3117/3943/2911 3114/3901/2876 3112/3899/2875 3119/3941/2909
f 3119/3941/2909 3112/3899/2875 3110/3900/2870 3109/3938/2869
f 3107/3950/2917 3097/3951/2918 3181/3965/2929 3186/3966/2930
f 3103/3953/2920 3105/3952/2919 3185/3967/2931 3184/3968/2932
f 3099/3955/2922 3101/3954/2921 3183/3969/2933 3182/3970/2934
f 3105/3952/2919 3107/3950/2917 3186/3966/2930 3185/3967/2931
f 3097/3951/2918 3099/3956/2922 3182/3971/2934 3181/3965/2929
f 3101/3954/2921 3103/3953/2920 3184/3968/2932 3183/3969/2933
f 3183/3969/2933 3184/3968/2932 3190/3972/2935 3189/3973/2936
f 3181/3965/2929 3182/3971/2934 3188/3974/2937 3187/3975/2938
f 3184/3968/2932 3185/3967/2931 3191/3976/2939 3190/3972/2935
f 3185/3967/2931 3186/3966/2930 3192/3977/2940 3191/3976/2939
f 3182/3970/2934 3183/3969/2933 3189/3973/2936 3188/3978/2937
f 3186/3966/2930 3181/3965/2929 3187/3975/2938 3192/3977/2940
f 3187/3979/2938 3188/3980/2937 3189/3973/2936 3190/3972/2935
f 3187/3979/2938 3190/3972/2935 3191/3976/2939 3192/3977/2940
f 3168/3957/2923 3198/3981/2941 3193/3982/2942 3163/3958/2924
f 3167/3959/2925 3197/3983/2943 3198/3981/2941 3168/3957/2923
f 3166/3960/2926 3196/3984/2944 3197/3985/2943 3167/3961/2925
f 3165/3962/2927 3195/3986/2945 3196/3984/2944 3166/3960/2926
f 3164/3963/2928 3194/3987/2946 3195/3986/2945 3165/3962/2927
f 3163/3958/2924 3193/3982/2942 3194/3987/2946 3164/3963/2928
f 3199/3988/2947 3200/3989/2948 3206/3990/2949 3205/3991/2950
f 3200/3989/2948 3201/3992/2951 3207/3993/2952 3206/3990/2949
f 3201/3992/2951 3202/3994/2953 3208/3995/2954 3207/3993/2952
f 3202/3996/2953 3203/3997/2955 3209/3998/2956 3208/3999/2954
f 3203/3997/2955 3204/4000/2957 3210/4001/2958 3209/3998/2956
f 3204/4000/2957 3199/3988/2947 3205/3991/2950 3210/4001/2958
f 3205/3991/2950 3206/3990/2949 3212/4002/2959 3211/4003/2960
f 3206/3990/2949 3207/3993/2952 3213/4004/2961 3212/4002/2959
f 3207/3993/2952 3208/3995/2954 3214/4005/2962 3213/4004/2961
f 3208/3999/2954 3209/3998/2956 3215/4006/2963 3214/4007/2962
f 3209/3998/2956 3210/4001/2958 3216/4008/2964 3215/4006/2963
f 3210/4001/2958 3205/3991/2950 3211/4003/2960 3216/4008/2964
f 3211/4003/2960 3212/4002/2959 3218/4009/2965 3217/4010/2966
f 3212/4002/2959 3213/4004/2961 3219/4011/2967 3218/4009/2965
f 3213/4004/2961 3214/4005/2962 3220/4012/2968 3219/4011/2967
f 3214/4007/2962 3215/4006/2963 3221/4013/2969 3220/4014/2968
f 3215/4006/2963 3216/4008/2964 3222/4015/2970 3221/4013/2969
f 3216/4008/2964 3211/4003/2960 3217/4010/2966 3222/4015/2970
f 3217/4010/2966 3218/4009/2965 3224/4016/2971 3223/4017/2972
f 3218/4009/2965 3219/4011/2967 3225/4018/2973 3224/4016/2971
f 3219/4011/2967 3220/4012/2968 3226/4019/2974 3225/4018/2973
f 3220/4014/2968 3221/4013/2969 3227/4020/2975 3226/4021/2974
f 3221/4013/2969 3222/4015/2970 3228/4022/2976 3227/4020/2975
f 3222/4015/2970 3217/4010/2966 3223/4017/2972 3228/4022/2976
f 3223/4017/2972 3224/4016/2971 3230/4023/2977 3229/4024/2978
f 3224/4016/2971 3225/4018/2973 3231/4025/2979 3230/4023/2977
f 3225/4018/2973 3226/4019/2974 3232/4026/2980 3231/4025/2979
f 3226/4021/2974 3227/4020/2975 3233/4027/2981 3232/4028/2980
f 3227/4020/2975 3228/4022/2976 3234/4029/2982 3233/4027/2981
f 3228/4022/2976 3223/4017/2972 3229/4024/2978 3234/4029/2982
f 3229/4024/2978 3230/4023/2977 3236/4030/2983 3235/4031/2984
f 3230/4023/2977 3231/4025/2979 3237/4032/2985 3236/4030/2983
f 3231/4025/2979 3232/4026/2980 3238/4033/2986 3237/4032/2985
f 3232/4028/2980 3233/4027/2981 3239/4034/2987 3238/4035/2986
f 3233/4027/2981 3234/4029/2982 4254/4036/2988 3239/4034/2987
f 3234/4029/2982 3229/4024/2978 3235/4031/2984 4254/4036/2988
f 3240/4037/2989 4177/4038/2990 3242/4039/2991 3241/4040/2992
f 4177/4038/2990 4178/4041/2993 3243/4042/2994 3242/4039/2991
f 4178/4041/2993 4179/4043/2995 3244/4044/2996 3243/4042/2994
f 4179/4045/2995 4180/4046/2997 3245/4047/2998 3244/4048/2996
f 4180/4046/2997 4181/4049/2999 3246/4050/3000 3245/4047/2998
f 4181/4049/2999 3240/4037/2989 3241/4040/2992 3246/4050/3000
f 3241/4040/2992 3242/4039/2991 3248/4051/3001 3247/4052/3002
f 3242/4039/2991 3243/4042/2994 3249/4053/3003 3248/4051/3001
f 3243/4042/2994 3244/4044/2996 3250/4054/3004 3249/4053/3003
f 3244/4048/2996 3245/4047/2998 3251/4055/3005 3250/4056/3004
f 3245/4047/2998 3246/4050/3000 3252/4057/3006 3251/4055/3005
f 3246/4050/3000 3241/4040/2992 3247/4052/3002 3252/4057/3006
f 3247/4052/3002 3248/4051/3001 3254/4058/3007 3253/4059/3008
f 3248/4051/3001 3249/4053/3003 3255/4060/3009 3254/4058/3007
f 3249/4053/3003 3250/4054/3004 3256/4061/3010 3255/4060/3009
f 3250/4056/3004 3251/4055/3005 3257/4062/3011 3256/4063/3010
f 3251/4055/3005 3252/4057/3006 3258/4064/3012 3257/4062/3011
f 3252/4057/3006 3247/4052/3002 3253/4059/3008 3258/4064/3012
f 3253/4059/3008 3254/4058/3007 3260/4065/3013 3259/4066/3014
f 3254/4058/3007 3255/4060/3009 3261/4067/3015 3260/4065/3013
f 3255/4060/3009 3256/4061/3010 3262/4068/3016 3261/4067/3015
f 3256/4063/3010 3257/4062/3011 3263/4069/3017 3262/4070/3016
f 3257/4062/3011 3258/4064/3012 3264/4071/3018 3263/4069/3017
f 3258/4064/3012 3253/4059/3008 3259/4066/3014 3264/4071/3018
f 3259/4066/3014 3260/4065/3013 3266/4072/3019 3265/4073/3020
f 3260/4065/3013 3261/4067/3015 3267/4074/3021 3266/4072/3019
f 3261/4067/3015 3262/4068/3016 3268/4075/3022 3267/4074/3021
f 3262/4070/3016 3263/4069/3017 3269/4076/3023 3268/4077/3022
f 3263/4069/3017 3264/4071/3018 3270/4078/3024 3269/4076/3023
f 3264/4071/3018 3259/4066/3014 3265/4073/3020 3270/4078/3024
f 3265/4073/3020 3266/4072/3019 3200/3989/2948 3199/3988/2947
f 3266/4072/3019 3267/4074/3021 3201/3992/2951 3200/3989/2948
f 3267/4074/3021 3268/4075/3022 3202/3994/2953 3201/3992/2951
f 3268/4077/3022 3269/4076/3023 3203/3997/2955 3202/3996/2953
f 3269/4076/3023 3270/4078/3024 3204/4000/2957 3203/3997/2955
f 3270/4078/3024 3265/4073/3020 3199/3988/2947 3204/4000/2957
f 3271/4079/2947 3272/4080/3025 3278/4081/3026 3277/4082/2950
f 3272/4080/3025 3273/4083/2951 3279/4084/3027 3278/4081/3026
f 3273/4083/2951 3274/4085/2953 3280/4086/2954 3279/4084/3027
f 3274/4087/2953 3275/4088/2955 3281/4089/2956 3280/4090/2954
f 3275/4088/2955 3276/4091/2957 3282/4092/2958 3281/4089/2956
f 3276/4091/2957 3271/4079/2947 3277/4082/2950 3282/4092/2958
f 3277/4082/2950 3278/4081/3026 3284/4093/2959 3283/4094/2960
f 3278/4081/3026 3279/4084/3027 3285/4095/2961 3284/4093/2959
f 3279/4084/3027 3280/4086/2954 3286/4096/2962 3285/4095/2961
f 3280/4090/2954 3281/4089/2956 3287/4097/3028 3286/4098/2962
f 3281/4089/2956 3282/4092/2958 3288/4099/2964 3287/4097/3028
f 3282/4092/2958 3277/4082/2950 3283/4094/2960 3288/4099/2964
f 3283/4094/2960 3284/4093/2959 3290/4100/2965 3289/4101/3029
f 3284/4093/2959 3285/4095/2961 3291/4102/2967 3290/4100/2965
f 3285/4095/2961 3286/4096/2962 3292/4103/2968 3291/4102/2967
f 3286/4098/2962 3287/4097/3028 3293/4104/2969 3292/4105/2968
f 3287/4097/3028 3288/4099/2964 3294/4106/2970 3293/4104/2969
f 3288/4099/2964 3283/4094/2960 3289/4101/3029 3294/4106/2970
f 3289/4101/3029 3290/4100/2965 3296/4107/2971 3295/4108/3030
f 3290/4100/2965 3291/4102/2967 3297/4109/2973 3296/4107/2971
f 3291/4102/2967 3292/4103/2968 3298/4110/2974 3297/4109/2973
f 3292/4105/2968 3293/4104/2969 3299/4111/2975 3298/4112/2974
f 3293/4104/2969 3294/4106/2970 3300/4113/2976 3299/4111/2975
f 3294/4106/2970 3289/4101/3029 3295/4108/3030 3300/4113/2976
f 3295/4108/3030 3296/4107/2971 3302/4114/2977 3301/4115/2978
f 3296/4107/2971 3297/4109/2973 3303/4116/3031 3302/4114/2977
f 3297/4109/2973 3298/4110/2974 3304/4117/3032 3303/4116/3031
f 3298/4112/2974 3299/4111/2975 3305/4118/2981 3304/4119/3032
f 3299/4111/2975 3300/4113/2976 3306/4120/2982 3305/4118/2981
f 3300/4113/2976 3295/4108/3030 3301/4115/2978 3306/4120/2982
f 3301/4115/2978 3302/4114/2977 3308/4121/2983 3307/4122/2984
f 3302/4114/2977 3303/4116/3031 3309/4123/2985 3308/4121/2983
f 3303/4116/3031 3304/4117/3032 3310/4124/2986 3309/4123/2985
f 3304/4119/3032 3305/4118/2981 3311/4125/3033 3310/4126/2986
f 3305/4118/2981 3306/4120/2982 3312/4127/2988 3311/4125/3033
f 3306/4120/2982 3301/4115/2978 3307/4122/2984 3312/4127/2988
f 3358/4128/3034 3382/4129/2990 3314/4130/2991 3313/4131/2992
f 3382/4129/2990 3383/4132/2993 3315/4133/3035 3314/4130/2991
f 3383/4132/2993 3384/4134/3036 3316/4135/2996 3315/4133/3035
f 3384/4136/3036 3359/4137/2997 3317/4138/3037 3316/4139/2996
f 3359/4137/2997 3360/4140/3038 3318/4141/3000 3317/4138/3037
f 3360/4140/3038 3358/4128/3034 3313/4131/2992 3318/4141/3000
f 3313/4131/2992 3314/4130/2991 3320/4142/3001 3319/4143/3039
f 3314/4130/2991 3315/4133/3035 3321/4144/3003 3320/4142/3001
f 3315/4133/3035 3316/4135/2996 3322/4145/3004 3321/4144/3003
f 3316/4139/2996 3317/4138/3037 3323/4146/3005 3322/4147/3004
f 3317/4138/3037 3318/4141/3000 3324/4148/3006 3323/4146/3005
f 3318/4141/3000 3313/4131/2992 3319/4143/3039 3324/4148/3006
f 3319/4143/3039 3320/4142/3001 3326/4149/3007 3325/4150/3008
f 3320/4142/3001 3321/4144/3003 3327/4151/3009 3326/4149/3007
f 3321/4144/3003 3322/4145/3004 3328/4152/3040 3327/4151/3009
f 3322/4147/3004 3323/4146/3005 3329/4153/3011 3328/4154/3040
f 3323/4146/3005 3324/4148/3006 3330/4155/3012 3329/4153/3011
f 3324/4148/3006 3319/4143/3039 3325/4150/3008 3330/4155/3012
f 3325/4150/3008 3326/4149/3007 3332/4156/3013 3331/4157/3014
f 3326/4149/3007 3327/4151/3009 3333/4158/3015 3332/4156/3013
f 3327/4151/3009 3328/4152/3040 3334/4159/3016 3333/4158/3015
f 3328/4154/3040 3329/4153/3011 3335/4160/3017 3334/4161/3016
f 3329/4153/3011 3330/4155/3012 3336/4162/3018 3335/4160/3017
f 3330/4155/3012 3325/4150/3008 3331/4157/3014 3336/4162/3018
f 3331/4157/3014 3332/4156/3013 3338/4163/3019 3337/4164/3020
f 3332/4156/3013 3333/4158/3015 3339/4165/3021 3338/4163/3019
f 3333/4158/3015 3334/4159/3016 3340/4166/3041 3339/4165/3021
f 3334/4161/3016 3335/4160/3017 3341/4167/3023 3340/4168/3041
f 3335/4160/3017 3336/4162/3018 3342/4169/3042 3341/4167/3023
f 3336/4162/3018 3331/4157/3014 3337/4164/3020 3342/4169/3042
f 3337/4164/3020 3338/4163/3019 3272/4080/3025 3271/4079/2947
f 3338/4163/3019 3339/4165/3021 3273/4083/2951 3272/4080/3025
f 3339/4165/3021 3340/4166/3041 3274/4085/2953 3273/4083/2951
f 3340/4168/3041 3341/4167/3023 3275/4088/2955 3274/4087/2953
f 3341/4167/3023 3342/4169/3042 3276/4091/2957 3275/4088/2955
f 3342/4169/3042 3337/4164/3020 3271/4079/2947 3276/4091/2957
f 3343/4170/2947 3344/4171/3043 3348/4172/3026 3347/4173/2950
f 3344/4171/3043 3345/4174/2951 3349/4175/2952 3348/4172/3026
f 3346/4176/3044 3362/4177/2957 3350/4178/2958 3364/4179/2956
f 3362/4177/2957 3343/4170/2947 3347/4173/2950 3350/4178/2958
f 3347/4173/2950 3348/4172/3026 3365/4180/2959 3351/4181/2960
f 3348/4172/3026 3349/4175/2952 3366/4182/2961 3365/4180/2959
f 3349/4175/2952 3363/4183/3045 3367/4184/2962 3366/4182/2961
f 3364/4179/2956 3350/4178/2958 3369/4185/2964 3368/4186/3046
f 3350/4178/2958 3347/4173/2950 3351/4181/2960 3369/4185/2964
f 3351/4181/2960 3365/4180/2959 3370/4187/2965 3352/4188/3029
f 3366/4182/2961 3367/4184/2962 3353/4189/2968 3371/4190/3047
f 3367/4191/2962 3368/4186/3046 3372/4192/3048 3353/4193/2968
f 3369/4185/2964 3351/4181/2960 3352/4188/3029 3373/4194/3049
f 3352/4195/3029 3370/4196/2965 3375/4197/2971 3374/4198/2972
f 3371/4199/3047 3353/4200/2968 3354/4201/2974 3376/4202/3050
f 3353/4203/2968 3372/4204/3048 3377/4205/2975 3354/4206/2974
f 3372/4204/3048 3373/4207/3049 3355/4208/2976 3377/4205/2975
f 3373/4207/3049 3352/4195/3029 3374/4198/2972 3355/4208/2976
f 3376/4202/3050 3354/4201/2974 3356/4209/2980 3380/4210/3051
f 3354/4206/2974 3377/4205/2975 3381/4211/2981 3356/4212/2980
f 3377/4205/2975 3355/4208/2976 3357/4213/3052 3381/4211/2981
f 3355/4208/2976 3374/4198/2972 3378/4214/3053 3357/4213/3052
f 3378/4214/3053 3379/4215/3054 3382/4129/2990 3358/4128/3034
f 3380/4210/3051 3356/4209/2980 3384/4134/3036 3383/4132/2993
f 3356/4212/2980 3381/4211/2981 3359/4137/2997 3384/4136/3036
f 3381/4211/2981 3357/4213/3052 3360/4140/3038 3359/4137/2997
f 3357/4213/3052 3378/4214/3053 3358/4128/3034 3360/4140/3038
f 3345/4174/2951 3361/4216/2953 3363/4183/3045 3349/4175/2952
f 3361/4217/2953 3346/4176/3044 3364/4179/2956 3363/4218/3045
f 3363/4218/3045 3364/4179/2956 3368/4186/3046 3367/4191/2962
f 3365/4180/2959 3366/4182/2961 3371/4190/3047 3370/4187/2965
f 3368/4186/3046 3369/4185/2964 3373/4194/3049 3372/4192/3048
f 3370/4196/2965 3371/4199/3047 3376/4202/3050 3375/4197/2971
f 3374/4198/2972 3375/4197/2971 3379/4215/3054 3378/4214/3053
f 3375/4197/2971 3376/4202/3050 3380/4210/3051 3379/4215/3054
f 3379/4215/3054 3380/4210/3051 3383/4132/2993 3382/4129/2990
f 3385/4219/3055 3386/4220/3056 3392/4221/2991 3391/4222/2992
f 3386/4220/3056 3387/4223/3057 3393/4224/3035 3392/4221/2991
f 3387/4223/3057 3388/4225/3058 3394/4226/2996 3393/4224/3035
f 3388/4227/3058 3389/4228/3059 3395/4229/3037 3394/4230/2996
f 3389/4228/3059 3390/4231/3060 3396/4232/3000 3395/4229/3037
f 3390/4231/3060 3385/4219/3055 3391/4222/2992 3396/4232/3000
f 3391/4222/2992 3392/4221/2991 3398/4233/3001 3397/4234/3002
f 3392/4221/2991 3393/4224/3035 3399/4235/3003 3398/4233/3001
f 3393/4224/3035 3394/4226/2996 3400/4236/3061 3399/4235/3003
f 3394/4230/2996 3395/4229/3037 3401/4237/3005 3400/4238/3061
f 3395/4229/3037 3396/4232/3000 3402/4239/3006 3401/4237/3005
f 3396/4232/3000 3391/4222/2992 3397/4234/3002 3402/4239/3006
f 3397/4234/3002 3398/4233/3001 3404/4240/3007 3403/4241/3008
f 3398/4233/3001 3399/4235/3003 3405/4242/3009 3404/4240/3007
f 3399/4235/3003 3400/4236/3061 3406/4243/3040 3405/4242/3009
f 3400/4238/3061 3401/4237/3005 3407/4244/3011 3406/4245/3040
f 3401/4237/3005 3402/4239/3006 3408/4246/3012 3407/4244/3011
f 3402/4239/3006 3397/4234/3002 3403/4241/3008 3408/4246/3012
f 3403/4241/3008 3404/4240/3007 3410/4247/3013 3409/4248/3014
f 3404/4240/3007 3405/4242/3009 3411/4249/3015 3410/4247/3013
f 3405/4242/3009 3406/4243/3040 3412/4250/3016 3411/4249/3015
f 3406/4245/3040 3407/4244/3011 3413/4251/3017 3412/4252/3016
f 3407/4244/3011 3408/4246/3012 3414/4253/3018 3413/4251/3017
f 3408/4246/3012 3403/4241/3008 3409/4248/3014 3414/4253/3018
f 3409/4248/3014 3410/4247/3013 3416/4254/3019 3415/4255/3020
f 3410/4247/3013 3411/4249/3015 3417/4256/3021 3416/4254/3019
f 3411/4249/3015 3412/4250/3016 3418/4257/3022 3417/4256/3021
f 3412/4252/3016 3413/4251/3017 3419/4258/3023 3418/4259/3022
f 3413/4251/3017 3414/4253/3018 3420/4260/3024 3419/4258/3023
f 3414/4253/3018 3409/4248/3014 3415/4255/3020 3420/4260/3024
f 3415/4255/3020 3416/4254/3019 3344/4171/3043 3343/4170/2947
f 3416/4254/3019 3417/4256/3021 3345/4174/2951 3344/4171/3043
f 3417/4256/3021 3418/4257/3022 3361/4216/2953 3345/4174/2951
f 3418/4259/3022 3419/4258/3023 3346/4176/3044 3361/4217/2953
f 3419/4258/3023 3420/4260/3024 3362/4177/2957 3346/4176/3044
f 3420/4260/3024 3415/4255/3020 3343/4170/2947 3362/4177/2957
f 3421/4261/2947 3422/4262/3043 3428/4263/2949 3427/4264/2950
f 3422/4262/3043 3423/4265/3062 3429/4266/3063 3428/4263/2949
f 3423/4265/3062 3424/4267/2953 3430/4268/2954 3429/4266/3063
f 3424/4269/2953 3425/4270/2955 3431/4271/2956 3430/4272/2954
f 3425/4270/2955 3426/4273/2957 3432/4274/2958 3431/4271/2956
f 3426/4273/2957 3421/4261/2947 3427/4264/2950 3432/4274/2958
f 3427/4264/2950 3428/4263/2949 3434/4275/2959 3433/4276/2960
f 3428/4263/2949 3429/4266/3063 3435/4277/2961 3434/4275/2959
f 3429/4266/3063 3430/4268/2954 3436/4278/2962 3435/4277/2961
f 3430/4272/2954 3431/4271/2956 3437/4279/2963 3436/4280/2962
f 3431/4271/2956 3432/4274/2958 3438/4281/2964 3437/4279/2963
f 3432/4274/2958 3427/4264/2950 3433/4276/2960 3438/4281/2964
f 3433/4276/2960 3434/4275/2959 3440/4282/2965 3439/4283/3029
f 3434/4275/2959 3435/4277/2961 3441/4284/2967 3440/4282/2965
f 3435/4277/2961 3436/4278/2962 3442/4285/2968 3441/4284/2967
f 3436/4280/2962 3437/4279/2963 3443/4286/2969 3442/4287/2968
f 3437/4279/2963 3438/4281/2964 3444/4288/2970 3443/4286/2969
f 3438/4281/2964 3433/4276/2960 3439/4283/3029 3444/4288/2970
f 3439/4283/3029 3440/4282/2965 3446/4289/2971 3445/4290/2972
f 3440/4282/2965 3441/4284/2967 3447/4291/2973 3446/4289/2971
f 3441/4284/2967 3442/4285/2968 3448/4292/2974 3447/4291/2973
f 3442/4287/2968 3443/4286/2969 3449/4293/2975 3448/4294/2974
f 3443/4286/2969 3444/4288/2970 3450/4295/2976 3449/4293/2975
f 3444/4288/2970 3439/4283/3029 3445/4290/2972 3450/4295/2976
f 3445/4290/2972 3446/4289/2971 3452/4296/2977 3451/4297/3064
f 3446/4289/2971 3447/4291/2973 3453/4298/3031 3452/4296/2977
f 3447/4291/2973 3448/4292/2974 3454/4299/3032 3453/4298/3031
f 3448/4294/2974 3449/4293/2975 3455/4300/2981 3454/4301/3032
f 3449/4293/2975 3450/4295/2976 3456/4302/2982 3455/4300/2981
f 3450/4295/2976 3445/4290/2972 3451/4297/3064 3456/4302/2982
f 3451/4297/3064 3452/4296/2977 3458/4303/2983 3457/4304/2984
f 3452/4296/2977 3453/4298/3031 3459/4305/2985 3458/4303/2983
f 3453/4298/3031 3454/4299/3032 3460/4306/2986 3459/4305/2985
f 3454/4301/3032 3455/4300/2981 3461/4307/3033 3460/4308/2986
f 3455/4300/2981 3456/4302/2982 3462/4309/2988 3461/4307/3033
f 3456/4302/2982 3451/4297/3064 3457/4304/2984 3462/4309/2988
f 3307/4122/2984 3308/4121/2983 3464/4310/2991 3463/4311/2992
f 3308/4121/2983 3309/4123/2985 3465/4312/3035 3464/4310/2991
f 3309/4123/2985 3310/4124/2986 3466/4313/2996 3465/4312/3035
f 3310/4126/2986 3311/4125/3033 3467/4314/2998 3466/4315/2996
f 3311/4125/3033 3312/4127/2988 3468/4316/3000 3467/4314/2998
f 3312/4127/2988 3307/4122/2984 3463/4311/2992 3468/4316/3000
f 3463/4311/2992 3464/4310/2991 3470/4317/3001 3469/4318/3002
f 3464/4310/2991 3465/4312/3035 3471/4319/3003 3470/4317/3001
f 3465/4312/3035 3466/4313/2996 3472/4320/3061 3471/4319/3003
f 3466/4315/2996 3467/4314/2998 3473/4321/3005 3472/4322/3061
f 3467/4314/2998 3468/4316/3000 3474/4323/3006 3473/4321/3005
f 3468/4316/3000 3463/4311/2992 3469/4318/3002 3474/4323/3006
f 3469/4318/3002 3470/4317/3001 3476/4324/3007 3475/4325/3008
f 3470/4317/3001 3471/4319/3003 3477/4326/3065 3476/4324/3007
f 3471/4319/3003 3472/4320/3061 3478/4327/3010 3477/4326/3065
f 3472/4322/3061 3473/4321/3005 3479/4328/3066 3478/4329/3010
f 3473/4321/3005 3474/4323/3006 3480/4330/3012 3479/4328/3066
f 3474/4323/3006 3469/4318/3002 3475/4325/3008 3480/4330/3012
f 3475/4325/3008 3476/4324/3007 3482/4331/3013 3481/4332/3014
f 3476/4324/3007 3477/4326/3065 3483/4333/3015 3482/4331/3013
f 3477/4326/3065 3478/4327/3010 3484/4334/3067 3483/4333/3015
f 3478/4329/3010 3479/4328/3066 3485/4335/3017 3484/4336/3067
f 3479/4328/3066 3480/4330/3012 3486/4337/3018 3485/4335/3017
f 3480/4330/3012 3475/4325/3008 3481/4332/3014 3486/4337/3018
f 3481/4332/3014 3482/4331/3013 3488/4338/3019 3487/4339/3020
f 3482/4331/3013 3483/4333/3015 3489/4340/3021 3488/4338/3019
f 3483/4333/3015 3484/4334/3067 3490/4341/3041 3489/4340/3021
f 3484/4336/3067 3485/4335/3017 3491/4342/3023 3490/4343/3041
f 3485/4335/3017 3486/4337/3018 3492/4344/3068 3491/4342/3023
f 3486/4337/3018 3481/4332/3014 3487/4339/3020 3492/4344/3068
f 3487/4339/3020 3488/4338/3019 3422/4262/3043 3421/4261/2947
f 3488/4338/3019 3489/4340/3021 3423/4265/3062 3422/4262/3043
f 3489/4340/3021 3490/4341/3041 3424/4267/2953 3423/4265/3062
f 3490/4343/3041 3491/4342/3023 3425/4270/2955 3424/4269/2953
f 3491/4342/3023 3492/4344/3068 3426/4273/2957 3425/4270/2955
f 3492/4344/3068 3487/4339/3020 3421/4261/2947 3426/4273/2957
f 3493/4345/2947 3494/4346/3043 3500/4347/3026 3499/4348/2950
f 3494/4346/3043 3495/4349/3069 3501/4350/3063 3500/4347/3026
f 3495/4349/3069 3496/4351/2953 3502/4352/2954 3501/4350/3063
f 3496/4353/2953 3497/4354/2955 3503/4355/2956 3502/4356/2954
f 3497/4354/2955 3498/4357/2957 3504/4358/3070 3503/4355/2956
f 3498/4357/2957 3493/4345/2947 3499/4348/2950 3504/4358/3070
f 3499/4348/2950 3500/4347/3026 3506/4359/3071 3505/4360/2960
f 3500/4347/3026 3501/4350/3063 3507/4361/2961 3506/4359/3071
f 3501/4350/3063 3502/4352/2954 3508/4362/2962 3507/4361/2961
f 3502/4356/2954 3503/4355/2956 3509/4363/3028 3508/4364/2962
f 3503/4355/2956 3504/4358/3070 3510/4365/2964 3509/4363/3028
f 3504/4358/3070 3499/4348/2950 3505/4360/2960 3510/4365/2964
f 3505/4360/2960 3506/4359/3071 3512/4366/2965 3511/4367/3029
f 3506/4359/3071 3507/4361/2961 3513/4368/2967 3512/4366/2965
f 3507/4361/2961 3508/4362/2962 3514/4369/2968 3513/4368/2967
f 3508/4364/2962 3509/4363/3028 3515/4370/2969 3514/4371/2968
f 3509/4363/3028 3510/4365/2964 3516/4372/2970 3515/4370/2969
f 3510/4365/2964 3505/4360/2960 3511/4367/3029 3516/4372/2970
f 3511/4367/3029 3512/4366/2965 3518/4373/2971 3517/4374/2972
f 3512/4366/2965 3513/4368/2967 3519/4375/2973 3518/4373/2971
f 3513/4368/2967 3514/4369/2968 3520/4376/2974 3519/4375/2973
f 3514/4371/2968 3515/4370/2969 3521/4377/2975 3520/4378/2974
f 3515/4370/2969 3516/4372/2970 3522/4379/2976 3521/4377/2975
f 3516/4372/2970 3511/4367/3029 3517/4374/2972 3522/4379/2976
f 3517/4374/2972 3518/4373/2971 3524/4380/2977 3523/4381/3064
f 3518/4373/2971 3519/4375/2973 3525/4382/3031 3524/4380/2977
f 3519/4375/2973 3520/4376/2974 3526/4383/2980 3525/4382/3031
f 3520/4378/2974 3521/4377/2975 3527/4384/2981 3526/4385/2980
f 3521/4377/2975 3522/4379/2976 3528/4386/2982 3527/4384/2981
f 3522/4379/2976 3517/4374/2972 3523/4381/3064 3528/4386/2982
f 3523/4381/3064 3524/4380/2977 3530/4387/2983 3529/4388/2984
f 3524/4380/2977 3525/4382/3031 3531/4389/2985 3530/4387/2983
f 3525/4382/3031 3526/4383/2980 3532/4390/3072 3531/4389/2985
f 3526/4385/2980 3527/4384/2981 3533/4391/3033 3532/4392/3072
f 3527/4384/2981 3528/4386/2982 3534/4393/2988 3533/4391/3033
f 3528/4386/2982 3523/4381/3064 3529/4388/2984 3534/4393/2988
f 3601/4394/2984 3602/4395/2990 3536/4396/2991 3535/4397/2992
f 3602/4395/2990 3603/4398/2993 3537/4399/2994 3536/4396/2991
f 3603/4398/2993 3604/4400/2995 3538/4401/2996 3537/4399/2994
f 3604/4402/2995 3605/4403/2997 3539/4404/2998 3538/4405/2996
f 3605/4403/2997 3606/4406/3038 3540/4407/3073 3539/4404/2998
f 3606/4406/3038 3601/4394/2984 3535/4397/2992 3540/4407/3073
f 3535/4397/2992 3536/4396/2991 3542/4408/3001 3541/4409/3002
f 3536/4396/2991 3537/4399/2994 3543/4410/3003 3542/4408/3001
f 3537/4399/2994 3538/4401/2996 3544/4411/3004 3543/4410/3003
f 3538/4405/2996 3539/4404/2998 3545/4412/3005 3544/4413/3004
f 3539/4404/2998 3540/4407/3073 3546/4414/3074 3545/4412/3005
f 3540/4407/3073 3535/4397/2992 3541/4409/3002 3546/4414/3074
f 3541/4409/3002 3542/4408/3001 3548/4415/3007 3547/4416/3008
f 3542/4408/3001 3543/4410/3003 3549/4417/3009 3548/4415/3007
f 3543/4410/3003 3544/4411/3004 3550/4418/3040 3549/4417/3009
f 3544/4413/3004 3545/4412/3005 3551/4419/3011 3550/4420/3040
f 3545/4412/3005 3546/4414/3074 3552/4421/3012 3551/4419/3011
f 3546/4414/3074 3541/4409/3002 3547/4416/3008 3552/4421/3012
f 3547/4416/3008 3548/4415/3007 3554/4422/3013 3553/4423/3014
f 3548/4415/3007 3549/4417/3009 3555/4424/3015 3554/4422/3013
f 3549/4417/3009 3550/4418/3040 3556/4425/3016 3555/4424/3015
f 3550/4420/3040 3551/4419/3011 3557/4426/3017 3556/4427/3016
f 3551/4419/3011 3552/4421/3012 3558/4428/3018 3557/4426/3017
f 3552/4421/3012 3547/4416/3008 3553/4423/3014 3558/4428/3018
f 3553/4423/3014 3554/4422/3013 3560/4429/3019 3559/4430/3020
f 3554/4422/3013 3555/4424/3015 3561/4431/3021 3560/4429/3019
f 3555/4424/3015 3556/4425/3016 3562/4432/3075 3561/4431/3021
f 3556/4427/3016 3557/4426/3017 3563/4433/3023 3562/4434/3075
f 3557/4426/3017 3558/4428/3018 3564/4435/3068 3563/4433/3023
f 3558/4428/3018 3553/4423/3014 3559/4430/3020 3564/4435/3068
f 3559/4430/3020 3560/4429/3019 3494/4346/3043 3493/4345/2947
f 3560/4429/3019 3561/4431/3021 3495/4349/3069 3494/4346/3043
f 3561/4431/3021 3562/4432/3075 3496/4351/2953 3495/4349/3069
f 3562/4434/3075 3563/4433/3023 3497/4354/2955 3496/4353/2953
f 3563/4433/3023 3564/4435/3068 3498/4357/2957 3497/4354/2955
f 3564/4435/3068 3559/4430/3020 3493/4345/2947 3498/4357/2957
f 3565/4436/2947 3566/4437/3043 3572/4438/3026 3571/4439/2950
f 3566/4437/3043 3567/4440/3069 3573/4441/3063 3572/4438/3026
f 3567/4440/3069 3568/4442/2953 3574/4443/2954 3573/4441/3063
f 3568/4444/2953 3569/4445/2955 3575/4446/2956 3574/4447/2954
f 3569/4445/2955 3570/4448/2957 3576/4449/3070 3575/4446/2956
f 3570/4448/2957 3565/4436/2947 3571/4439/2950 3576/4449/3070
f 3571/4439/2950 3572/4438/3026 3578/4450/3071 3577/4451/2960
f 3572/4438/3026 3573/4441/3063 3579/4452/2961 3578/4450/3071
f 3573/4441/3063 3574/4443/2954 3580/4453/2962 3579/4452/2961
f 3574/4447/2954 3575/4446/2956 3581/4454/2963 3580/4455/2962
f 3575/4446/2956 3576/4449/3070 3582/4456/2964 3581/4454/2963
f 3576/4449/3070 3571/4439/2950 3577/4451/2960 3582/4456/2964
f 3577/4451/2960 3578/4450/3071 3584/4457/2965 3583/4458/3029
f 3578/4450/3071 3579/4452/2961 3585/4459/2967 3584/4457/2965
f 3579/4452/2961 3580/4453/2962 3586/4460/2968 3585/4459/2967
f 3580/4455/2962 3581/4454/2963 3587/4461/2969 3586/4462/2968
f 3581/4454/2963 3582/4456/2964 3588/4463/2970 3587/4461/2969
f 3582/4456/2964 3577/4451/2960 3583/4458/3029 3588/4463/2970
f 3583/4458/3029 3584/4457/2965 3590/4464/2971 3589/4465/2972
f 3584/4457/2965 3585/4459/2967 3591/4466/2973 3590/4464/2971
f 3585/4459/2967 3586/4460/2968 3592/4467/2974 3591/4466/2973
f 3586/4462/2968 3587/4461/2969 3593/4468/2975 3592/4469/2974
f 3587/4461/2969 3588/4463/2970 3594/4470/2976 3593/4468/2975
f 3588/4463/2970 3583/4458/3029 3589/4465/2972 3594/4470/2976
f 3589/4465/2972 3590/4464/2971 3596/4471/2977 3595/4472/3064
f 3590/4464/2971 3591/4466/2973 3597/4473/3031 3596/4471/2977
f 3591/4466/2973 3592/4467/2974 3598/4474/2980 3597/4473/3031
f 3592/4469/2974 3593/4468/2975 3599/4475/2981 3598/4476/2980
f 3593/4468/2975 3594/4470/2976 3600/4477/2982 3599/4475/2981
f 3594/4470/2976 3589/4465/2972 3595/4472/3064 3600/4477/2982
f 3595/4472/3064 3596/4471/2977 3602/4395/2990 3601/4394/2984
f 3596/4471/2977 3597/4473/3031 3603/4398/2993 3602/4395/2990
f 3597/4473/3031 3598/4474/2980 3604/4400/2995 3603/4398/2993
f 3598/4476/2980 3599/4475/2981 3605/4403/2997 3604/4402/2995
f 3599/4475/2981 3600/4477/2982 3606/4406/3038 3605/4403/2997
f 3600/4477/2982 3595/4472/3064 3601/4394/2984 3606/4406/3038
f 3457/4304/2984 3458/4303/2983 3608/4478/2991 3607/4479/2992
f 3458/4303/2983 3459/4305/2985 3609/4480/3035 3608/4478/2991
f 3459/4305/2985 3460/4306/2986 3610/4481/2996 3609/4480/3035
f 3460/4308/2986 3461/4307/3033 3611/4482/2998 3610/4483/2996
f 3461/4307/3033 3462/4309/2988 3612/4484/3073 3611/4482/2998
f 3462/4309/2988 3457/4304/2984 3607/4479/2992 3612/4484/3073
f 3607/4479/2992 3608/4478/2991 3614/4485/3001 3613/4486/3002
f 3608/4478/2991 3609/4480/3035 3615/4487/3003 3614/4485/3001
f 3609/4480/3035 3610/4481/2996 3616/4488/3004 3615/4487/3003
f 3610/4483/2996 3611/4482/2998 3617/4489/3005 3616/4490/3004
f 3611/4482/2998 3612/4484/3073 3618/4491/3006 3617/4489/3005
f 3612/4484/3073 3607/4479/2992 3613/4486/3002 3618/4491/3006
f 3613/4486/3002 3614/4485/3001 3620/4492/3007 3619/4493/3008
f 3614/4485/3001 3615/4487/3003 3621/4494/3065 3620/4492/3007
f 3615/4487/3003 3616/4488/3004 3622/4495/3040 3621/4494/3065
f 3616/4490/3004 3617/4489/3005 3623/4496/3066 3622/4497/3040
f 3617/4489/3005 3618/4491/3006 3624/4498/3012 3623/4496/3066
f 3618/4491/3006 3613/4486/3002 3619/4493/3008 3624/4498/3012
f 3619/4493/3008 3620/4492/3007 3626/4499/3076 3625/4500/3014
f 3620/4492/3007 3621/4494/3065 3627/4501/3015 3626/4499/3076
f 3621/4494/3065 3622/4495/3040 3628/4502/3077 3627/4501/3015
f 3622/4497/3040 3623/4496/3066 3629/4503/3017 3628/4504/3077
f 3623/4496/3066 3624/4498/3012 3630/4505/3018 3629/4503/3017
f 3624/4498/3012 3619/4493/3008 3625/4500/3014 3630/4505/3018
f 3625/4500/3014 3626/4499/3076 3632/4506/3019 3631/4507/3020
f 3626/4499/3076 3627/4501/3015 3633/4508/3021 3632/4506/3019
f 3627/4501/3015 3628/4502/3077 3634/4509/3022 3633/4508/3021
f 3628/4504/3077 3629/4503/3017 3635/4510/3023 3634/4511/3022
f 3629/4503/3017 3630/4505/3018 3636/4512/3024 3635/4510/3023
f 3630/4505/3018 3625/4500/3014 3631/4507/3020 3636/4512/3024
f 3631/4507/3020 3632/4506/3019 3566/4437/3043 3565/4436/2947
f 3632/4506/3019 3633/4508/3021 3567/4440/3069 3566/4437/3043
f 3633/4508/3021 3634/4509/3022 3568/4442/2953 3567/4440/3069
f 3634/4511/3022 3635/4510/3023 3569/4445/2955 3568/4444/2953
f 3635/4510/3023 3636/4512/3024 3570/4448/2957 3569/4445/2955
f 3636/4512/3024 3631/4507/3020 3565/4436/2947 3570/4448/2957
f 3637/4513/2947 3638/4514/3043 3644/4515/2949 3643/4516/2950
f 3638/4514/3043 3639/4517/2951 3645/4518/3063 3644/4515/2949
f 3639/4517/2951 3640/4519/2953 3646/4520/3078 3645/4518/3063
f 3640/4521/2953 3641/4522/2955 3647/4523/2956 3646/4524/3078
f 3641/4522/2955 3642/4525/3079 3648/4526/2958 3647/4523/2956
f 3642/4525/3079 3637/4513/2947 3643/4516/2950 3648/4526/2958
f 3643/4516/2950 3644/4515/2949 3650/4527/2959 3649/4528/2960
f 3644/4515/2949 3645/4518/3063 3651/4529/2961 3650/4527/2959
f 3645/4518/3063 3646/4520/3078 3652/4530/2962 3651/4529/2961
f 3646/4524/3078 3647/4523/2956 3653/4531/2963 3652/4532/2962
f 3647/4523/2956 3648/4526/2958 3654/4533/2964 3653/4531/2963
f 3648/4526/2958 3643/4516/2950 3649/4528/2960 3654/4533/2964
f 3649/4528/2960 3650/4527/2959 3656/4534/2965 3655/4535/3029
f 3650/4527/2959 3651/4529/2961 3657/4536/2967 3656/4534/2965
f 3651/4529/2961 3652/4530/2962 3658/4537/2968 3657/4536/2967
f 3652/4532/2962 3653/4531/2963 3659/4538/3048 3658/4539/2968
f 3653/4531/2963 3654/4533/2964 3660/4540/2970 3659/4538/3048
f 3654/4533/2964 3649/4528/2960 3655/4535/3029 3660/4540/2970
f 3655/4535/3029 3656/4534/2965 3662/4541/2971 3661/4542/2972
f 3656/4534/2965 3657/4536/2967 3663/4543/2973 3662/4541/2971
f 3657/4536/2967 3658/4537/2968 3664/4544/2974 3663/4543/2973
f 3658/4539/2968 3659/4538/3048 3665/4545/3080 3664/4546/2974
f 3659/4538/3048 3660/4540/2970 3666/4547/2976 3665/4545/3080
f 3660/4540/2970 3655/4535/3029 3661/4542/2972 3666/4547/2976
f 3661/4548/2972 3662/4549/2971 3668/4550/2977 3667/4551/3064
f 3662/4549/2971 3663/4552/2973 3669/4553/2979 3668/4550/2977
f 3663/4552/2973 3664/4554/2974 3670/4555/3032 3669/4553/2979
f 3664/4556/2974 3665/4557/3080 3671/4558/2981 3670/4559/3032
f 3665/4557/3080 3666/4560/2976 3672/4561/2982 3671/4558/2981
f 3666/4560/2976 3661/4548/2972 3667/4551/3064 3672/4561/2982
f 3667/4551/3064 3668/4550/2977 3674/4562/2983 3673/4563/2984
f 3668/4550/2977 3669/4553/2979 3675/4564/2985 3674/4562/2983
f 3669/4553/2979 3670/4555/3032 3676/4565/2986 3675/4564/2985
f 3670/4559/3032 3671/4558/2981 3677/4566/3033 3676/4567/2986
f 3671/4558/2981 3672/4561/2982 3678/4568/2988 3677/4566/3033
f 3672/4561/2982 3667/4551/3064 3673/4563/2984 3678/4568/2988
f 3529/4388/2984 3530/4387/2983 3680/4569/2991 3679/4570/2992
f 3530/4387/2983 3531/4389/2985 3681/4571/3035 3680/4569/2991
f 3531/4389/2985 3532/4390/3072 3682/4572/2996 3681/4571/3035
f 3532/4392/3072 3533/4391/3033 3683/4573/2998 3682/4574/2996
f 3533/4391/3033 3534/4393/2988 3684/4575/3073 3683/4573/2998
f 3534/4393/2988 3529/4388/2984 3679/4570/2992 3684/4575/3073
f 3679/4570/2992 3680/4569/2991 3686/4576/3001 3685/4577/3002
f 3680/4569/2991 3681/4571/3035 3687/4578/3003 3686/4576/3001
f 3681/4571/3035 3682/4572/2996 3688/4579/3004 3687/4578/3003
f 3682/4574/2996 3683/4573/2998 3689/4580/3005 3688/4581/3004
f 3683/4573/2998 3684/4575/3073 3690/4582/3006 3689/4580/3005
f 3684/4575/3073 3679/4570/2992 3685/4577/3002 3690/4582/3006
f 3685/4577/3002 3686/4576/3001 3692/4583/3007 3691/4584/3008
f 3686/4576/3001 3687/4578/3003 3693/4585/3065 3692/4583/3007
f 3687/4578/3003 3688/4579/3004 3694/4586/3040 3693/4585/3065
f 3688/4581/3004 3689/4580/3005 3695/4587/3011 3694/4588/3040
f 3689/4580/3005 3690/4582/3006 3696/4589/3012 3695/4587/3011
f 3690/4582/3006 3685/4577/3002 3691/4584/3008 3696/4589/3012
f 3691/4584/3008 3692/4583/3007 3698/4590/3013 3697/4591/3014
f 3692/4583/3007 3693/4585/3065 3699/4592/3015 3698/4590/3013
f 3693/4585/3065 3694/4586/3040 3700/4593/3016 3699/4592/3015
f 3694/4588/3040 3695/4587/3011 3701/4594/3017 3700/4595/3016
f 3695/4587/3011 3696/4589/3012 3702/4596/3018 3701/4594/3017
f 3696/4589/3012 3691/4584/3008 3697/4591/3014 3702/4596/3018
f 3697/4591/3014 3698/4590/3013 3704/4597/3019 3703/4598/3081
f 3698/4590/3013 3699/4592/3015 3705/4599/3021 3704/4597/3019
f 3699/4592/3015 3700/4593/3016 3706/4600/3082 3705/4599/3021
f 3700/4595/3016 3701/4594/3017 3707/4601/3023 3706/4602/3082
f 3701/4594/3017 3702/4596/3018 3708/4603/3024 3707/4601/3023
f 3702/4596/3018 3697/4591/3014 3703/4598/3081 3708/4603/3024
f 3703/4598/3081 3704/4597/3019 3638/4514/3043 3637/4513/2947
f 3704/4597/3019 3705/4599/3021 3639/4517/2951 3638/4514/3043
f 3705/4599/3021 3706/4600/3082 3640/4519/2953 3639/4517/2951
f 3706/4602/3082 3707/4601/3023 3641/4522/2955 3640/4521/2953
f 3707/4601/3023 3708/4603/3024 3642/4525/3079 3641/4522/2955
f 3708/4603/3024 3703/4598/3081 3637/4513/2947 3642/4525/3079
f 3709/4604/2947 3710/4605/3043 3716/4606/2949 3715/4607/2950
f 3710/4605/3043 3711/4608/3069 3717/4609/2952 3716/4606/2949
f 3711/4608/3069 3712/4610/2953 3718/4611/2954 3717/4609/2952
f 3712/4612/2953 3713/4613/2955 3719/4614/2956 3718/4615/2954
f 3713/4613/2955 3714/4616/2957 3720/4617/2958 3719/4614/2956
f 3714/4616/2957 3709/4604/2947 3715/4607/2950 3720/4617/2958
f 3715/4607/2950 3716/4606/2949 3722/4618/2959 3721/4619/2960
f 3716/4606/2949 3717/4609/2952 3723/4620/2961 3722/4618/2959
f 3717/4609/2952 3718/4611/2954 3724/4621/2962 3723/4620/2961
f 3718/4615/2954 3719/4614/2956 3725/4622/2963 3724/4623/2962
f 3719/4614/2956 3720/4617/2958 3726/4624/2964 3725/4622/2963
f 3720/4617/2958 3715/4607/2950 3721/4619/2960 3726/4624/2964
f 3721/4619/2960 3722/4618/2959 3728/4625/2965 3727/4626/3029
f 3722/4618/2959 3723/4620/2961 3729/4627/2967 3728/4625/2965
f 3723/4620/2961 3724/4621/2962 3730/4628/2968 3729/4627/2967
f 3724/4623/2962 3725/4622/2963 3731/4629/3083 3730/4630/2968
f 3725/4622/2963 3726/4624/2964 3732/4631/2970 3731/4629/3083
f 3726/4624/2964 3721/4619/2960 3727/4626/3029 3732/4631/2970
f 3727/4626/3029 3728/4625/2965 3734/4632/2971 3733/4633/2972
f 3728/4625/2965 3729/4627/2967 3735/4634/2973 3734/4632/2971
f 3729/4627/2967 3730/4628/2968 3736/4635/2974 3735/4634/2973
f 3730/4630/2968 3731/4629/3083 3737/4636/2975 3736/4637/2974
f 3731/4629/3083 3732/4631/2970 3738/4638/2976 3737/4636/2975
f 3732/4631/2970 3727/4626/3029 3733/4633/2972 3738/4638/2976
f 3733/4633/2972 3734/4632/2971 3740/4639/2977 3739/4640/3064
f 3734/4632/2971 3735/4634/2973 3741/4641/2979 3740/4639/2977
f 3735/4634/2973 3736/4635/2974 3742/4642/3032 3741/4641/2979
f 3736/4637/2974 3737/4636/2975 3743/4643/2981 3742/4644/3032
f 3737/4636/2975 3738/4638/2976 3744/4645/2982 3743/4643/2981
f 3738/4638/2976 3733/4633/2972 3739/4640/3064 3744/4645/2982
f 3739/4640/3064 3740/4639/2977 3746/4646/2983 3745/4647/2984
f 3740/4639/2977 3741/4641/2979 3747/4648/2985 3746/4646/2983
f 3741/4641/2979 3742/4642/3032 3748/4649/3072 3747/4648/2985
f 3742/4644/3032 3743/4643/2981 3749/4650/3033 3748/4651/3072
f 3743/4643/2981 3744/4645/2982 3750/4652/2988 3749/4650/3033
f 3744/4645/2982 3739/4640/3064 3745/4647/2984 3750/4652/2988
f 3673/4563/2984 3674/4562/2983 3752/4653/2991 3751/4654/2992
f 3674/4562/2983 3675/4564/2985 3753/4655/3035 3752/4653/2991
f 3675/4564/2985 3676/4565/2986 3754/4656/2996 3753/4655/3035
f 3676/4567/2986 3677/4566/3033 3755/4657/2998 3754/4658/2996
f 3677/4566/3033 3678/4568/2988 3756/4659/3073 3755/4657/2998
f 3678/4568/2988 3673/4563/2984 3751/4654/2992 3756/4659/3073
f 3751/4654/2992 3752/4653/2991 3758/4660/3001 3757/4661/3002
f 3752/4653/2991 3753/4655/3035 3759/4662/3003 3758/4660/3001
f 3753/4655/3035 3754/4656/2996 3760/4663/3004 3759/4662/3003
f 3754/4658/2996 3755/4657/2998 3761/4664/3005 3760/4665/3004
f 3755/4657/2998 3756/4659/3073 3762/4666/3074 3761/4664/3005
f 3756/4659/3073 3751/4654/2992 3757/4661/3002 3762/4666/3074
f 3757/4661/3002 3758/4660/3001 3764/4667/3007 3763/4668/3008
f 3758/4660/3001 3759/4662/3003 3765/4669/3009 3764/4667/3007
f 3759/4662/3003 3760/4663/3004 3766/4670/3040 3765/4669/3009
f 3760/4665/3004 3761/4664/3005 3767/4671/3011 3766/4672/3040
f 3761/4664/3005 3762/4666/3074 3768/4673/3012 3767/4671/3011
f 3762/4666/3074 3757/4661/3002 3763/4668/3008 3768/4673/3012
f 3763/4668/3008 3764/4667/3007 3770/4674/3013 3769/4675/3014
f 3764/4667/3007 3765/4669/3009 3771/4676/3015 3770/4674/3013
f 3765/4669/3009 3766/4670/3040 3772/4677/3016 3771/4676/3015
f 3766/4672/3040 3767/4671/3011 3773/4678/3017 3772/4679/3016
f 3767/4671/3011 3768/4673/3012 3774/4680/3018 3773/4678/3017
f 3768/4673/3012 3763/4668/3008 3769/4675/3014 3774/4680/3018
f 3769/4675/3014 3770/4674/3013 3776/4681/3019 3775/4682/3020
f 3770/4674/3013 3771/4676/3015 3777/4683/3021 3776/4681/3019
f 3771/4676/3015 3772/4677/3016 3778/4684/3041 3777/4683/3021
f 3772/4679/3016 3773/4678/3017 3779/4685/3023 3778/4686/3041
f 3773/4678/3017 3774/4680/3018 3780/4687/3024 3779/4685/3023
f 3774/4680/3018 3769/4675/3014 3775/4682/3020 3780/4687/3024
f 3775/4682/3020 3776/4681/3019 3710/4605/3043 3709/4604/2947
f 3776/4681/3019 3777/4683/3021 3711/4608/3069 3710/4605/3043
f 3777/4683/3021 3778/4684/3041 3712/4610/2953 3711/4608/3069
f 3778/4686/3041 3779/4685/3023 3713/4613/2955 3712/4612/2953
f 3779/4685/3023 3780/4687/3024 3714/4616/2957 3713/4613/2955
f 3780/4687/3024 3775/4682/3020 3709/4604/2947 3714/4616/2957
f 3781/4688/2947 3782/4689/2948 3788/4690/2949 3787/4691/2950
f 3782/4689/2948 3783/4692/3069 3789/4693/3027 3788/4690/2949
f 3783/4692/3069 3784/4694/2953 3790/4695/2954 3789/4693/3027
f 3784/4696/2953 3785/4697/2955 3791/4698/2956 3790/4699/2954
f 3785/4697/2955 3786/4700/2957 3792/4701/2958 3791/4698/2956
f 3786/4700/2957 3781/4688/2947 3787/4691/2950 3792/4701/2958
f 3787/4691/2950 3788/4690/2949 3794/4702/2959 3793/4703/2960
f 3788/4690/2949 3789/4693/3027 3795/4704/2961 3794/4702/2959
f 3789/4693/3027 3790/4695/2954 3796/4705/2962 3795/4704/2961
f 3790/4699/2954 3791/4698/2956 3797/4706/2963 3796/4707/2962
f 3791/4698/2956 3792/4701/2958 3798/4708/2964 3797/4706/2963
f 3792/4701/2958 3787/4691/2950 3793/4703/2960 3798/4708/2964
f 3793/4703/2960 3794/4702/2959 3800/4709/2965 3799/4710/3029
f 3794/4702/2959 3795/4704/2961 3801/4711/2967 3800/4709/2965
f 3795/4704/2961 3796/4705/2962 3802/4712/2968 3801/4711/2967
f 3796/4707/2962 3797/4706/2963 3803/4713/3048 3802/4714/2968
f 3797/4706/2963 3798/4708/2964 3804/4715/2970 3803/4713/3048
f 3798/4708/2964 3793/4703/2960 3799/4710/3029 3804/4715/2970
f 3799/4710/3029 3800/4709/2965 3806/4716/2971 3805/4717/2972
f 3800/4709/2965 3801/4711/2967 3807/4718/2973 3806/4716/2971
f 3801/4711/2967 3802/4712/2968 3808/4719/2974 3807/4718/2973
f 3802/4714/2968 3803/4713/3048 3809/4720/3080 3808/4721/2974
f 3803/4713/3048 3804/4715/2970 3810/4722/2976 3809/4720/3080
f 3804/4715/2970 3799/4710/3029 3805/4717/2972 3810/4722/2976
f 3805/4717/2972 3806/4716/2971 3812/4723/2977 3811/4724/3064
f 3806/4716/2971 3807/4718/2973 3813/4725/3031 3812/4723/2977
f 3807/4718/2973 3808/4719/2974 3814/4726/3032 3813/4725/3031
f 3808/4721/2974 3809/4720/3080 3815/4727/2981 3814/4728/3032
f 3809/4720/3080 3810/4722/2976 3816/4729/2982 3815/4727/2981
f 3810/4722/2976 3805/4717/2972 3811/4724/3064 3816/4729/2982
f 3811/4724/3064 3812/4723/2977 3818/4730/2983 3817/4731/2984
f 3812/4723/2977 3813/4725/3031 3819/4732/2985 3818/4730/2983
f 3813/4725/3031 3814/4726/3032 3820/4733/2986 3819/4732/2985
f 3814/4728/3032 3815/4727/2981 3821/4734/3033 3820/4735/2986
f 3815/4727/2981 3816/4729/2982 3822/4736/2988 3821/4734/3033
f 3816/4729/2982 3811/4724/3064 3817/4731/2984 3822/4736/2988
f 3745/4647/2984 3746/4646/2983 3824/4737/2991 3823/4738/2992
f 3746/4646/2983 3747/4648/2985 3825/4739/3035 3824/4737/2991
f 3747/4648/2985 3748/4649/3072 3826/4740/2996 3825/4739/3035
f 3748/4651/3072 3749/4650/3033 3827/4741/3037 3826/4742/2996
f 3749/4650/3033 3750/4652/2988 3828/4743/3000 3827/4741/3037
f 3750/4652/2988 3745/4647/2984 3823/4738/2992 3828/4743/3000
f 3823/4738/2992 3824/4737/2991 3830/4744/3001 3829/4745/3002
f 3824/4737/2991 3825/4739/3035 3831/4746/3003 3830/4744/3001
f 3825/4739/3035 3826/4740/2996 3832/4747/3004 3831/4746/3003
f 3826/4742/2996 3827/4741/3037 3833/4748/3005 3832/4749/3004
f 3827/4741/3037 3828/4743/3000 3834/4750/3074 3833/4748/3005
f 3828/4743/3000 3823/4738/2992 3829/4745/3002 3834/4750/3074
f 3829/4745/3002 3830/4744/3001 3836/4751/3007 3835/4752/3008
f 3830/4744/3001 3831/4746/3003 3837/4753/3065 3836/4751/3007
f 3831/4746/3003 3832/4747/3004 3838/4754/3040 3837/4753/3065
f 3832/4749/3004 3833/4748/3005 3839/4755/3066 3838/4756/3040
f 3833/4748/3005 3834/4750/3074 3840/4757/3012 3839/4755/3066
f 3834/4750/3074 3829/4745/3002 3835/4752/3008 3840/4757/3012
f 3835/4752/3008 3836/4751/3007 3842/4758/3013 3841/4759/3014
f 3836/4751/3007 3837/4753/3065 3843/4760/3015 3842/4758/3013
f 3837/4753/3065 3838/4754/3040 3844/4761/3016 3843/4760/3015
f 3838/4756/3040 3839/4755/3066 3845/4762/3017 3844/4763/3016
f 3839/4755/3066 3840/4757/3012 3846/4764/3018 3845/4762/3017
f 3840/4757/3012 3835/4752/3008 3841/4759/3014 3846/4764/3018
f 3841/4759/3014 3842/4758/3013 3848/4765/3019 3847/4766/3081
f 3842/4758/3013 3843/4760/3015 3849/4767/3021 3848/4765/3019
f 3843/4760/3015 3844/4761/3016 3850/4768/3082 3849/4767/3021
f 3844/4763/3016 3845/4762/3017 3851/4769/3023 3850/4770/3082
f 3845/4762/3017 3846/4764/3018 3852/4771/3068 3851/4769/3023
f 3846/4764/3018 3841/4759/3014 3847/4766/3081 3852/4771/3068
f 3847/4766/3081 3848/4765/3019 3782/4689/2948 3781/4688/2947
f 3848/4765/3019 3849/4767/3021 3783/4692/3069 3782/4689/2948
f 3849/4767/3021 3850/4768/3082 3784/4694/2953 3783/4692/3069
f 3850/4770/3082 3851/4769/3023 3785/4697/2955 3784/4696/2953
f 3851/4769/3023 3852/4771/3068 3786/4700/2957 3785/4697/2955
f 3852/4771/3068 3847/4766/3081 3781/4688/2947 3786/4700/2957
f 3853/4772/2947 3854/4773/3043 3860/4774/3026 3859/4775/2950
f 3854/4773/3043 3855/4776/3069 3861/4777/2952 3860/4774/3026
f 3855/4776/3069 3856/4778/2953 3862/4779/2954 3861/4777/2952
f 3856/4780/2953 3857/4781/2955 3863/4782/2956 3862/4783/2954
f 3857/4781/2955 3858/4784/2957 3864/4785/2958 3863/4782/2956
f 3858/4784/2957 3853/4772/2947 3859/4775/2950 3864/4785/2958
f 3859/4775/2950 3860/4774/3026 3866/4786/2959 3865/4787/2960
f 3860/4774/3026 3861/4777/2952 3867/4788/2961 3866/4786/2959
f 3861/4777/2952 3862/4779/2954 3868/4789/2962 3867/4788/2961
f 3862/4783/2954 3863/4782/2956 3869/4790/3028 3868/4791/2962
f 3863/4782/2956 3864/4785/2958 3870/4792/2964 3869/4790/3028
f 3864/4785/2958 3859/4775/2950 3865/4787/2960 3870/4792/2964
f 3865/4787/2960 3866/4786/2959 3872/4793/2965 3871/4794/3029
f 3866/4786/2959 3867/4788/2961 3873/4795/2967 3872/4793/2965
f 3867/4788/2961 3868/4789/2962 3874/4796/2968 3873/4795/2967
f 3868/4791/2962 3869/4790/3028 3875/4797/2969 3874/4798/2968
f 3869/4790/3028 3870/4792/2964 3876/4799/2970 3875/4797/2969
f 3870/4792/2964 3865/4787/2960 3871/4794/3029 3876/4799/2970
f 3871/4794/3029 3872/4793/2965 3878/4800/2971 3877/4801/3030
f 3872/4793/2965 3873/4795/2967 3879/4802/2973 3878/4800/2971
f 3873/4795/2967 3874/4796/2968 3880/4803/2974 3879/4802/2973
f 3874/4798/2968 3875/4797/2969 3881/4804/2975 3880/4805/2974
f 3875/4797/2969 3876/4799/2970 3882/4806/2976 3881/4804/2975
f 3876/4799/2970 3871/4794/3029 3877/4801/3030 3882/4806/2976
f 3877/4801/3030 3878/4800/2971 3884/4807/3084 3883/4808/3064
f 3878/4800/2971 3879/4802/2973 3885/4809/3031 3884/4807/3084
f 3879/4802/2973 3880/4803/2974 3886/4810/2980 3885/4809/3031
f 3880/4805/2974 3881/4804/2975 3887/4811/2981 3886/4812/2980
f 3881/4804/2975 3882/4806/2976 3888/4813/3085 3887/4811/2981
f 3882/4806/2976 3877/4801/3030 3883/4808/3064 3888/4813/3085
f 3883/4808/3064 3884/4807/3084 3966/4814/3086 3965/4815/2984
f 3884/4807/3084 3885/4809/3031 3889/4816/2985 3966/4814/3086
f 3885/4809/3031 3886/4810/2980 3890/4817/3072 3889/4816/2985
f 3886/4812/2980 3887/4811/2981 3891/4818/3033 3890/4819/3072
f 3887/4811/2981 3888/4813/3085 3892/4820/3087 3891/4818/3033
f 3888/4813/3085 3883/4808/3064 3965/4815/2984 3892/4820/3087
f 3817/4731/2984 3818/4730/2983 3894/4821/2991 3893/4822/2992
f 3818/4730/2983 3819/4732/2985 3895/4823/3035 3894/4821/2991
f 3819/4732/2985 3820/4733/2986 3896/4824/2996 3895/4823/3035
f 3820/4735/2986 3821/4734/3033 3897/4825/3037 3896/4826/2996
f 3821/4734/3033 3822/4736/2988 3898/4827/3000 3897/4825/3037
f 3822/4736/2988 3817/4731/2984 3893/4822/2992 3898/4827/3000
f 3893/4822/2992 3894/4821/2991 3900/4828/3001 3899/4829/3002
f 3894/4821/2991 3895/4823/3035 3901/4830/3003 3900/4828/3001
f 3895/4823/3035 3896/4824/2996 3902/4831/3004 3901/4830/3003
f 3896/4826/2996 3897/4825/3037 3903/4832/3005 3902/4833/3004
f 3897/4825/3037 3898/4827/3000 3904/4834/3074 3903/4832/3005
f 3898/4827/3000 3893/4822/2992 3899/4829/3002 3904/4834/3074
f 3899/4829/3002 3900/4828/3001 3906/4835/3007 3905/4836/3008
f 3900/4828/3001 3901/4830/3003 3907/4837/3065 3906/4835/3007
f 3901/4830/3003 3902/4831/3004 3908/4838/3040 3907/4837/3065
f 3902/4833/3004 3903/4832/3005 3909/4839/3011 3908/4840/3040
f 3903/4832/3005 3904/4834/3074 3910/4841/3012 3909/4839/3011
f 3904/4834/3074 3899/4829/3002 3905/4836/3008 3910/4841/3012
f 3905/4836/3008 3906/4835/3007 3912/4842/3076 3911/4843/3014
f 3906/4835/3007 3907/4837/3065 3913/4844/3015 3912/4842/3076
f 3907/4837/3065 3908/4838/3040 3914/4845/3016 3913/4844/3015
f 3908/4840/3040 3909/4839/3011 3915/4846/3017 3914/4847/3016
f 3909/4839/3011 3910/4841/3012 3916/4848/3018 3915/4846/3017
f 3910/4841/3012 3905/4836/3008 3911/4843/3014 3916/4848/3018
f 3911/4843/3014 3912/4842/3076 3918/4849/3019 3917/4850/3020
f 3912/4842/3076 3913/4844/3015 3919/4851/3021 3918/4849/3019
f 3913/4844/3015 3914/4845/3016 3920/4852/3082 3919/4851/3021
f 3914/4847/3016 3915/4846/3017 3921/4853/3023 3920/4854/3082
f 3915/4846/3017 3916/4848/3018 3922/4855/3024 3921/4853/3023
f 3916/4848/3018 3911/4843/3014 3917/4850/3020 3922/4855/3024
f 3917/4850/3020 3918/4849/3019 3854/4773/3043 3853/4772/2947
f 3918/4849/3019 3919/4851/3021 3855/4776/3069 3854/4773/3043
f 3919/4851/3021 3920/4852/3082 3856/4778/2953 3855/4776/3069
f 3920/4854/3082 3921/4853/3023 3857/4781/2955 3856/4780/2953
f 3921/4853/3023 3922/4855/3024 3858/4784/2957 3857/4781/2955
f 3922/4855/3024 3917/4850/3020 3853/4772/2947 3858/4784/2957
f 3923/4856/2947 3924/4857/3043 3930/4858/3026 3929/4859/2950
f 3924/4857/3043 3925/4860/3062 3931/4861/3063 3930/4858/3026
f 3925/4860/3062 3926/4862/2953 3932/4863/2954 3931/4861/3063
f 3926/4864/2953 3927/4865/2955 3933/4866/2956 3932/4867/2954
f 3927/4865/2955 3928/4868/2957 3934/4869/2958 3933/4866/2956
f 3928/4868/2957 3923/4856/2947 3929/4859/2950 3934/4869/2958
f 3929/4859/2950 3930/4858/3026 3936/4870/2959 3935/4871/2960
f 3930/4858/3026 3931/4861/3063 3937/4872/2961 3936/4870/2959
f 3931/4861/3063 3932/4863/2954 3938/4873/2962 3937/4872/2961
f 3932/4867/2954 3933/4866/2956 3939/4874/3028 3938/4875/2962
f 3933/4866/2956 3934/4869/2958 3940/4876/2964 3939/4874/3028
f 3934/4869/2958 3929/4859/2950 3935/4871/2960 3940/4876/2964
f 3935/4871/2960 3936/4870/2959 3942/4877/2965 3941/4878/3029
f 3936/4870/2959 3937/4872/2961 3943/4879/2967 3942/4877/2965
f 3937/4872/2961 3938/4873/2962 3944/4880/2968 3943/4879/2967
f 3938/4875/2962 3939/4874/3028 3945/4881/2969 3944/4882/2968
f 3939/4874/3028 3940/4876/2964 3946/4883/2970 3945/4881/2969
f 3940/4876/2964 3935/4871/2960 3941/4878/3029 3946/4883/2970
f 3941/4878/3029 3942/4877/2965 3948/4884/2971 3947/4885/2972
f 3942/4877/2965 3943/4879/2967 3949/4886/2973 3948/4884/2971
f 3943/4879/2967 3944/4880/2968 3950/4887/2974 3949/4886/2973
f 3944/4882/2968 3945/4881/2969 3951/4888/2975 3950/4889/2974
f 3945/4881/2969 3946/4883/2970 3952/4890/2976 3951/4888/2975
f 3946/4883/2970 3941/4878/3029 3947/4885/2972 3952/4890/2976
f 3947/4885/2972 3948/4884/2971 3954/4891/2977 3953/4892/3064
f 3948/4884/2971 3949/4886/2973 3955/4893/3031 3954/4891/2977
f 3949/4886/2973 3950/4887/2974 3956/4894/2980 3955/4893/3031
f 3950/4889/2974 3951/4888/2975 3957/4895/2981 3956/4896/2980
f 3951/4888/2975 3952/4890/2976 3958/4897/2982 3957/4895/2981
f 3952/4890/2976 3947/4885/2972 3953/4892/3064 3958/4897/2982
f 3953/4892/3064 3954/4891/2977 3960/4898/2983 3959/4899/3088
f 3954/4891/2977 3955/4893/3031 3961/4900/2985 3960/4898/2983
f 3955/4893/3031 3956/4894/2980 3962/4901/2986 3961/4900/2985
f 3956/4896/2980 3957/4895/2981 3963/4902/3033 3962/4903/2986
f 3957/4895/2981 3958/4897/2982 3964/4904/2988 3963/4902/3033
f 3958/4897/2982 3953/4892/3064 3959/4899/3088 3964/4904/2988
f 3965/4815/2984 3966/4814/3086 3968/4905/2991 3967/4906/3089
f 3966/4814/3086 3889/4816/2985 3969/4907/3035 3968/4905/2991
f 3889/4816/2985 3890/4817/3072 3970/4908/2996 3969/4907/3035
f 3890/4819/3072 3891/4818/3033 3971/4909/2998 3970/4910/2996
f 3891/4818/3033 3892/4820/3087 3972/4911/3000 3971/4909/2998
f 3892/4820/3087 3965/4815/2984 3967/4906/3089 3972/4911/3000
f 3967/4906/3089 3968/4905/2991 3974/4912/3001 3973/4913/3002
f 3968/4905/2991 3969/4907/3035 3975/4914/3003 3974/4912/3001
f 3969/4907/3035 3970/4908/2996 3976/4915/3090 3975/4914/3003
f 3970/4910/2996 3971/4909/2998 3977/4916/3005 3976/4917/3090
f 3971/4909/2998 3972/4911/3000 3978/4918/3006 3977/4916/3005
f 3972/4911/3000 3967/4906/3089 3973/4913/3002 3978/4918/3006
f 3973/4913/3002 3974/4912/3001 3980/4919/3007 3979/4920/3008
f 3974/4912/3001 3975/4914/3003 3981/4921/3009 3980/4919/3007
f 3975/4914/3003 3976/4915/3090 3982/4922/3040 3981/4921/3009
f 3976/4917/3090 3977/4916/3005 3983/4923/3066 3982/4924/3040
f 3977/4916/3005 3978/4918/3006 3984/4925/3012 3983/4923/3066
f 3978/4918/3006 3973/4913/3002 3979/4920/3008 3984/4925/3012
f 3979/4920/3008 3980/4919/3007 3986/4926/3013 3985/4927/3014
f 3980/4919/3007 3981/4921/3009 3987/4928/3015 3986/4926/3013
f 3981/4921/3009 3982/4922/3040 3988/4929/3067 3987/4928/3015
f 3982/4924/3040 3983/4923/3066 3989/4930/3017 3988/4931/3067
f 3983/4923/3066 3984/4925/3012 3990/4932/3018 3989/4930/3017
f 3984/4925/3012 3979/4920/3008 3985/4927/3014 3990/4932/3018
f 3985/4927/3014 3986/4926/3013 3992/4933/3019 3991/4934/3020
f 3986/4926/3013 3987/4928/3015 3993/4935/3021 3992/4933/3019
f 3987/4928/3015 3988/4929/3067 3994/4936/3022 3993/4935/3021
f 3988/4931/3067 3989/4930/3017 3995/4937/3023 3994/4938/3022
f 3989/4930/3017 3990/4932/3018 3996/4939/3042 3995/4937/3023
f 3990/4932/3018 3985/4927/3014 3991/4934/3020 3996/4939/3042
f 3991/4934/3020 3992/4933/3019 3924/4857/3043 3923/4856/2947
f 3992/4933/3019 3993/4935/3021 3925/4860/3062 3924/4857/3043
f 3993/4935/3021 3994/4936/3022 3926/4862/2953 3925/4860/3062
f 3994/4938/3022 3995/4937/3023 3927/4865/2955 3926/4864/2953
f 3995/4937/3023 3996/4939/3042 3928/4868/2957 3927/4865/2955
f 3996/4939/3042 3991/4934/3020 3923/4856/2947 3928/4868/2957
f 3997/4940/2947 3998/4941/2948 4004/4942/3026 4003/4943/2950
f 3998/4941/2948 3999/4944/2951 4005/4945/3063 4004/4942/3026
f 3999/4944/2951 4000/4946/2953 4006/4947/2954 4005/4945/3063
f 4000/4948/2953 4001/4949/2955 4007/4950/2956 4006/4951/2954
f 4001/4949/2955 4002/4952/3079 4008/4953/3070 4007/4950/2956
f 4002/4952/3079 3997/4940/2947 4003/4943/2950 4008/4953/3070
f 4003/4943/2950 4004/4942/3026 4010/4954/3071 4009/4955/2960
f 4004/4942/3026 4005/4945/3063 4011/4956/2961 4010/4954/3071
f 4005/4945/3063 4006/4947/2954 4012/4957/2962 4011/4956/2961
f 4006/4951/2954 4007/4950/2956 4013/4958/2963 4012/4959/2962
f 4007/4950/2956 4008/4953/3070 4014/4960/2964 4013/4958/2963
f 4008/4953/3070 4003/4943/2950 4009/4955/2960 4014/4960/2964
f 4009/4955/2960 4010/4954/3071 4016/4961/2965 4015/4962/3029
f 4010/4954/3071 4011/4956/2961 4017/4963/2967 4016/4961/2965
f 4011/4956/2961 4012/4957/2962 4018/4964/2968 4017/4963/2967
f 4012/4959/2962 4013/4958/2963 4019/4965/2969 4018/4966/2968
f 4013/4958/2963 4014/4960/2964 4020/4967/2970 4019/4965/2969
f 4014/4960/2964 4009/4955/2960 4015/4962/3029 4020/4967/2970
f 4015/4962/3029 4016/4961/2965 4022/4968/2971 4021/4969/2972
f 4016/4961/2965 4017/4963/2967 4023/4970/2973 4022/4968/2971
f 4017/4963/2967 4018/4964/2968 4024/4971/2974 4023/4970/2973
f 4018/4966/2968 4019/4965/2969 4025/4972/2975 4024/4973/2974
f 4019/4965/2969 4020/4967/2970 4026/4974/2976 4025/4972/2975
f 4020/4967/2970 4015/4962/3029 4021/4969/2972 4026/4974/2976
f 4021/4969/2972 4022/4968/2971 4028/4975/2977 4027/4976/3064
f 4022/4968/2971 4023/4970/2973 4029/4977/3031 4028/4975/2977
f 4023/4970/2973 4024/4971/2974 4030/4978/2980 4029/4977/3031
f 4024/4973/2974 4025/4972/2975 4031/4979/2981 4030/4980/2980
f 4025/4972/2975 4026/4974/2976 4032/4981/2982 4031/4979/2981
f 4026/4974/2976 4021/4969/2972 4027/4976/3064 4032/4981/2982
f 4027/4976/3064 4028/4975/2977 4034/4982/2983 4033/4983/3034
f 4028/4975/2977 4029/4977/3031 4035/4984/2985 4034/4982/2983
f 4029/4977/3031 4030/4978/2980 4036/4985/2986 4035/4984/2985
f 4030/4980/2980 4031/4979/2981 4037/4986/3033 4036/4987/2986
f 4031/4979/2981 4032/4981/2982 4038/4988/2988 4037/4986/3033
f 4032/4981/2982 4027/4976/3064 4033/4983/3034 4038/4988/2988
f 3959/4899/3088 3960/4898/2983 4040/4989/2991 4039/4990/2992
f 3960/4898/2983 3961/4900/2985 4041/4991/3035 4040/4989/2991
f 3961/4900/2985 3962/4901/2986 4042/4992/2996 4041/4991/3035
f 3962/4903/2986 3963/4902/3033 4043/4993/2998 4042/4994/2996
f 3963/4902/3033 3964/4904/2988 4044/4995/3073 4043/4993/2998
f 3964/4904/2988 3959/4899/3088 4039/4990/2992 4044/4995/3073
f 4039/4990/2992 4040/4989/2991 4046/4996/3001 4045/4997/3039
f 4040/4989/2991 4041/4991/3035 4047/4998/3003 4046/4996/3001
f 4041/4991/3035 4042/4992/2996 4048/4999/3004 4047/4998/3003
f 4042/4994/2996 4043/4993/2998 4049/5000/3005 4048/5001/3004
f 4043/4993/2998 4044/4995/3073 4050/5002/3006 4049/5000/3005
f 4044/4995/3073 4039/4990/2992 4045/4997/3039 4050/5002/3006
f 4045/4997/3039 4046/4996/3001 4052/5003/3007 4051/5004/3091
f 4046/4996/3001 4047/4998/3003 4053/5005/3092 4052/5003/3007
f 4047/4998/3003 4048/4999/3004 4054/5006/3040 4053/5005/3092
f 4048/5001/3004 4049/5000/3005 4055/5007/3011 4054/5008/3040
f 4049/5000/3005 4050/5002/3006 4056/5009/3012 4055/5007/3011
f 4050/5002/3006 4045/4997/3039 4051/5004/3091 4056/5009/3012
f 4051/5004/3091 4052/5003/3007 4058/5010/3076 4057/5011/3014
f 4052/5003/3007 4053/5005/3092 4059/5012/3015 4058/5010/3076
f 4053/5005/3092 4054/5006/3040 4060/5013/3077 4059/5012/3015
f 4054/5008/3040 4055/5007/3011 4061/5014/3017 4060/5015/3077
f 4055/5007/3011 4056/5009/3012 4062/5016/3018 4061/5014/3017
f 4056/5009/3012 4051/5004/3091 4057/5011/3014 4062/5016/3018
f 4057/5011/3014 4058/5010/3076 4064/5017/3019 4063/5018/3020
f 4058/5010/3076 4059/5012/3015 4065/5019/3021 4064/5017/3019
f 4059/5012/3015 4060/5013/3077 4066/5020/3082 4065/5019/3021
f 4060/5015/3077 4061/5014/3017 4067/5021/3023 4066/5022/3082
f 4061/5014/3017 4062/5016/3018 4068/5023/3024 4067/5021/3023
f 4062/5016/3018 4057/5011/3014 4063/5018/3020 4068/5023/3024
f 4063/5018/3020 4064/5017/3019 3998/4941/2948 3997/4940/2947
f 4064/5017/3019 4065/5019/3021 3999/4944/2951 3998/4941/2948
f 4065/5019/3021 4066/5020/3082 4000/4946/2953 3999/4944/2951
f 4066/5022/3082 4067/5021/3023 4001/4949/2955 4000/4948/2953
f 4067/5021/3023 4068/5023/3024 4002/4952/3079 4001/4949/2955
f 4068/5023/3024 4063/5018/3020 3997/4940/2947 4002/4952/3079
f 4069/5024/2947 4070/5025/3025 4076/5026/3026 4075/5027/2950
f 4070/5025/3025 4071/5028/2951 4077/5029/3063 4076/5026/3026
f 4071/5028/2951 4072/5030/2953 4078/5031/2954 4077/5029/3063
f 4072/5032/2953 4073/5033/2955 4079/5034/2956 4078/5035/2954
f 4073/5033/2955 4074/5036/3079 4080/5037/3070 4079/5034/2956
f 4074/5036/3079 4069/5024/2947 4075/5027/2950 4080/5037/3070
f 4075/5027/2950 4076/5026/3026 4082/5038/3071 4081/5039/2960
f 4076/5026/3026 4077/5029/3063 4083/5040/2961 4082/5038/3071
f 4077/5029/3063 4078/5031/2954 4084/5041/2962 4083/5040/2961
f 4078/5035/2954 4079/5034/2956 4085/5042/2963 4084/5043/2962
f 4079/5034/2956 4080/5037/3070 4086/5044/2964 4085/5042/2963
f 4080/5037/3070 4075/5027/2950 4081/5039/2960 4086/5044/2964
f 4081/5039/2960 4082/5038/3071 4088/5045/2965 4087/5046/3029
f 4082/5038/3071 4083/5040/2961 4089/5047/2967 4088/5045/2965
f 4083/5040/2961 4084/5041/2962 4090/5048/2968 4089/5047/2967
f 4084/5043/2962 4085/5042/2963 4091/5049/3048 4090/5050/2968
f 4085/5042/2963 4086/5044/2964 4092/5051/2970 4091/5049/3048
f 4086/5044/2964 4081/5039/2960 4087/5046/3029 4092/5051/2970
f 4087/5052/3029 4088/5053/2965 4094/5054/2971 4093/5055/2972
f 4088/5053/2965 4089/5056/2967 4095/5057/2973 4094/5054/2971
f 4089/5056/2967 4090/5058/2968 4096/5059/2974 4095/5057/2973
f 4090/5060/2968 4091/5061/3048 4097/5062/2975 4096/5063/2974
f 4091/5061/3048 4092/5064/2970 4098/5065/2976 4097/5062/2975
f 4092/5064/2970 4087/5052/3029 4093/5055/2972 4098/5065/2976
f 4093/5055/2972 4094/5054/2971 4100/5066/2977 4099/5067/3064
f 4094/5054/2971 4095/5057/2973 4101/5068/3031 4100/5066/2977
f 4095/5057/2973 4096/5059/2974 4102/5069/2980 4101/5068/3031
f 4096/5063/2974 4097/5062/2975 4103/5070/2981 4102/5071/2980
f 4097/5062/2975 4098/5065/2976 4104/5072/2982 4103/5070/2981
f 4098/5065/2976 4093/5055/2972 4099/5067/3064 4104/5072/2982
f 4099/5067/3064 4100/5066/2977 4106/5073/2983 4105/5074/2984
f 4100/5066/2977 4101/5068/3031 4107/5075/2985 4106/5073/2983
f 4101/5068/3031 4102/5069/2980 4108/5076/3072 4107/5075/2985
f 4102/5071/2980 4103/5070/2981 4109/5077/3033 4108/5078/3072
f 4103/5070/2981 4104/5072/2982 4110/5079/2988 4109/5077/3033
f 4104/5072/2982 4099/5067/3064 4105/5074/2984 4110/5079/2988
f 4033/4983/3034 4034/4982/2983 4112/5080/2991 4111/5081/2992
f 4034/4982/2983 4035/4984/2985 4113/5082/3035 4112/5080/2991
f 4035/4984/2985 4036/4985/2986 4114/5083/2996 4113/5082/3035
f 4036/4987/2986 4037/4986/3033 4115/5084/2998 4114/5085/2996
f 4037/4986/3033 4038/4988/2988 4116/5086/3073 4115/5084/2998
f 4038/4988/2988 4033/4983/3034 4111/5081/2992 4116/5086/3073
f 4111/5081/2992 4112/5080/2991 4118/5087/3001 4117/5088/3002
f 4112/5080/2991 4113/5082/3035 4119/5089/3003 4118/5087/3001
f 4113/5082/3035 4114/5083/2996 4120/5090/3004 4119/5089/3003
f 4114/5085/2996 4115/5084/2998 4121/5091/3005 4120/5092/3004
f 4115/5084/2998 4116/5086/3073 4122/5093/3006 4121/5091/3005
f 4116/5086/3073 4111/5081/2992 4117/5088/3002 4122/5093/3006
f 4117/5088/3002 4118/5087/3001 4124/5094/3007 4123/5095/3008
f 4118/5087/3001 4119/5089/3003 4125/5096/3065 4124/5094/3007
f 4119/5089/3003 4120/5090/3004 4126/5097/3040 4125/5096/3065
f 4120/5092/3004 4121/5091/3005 4127/5098/3011 4126/5099/3040
f 4121/5091/3005 4122/5093/3006 4128/5100/3012 4127/5098/3011
f 4122/5093/3006 4117/5088/3002 4123/5095/3008 4128/5100/3012
f 4123/5095/3008 4124/5094/3007 4130/5101/3013 4129/5102/3014
f 4124/5094/3007 4125/5096/3065 4131/5103/3015 4130/5101/3013
f 4125/5096/3065 4126/5097/3040 4132/5104/3016 4131/5103/3015
f 4126/5099/3040 4127/5098/3011 4133/5105/3017 4132/5106/3016
f 4127/5098/3011 4128/5100/3012 4134/5107/3018 4133/5105/3017
f 4128/5100/3012 4123/5095/3008 4129/5102/3014 4134/5107/3018
f 4129/5102/3014 4130/5101/3013 4136/5108/3019 4135/5109/3081
f 4130/5101/3013 4131/5103/3015 4137/5110/3021 4136/5108/3019
f 4131/5103/3015 4132/5104/3016 4138/5111/3041 4137/5110/3021
f 4132/5106/3016 4133/5105/3017 4139/5112/3023 4138/5113/3041
f 4133/5105/3017 4134/5107/3018 4140/5114/3024 4139/5112/3023
f 4134/5107/3018 4129/5102/3014 4135/5109/3081 4140/5114/3024
f 4135/5109/3081 4136/5108/3019 4070/5025/3025 4069/5024/2947
f 4136/5108/3019 4137/5110/3021 4071/5028/2951 4070/5025/3025
f 4137/5110/3021 4138/5111/3041 4072/5030/2953 4071/5028/2951
f 4138/5113/3041 4139/5112/3023 4073/5033/2955 4072/5032/2953
f 4139/5112/3023 4140/5114/3024 4074/5036/3079 4073/5033/2955
f 4140/5114/3024 4135/5109/3081 4069/5024/2947 4074/5036/3079
f 4141/5115/2947 4142/5116/2948 4148/5117/3026 4147/5118/2950
f 4142/5116/2948 4143/5119/3069 4149/5120/3027 4148/5117/3026
f 4143/5119/3069 4144/5121/2953 4150/5122/3078 4149/5120/3027
f 4144/5123/2953 4145/5124/2955 4151/5125/2956 4150/5126/3078
f 4145/5124/2955 4146/5127/2957 4152/5128/2958 4151/5125/2956
f 4146/5127/2957 4141/5115/2947 4147/5118/2950 4152/5128/2958
f 4147/5118/2950 4148/5117/3026 4154/5129/2959 4153/5130/2960
f 4148/5117/3026 4149/5120/3027 4155/5131/2961 4154/5129/2959
f 4149/5120/3027 4150/5122/3078 4156/5132/2962 4155/5131/2961
f 4150/5126/3078 4151/5125/2956 4157/5133/3028 4156/5134/2962
f 4151/5125/2956 4152/5128/2958 4158/5135/2964 4157/5133/3028
f 4152/5128/2958 4147/5118/2950 4153/5130/2960 4158/5135/2964
f 4153/5130/2960 4154/5129/2959 4160/5136/2965 4159/5137/3029
f 4154/5129/2959 4155/5131/2961 4161/5138/2967 4160/5136/2965
f 4155/5131/2961 4156/5132/2962 4162/5139/2968 4161/5138/2967
f 4156/5134/2962 4157/5133/3028 4163/5140/2969 4162/5141/2968
f 4157/5133/3028 4158/5135/2964 4164/5142/2970 4163/5140/2969
f 4158/5135/2964 4153/5130/2960 4159/5137/3029 4164/5142/2970
f 4159/5137/3029 4160/5136/2965 4166/5143/2971 4165/5144/2972
f 4160/5136/2965 4161/5138/2967 4167/5145/2973 4166/5143/2971
f 4161/5138/2967 4162/5139/2968 4168/5146/2974 4167/5145/2973
f 4162/5141/2968 4163/5140/2969 4169/5147/2975 4168/5148/2974
f 4163/5140/2969 4164/5142/2970 4170/5149/2976 4169/5147/2975
f 4164/5142/2970 4159/5137/3029 4165/5144/2972 4170/5149/2976
f 4165/5144/2972 4166/5143/2971 4172/5150/3084 4171/5151/3064
f 4166/5143/2971 4167/5145/2973 4173/5152/2979 4172/5150/3084
f 4167/5145/2973 4168/5146/2974 4174/5153/3032 4173/5152/2979
f 4168/5148/2974 4169/5147/2975 4175/5154/2981 4174/5155/3032
f 4169/5147/2975 4170/5149/2976 4176/5156/3085 4175/5154/2981
f 4170/5149/2976 4165/5144/2972 4171/5151/3064 4176/5156/3085
f 4171/5151/3064 4172/5150/3084 4177/4038/2990 3240/4037/2989
f 4172/5150/3084 4173/5152/2979 4178/4041/2993 4177/4038/2990
f 4173/5152/2979 4174/5153/3032 4179/4043/2995 4178/4041/2993
f 4174/5155/3032 4175/5154/2981 4180/4046/2997 4179/4045/2995
f 4175/5154/2981 4176/5156/3085 4181/4049/2999 4180/4046/2997
f 4176/5156/3085 4171/5151/3064 3240/4037/2989 4181/4049/2999
f 4105/5074/2984 4106/5073/2983 4183/5157/2991 4182/5158/2992
f 4106/5073/2983 4107/5075/2985 4184/5159/3035 4183/5157/2991
f 4107/5075/2985 4108/5076/3072 4185/5160/2996 4184/5159/3035
f 4108/5078/3072 4109/5077/3033 4186/5161/2998 4185/5162/2996
f 4109/5077/3033 4110/5079/2988 4187/5163/3073 4186/5161/2998
f 4110/5079/2988 4105/5074/2984 4182/5158/2992 4187/5163/3073
f 4182/5158/2992 4183/5157/2991 4189/5164/3001 4188/5165/3002
f 4183/5157/2991 4184/5159/3035 4190/5166/3003 4189/5164/3001
f 4184/5159/3035 4185/5160/2996 4191/5167/3004 4190/5166/3003
f 4185/5162/2996 4186/5161/2998 4192/5168/3005 4191/5169/3004
f 4186/5161/2998 4187/5163/3073 4193/5170/3074 4192/5168/3005
f 4187/5163/3073 4182/5158/2992 4188/5165/3002 4193/5170/3074
f 4188/5165/3002 4189/5164/3001 4195/5171/3007 4194/5172/3008
f 4189/5164/3001 4190/5166/3003 4196/5173/3065 4195/5171/3007
f 4190/5166/3003 4191/5167/3004 4197/5174/3040 4196/5173/3065
f 4191/5169/3004 4192/5168/3005 4198/5175/3011 4197/5176/3040
f 4192/5168/3005 4193/5170/3074 4199/5177/3012 4198/5175/3011
f 4193/5170/3074 4188/5165/3002 4194/5172/3008 4199/5177/3012
f 4194/5172/3008 4195/5171/3007 4201/5178/3013 4200/5179/3093
f 4195/5171/3007 4196/5173/3065 4202/5180/3015 4201/5178/3013
f 4196/5173/3065 4197/5174/3040 4203/5181/3016 4202/5180/3015
f 4197/5176/3040 4198/5175/3011 4204/5182/3017 4203/5183/3016
f 4198/5175/3011 4199/5177/3012 4205/5184/3018 4204/5182/3017
f 4199/5177/3012 4194/5172/3008 4200/5179/3093 4205/5184/3018
f 4200/5179/3093 4201/5178/3013 4207/5185/3019 4206/5186/3020
f 4201/5178/3013 4202/5180/3015 4208/5187/3021 4207/5185/3019
f 4202/5180/3015 4203/5181/3016 4209/5188/3041 4208/5187/3021
f 4203/5183/3016 4204/5182/3017 4210/5189/3023 4209/5190/3041
f 4204/5182/3017 4205/5184/3018 4211/5191/3024 4210/5189/3023
f 4205/5184/3018 4200/5179/3093 4206/5186/3020 4211/5191/3024
f 4206/5186/3020 4207/5185/3019 4142/5116/2948 4141/5115/2947
f 4207/5185/3019 4208/5187/3021 4143/5119/3069 4142/5116/2948
f 4208/5187/3021 4209/5188/3041 4144/5121/2953 4143/5119/3069
f 4209/5190/3041 4210/5189/3023 4145/5124/2955 4144/5123/2953
f 4210/5189/3023 4211/5191/3024 4146/5127/2957 4145/5124/2955
f 4211/5191/3024 4206/5186/3020 4141/5115/2947 4146/5127/2957
f 4212/5192/2947 4213/5193/3043 4219/5194/3026 4218/5195/2950
f 4213/5193/3043 4214/5196/3069 4220/5197/3027 4219/5194/3026
f 4214/5196/3069 4215/5198/2953 4221/5199/2954 4220/5197/3027
f 4215/5200/2953 4216/5201/2955 4222/5202/2956 4221/5203/2954
f 4216/5201/2955 4217/5204/2957 4223/5205/2958 4222/5202/2956
f 4217/5204/2957 4212/5192/2947 4218/5195/2950 4223/5205/2958
f 4218/5195/2950 4219/5194/3026 4225/5206/2959 4224/5207/2960
f 4219/5194/3026 4220/5197/3027 4226/5208/2961 4225/5206/2959
f 4220/5197/3027 4221/5199/2954 4227/5209/2962 4226/5208/2961
f 4221/5203/2954 4222/5202/2956 4228/5210/2963 4227/5211/2962
f 4222/5202/2956 4223/5205/2958 4229/5212/2964 4228/5210/2963
f 4223/5205/2958 4218/5195/2950 4224/5207/2960 4229/5212/2964
f 4224/5207/2960 4225/5206/2959 4231/5213/2965 4230/5214/3029
f 4225/5206/2959 4226/5208/2961 4232/5215/2967 4231/5213/2965
f 4226/5208/2961 4227/5209/2962 4233/5216/2968 4232/5215/2967
f 4227/5211/2962 4228/5210/2963 4234/5217/2969 4233/5218/2968
f 4228/5210/2963 4229/5212/2964 4235/5219/2970 4234/5217/2969
f 4229/5212/2964 4224/5207/2960 4230/5214/3029 4235/5219/2970
f 4230/5214/3029 4231/5213/2965 4237/5220/2971 4236/5221/2972
f 4231/5213/2965 4232/5215/2967 4238/5222/2973 4237/5220/2971
f 4232/5215/2967 4233/5216/2968 4239/5223/2974 4238/5222/2973
f 4233/5218/2968 4234/5217/2969 4240/5224/2975 4239/5225/2974
f 4234/5217/2969 4235/5219/2970 4241/5226/2976 4240/5224/2975
f 4235/5219/2970 4230/5214/3029 4236/5221/2972 4241/5226/2976
f 4236/5221/2972 4237/5220/2971 4243/5227/2977 4242/5228/3064
f 4237/5220/2971 4238/5222/2973 4244/5229/3031 4243/5227/2977
f 4238/5222/2973 4239/5223/2974 4245/5230/2980 4244/5229/3031
f 4239/5225/2974 4240/5224/2975 4246/5231/2981 4245/5232/2980
f 4240/5224/2975 4241/5226/2976 4247/5233/2982 4246/5231/2981
f 4241/5226/2976 4236/5221/2972 4242/5228/3064 4247/5233/2982
f 4242/5228/3064 4243/5227/2977 4249/5234/2983 4248/5235/2984
f 4243/5227/2977 4244/5229/3031 4250/5236/2985 4249/5234/2983
f 4244/5229/3031 4245/5230/2980 4251/5237/2986 4250/5236/2985
f 4245/5232/2980 4246/5231/2981 4252/5238/3033 4251/5239/2986
f 4246/5231/2981 4247/5233/2982 4253/5240/2988 4252/5238/3033
f 4247/5233/2982 4242/5228/3064 4248/5235/2984 4253/5240/2988
f 3235/4031/2984 3236/4030/2983 4256/5241/2991 4255/5242/2992
f 3236/4030/2983 3237/4032/2985 4257/5243/2994 4256/5241/2991
f 3237/4032/2985 3238/4033/2986 4258/5244/2996 4257/5243/2994
f 3238/4035/2986 3239/4034/2987 4259/5245/3094 4258/5246/2996
f 3239/4034/2987 4254/4036/2988 4260/5247/3000 4259/5245/3094
f 4254/4036/2988 3235/4031/2984 4255/5242/2992 4260/5247/3000
f 4255/5242/2992 4256/5241/2991 4262/5248/3001 4261/5249/3002
f 4256/5241/2991 4257/5243/2994 4263/5250/3003 4262/5248/3001
f 4257/5243/2994 4258/5244/2996 4264/5251/3004 4263/5250/3003
f 4258/5246/2996 4259/5245/3094 4265/5252/3005 4264/5253/3004
f 4259/5245/3094 4260/5247/3000 4266/5254/3006 4265/5252/3005
f 4260/5247/3000 4255/5242/2992 4261/5249/3002 4266/5254/3006
f 4261/5249/3002 4262/5248/3001 4268/5255/3007 4267/5256/3008
f 4262/5248/3001 4263/5250/3003 4269/5257/3009 4268/5255/3007
f 4263/5250/3003 4264/5251/3004 4270/5258/3040 4269/5257/3009
f 4264/5253/3004 4265/5252/3005 4271/5259/3011 4270/5260/3040
f 4265/5252/3005 4266/5254/3006 4272/5261/3012 4271/5259/3011
f 4266/5254/3006 4261/5249/3002 4267/5256/3008 4272/5261/3012
f 4267/5256/3008 4268/5255/3007 4274/5262/3076 4273/5263/3014
f 4268/5255/3007 4269/5257/3009 4275/5264/3015 4274/5262/3076
f 4269/5257/3009 4270/5258/3040 4276/5265/3016 4275/5264/3015
f 4270/5260/3040 4271/5259/3011 4277/5266/3017 4276/5267/3016
f 4271/5259/3011 4272/5261/3012 4278/5268/3018 4277/5266/3017
f 4272/5261/3012 4267/5256/3008 4273/5263/3014 4278/5268/3018
f 4273/5263/3014 4274/5262/3076 4280/5269/3019 4279/5270/3020
f 4274/5262/3076 4275/5264/3015 4281/5271/3021 4280/5269/3019
f 4275/5264/3015 4276/5265/3016 4282/5272/3082 4281/5271/3021
f 4276/5267/3016 4277/5266/3017 4283/5273/3023 4282/5274/3082
f 4277/5266/3017 4278/5268/3018 4284/5275/3068 4283/5273/3023
f 4278/5268/3018 4273/5263/3014 4279/5270/3020 4284/5275/3068
f 4279/5270/3020 4280/5269/3019 4213/5193/3043 4212/5192/2947
f 4280/5269/3019 4281/5271/3021 4214/5196/3069 4213/5193/3043
f 4281/5271/3021 4282/5272/3082 4215/5198/2953 4214/5196/3069
f 4282/5274/3082 4283/5273/3023 4216/5201/2955 4215/5200/2953
f 4283/5273/3023 4284/5275/3068 4217/5204/2957 4216/5201/2955
f 4284/5275/3068 4279/5270/3020 4212/5192/2947 4217/5204/2957
f 4285/5276/2947 4286/5277/3043 4292/5278/3026 4291/5279/2950
f 4286/5277/3043 4287/5280/2951 4293/5281/3027 4292/5278/3026
f 4287/5280/2951 4288/5282/2953 4294/5283/3078 4293/5281/3027
f 4288/5284/2953 4289/5285/2955 4295/5286/2956 4294/5287/3078
f 4289/5285/2955 4290/5288/2957 4296/5289/2958 4295/5286/2956
f 4290/5288/2957 4285/5276/2947 4291/5279/2950 4296/5289/2958
f 4291/5279/2950 4292/5278/3026 4298/5290/2959 4297/5291/2960
f 4292/5278/3026 4293/5281/3027 4299/5292/2961 4298/5290/2959
f 4293/5281/3027 4294/5283/3078 4300/5293/2962 4299/5292/2961
f 4294/5287/3078 4295/5286/2956 4301/5294/2963 4300/5295/2962
f 4295/5286/2956 4296/5289/2958 4302/5296/2964 4301/5294/2963
f 4296/5289/2958 4291/5279/2950 4297/5291/2960 4302/5296/2964
f 4297/5291/2960 4298/5290/2959 4304/5297/2965 4303/5298/3029
f 4298/5290/2959 4299/5292/2961 4305/5299/2967 4304/5297/2965
f 4299/5292/2961 4300/5293/2962 4306/5300/2968 4305/5299/2967
f 4300/5295/2962 4301/5294/2963 4307/5301/2969 4306/5302/2968
f 4301/5294/2963 4302/5296/2964 4308/5303/2970 4307/5301/2969
f 4302/5296/2964 4297/5291/2960 4303/5298/3029 4308/5303/2970
f 4303/5298/3029 4304/5297/2965 4310/5304/2971 4309/5305/3030
f 4304/5297/2965 4305/5299/2967 4311/5306/2973 4310/5304/2971
f 4305/5299/2967 4306/5300/2968 4312/5307/2974 4311/5306/2973
f 4306/5302/2968 4307/5301/2969 4313/5308/2975 4312/5309/2974
f 4307/5301/2969 4308/5303/2970 4314/5310/2976 4313/5308/2975
f 4308/5303/2970 4303/5298/3029 4309/5305/3030 4314/5310/2976
f 4309/5305/3030 4310/5304/2971 4316/5311/2977 4315/5312/3064
f 4310/5304/2971 4311/5306/2973 4317/5313/3031 4316/5311/2977
f 4311/5306/2973 4312/5307/2974 4318/5314/2980 4317/5313/3031
f 4312/5309/2974 4313/5308/2975 4319/5315/2981 4318/5316/2980
f 4313/5308/2975 4314/5310/2976 4320/5317/3052 4319/5315/2981
f 4314/5310/2976 4309/5305/3030 4315/5312/3064 4320/5317/3052
f 4315/5312/3064 4316/5311/2977 4322/5318/2983 4321/5319/3095
f 4316/5311/2977 4317/5313/3031 4323/5320/2985 4322/5318/2983
f 4317/5313/3031 4318/5314/2980 4324/5321/2986 4323/5320/2985
f 4318/5316/2980 4319/5315/2981 4325/5322/3033 4324/5323/2986
f 4319/5315/2981 4320/5317/3052 4326/5324/2988 4325/5322/3033
f 4320/5317/3052 4315/5312/3064 4321/5319/3095 4326/5324/2988
f 4248/5235/2984 4249/5234/2983 4328/5325/2991 4327/5326/2992
f 4249/5234/2983 4250/5236/2985 4329/5327/3035 4328/5325/2991
f 4250/5236/2985 4251/5237/2986 4330/5328/2996 4329/5327/3035
f 4251/5239/2986 4252/5238/3033 4331/5329/3037 4330/5330/2996
f 4252/5238/3033 4253/5240/2988 4332/5331/3000 4331/5329/3037
f 4253/5240/2988 4248/5235/2984 4327/5326/2992 4332/5331/3000
f 4327/5326/2992 4328/5325/2991 4334/5332/3001 4333/5333/3002
f 4328/5325/2991 4329/5327/3035 4335/5334/3003 4334/5332/3001
f 4329/5327/3035 4330/5328/2996 4336/5335/3004 4335/5334/3003
f 4330/5330/2996 4331/5329/3037 4337/5336/3005 4336/5337/3004
f 4331/5329/3037 4332/5331/3000 4338/5338/3006 4337/5336/3005
f 4332/5331/3000 4327/5326/2992 4333/5333/3002 4338/5338/3006
f 4333/5333/3002 4334/5332/3001 4340/5339/3007 4339/5340/3008
f 4334/5332/3001 4335/5334/3003 4341/5341/3065 4340/5339/3007
f 4335/5334/3003 4336/5335/3004 4342/5342/3040 4341/5341/3065
f 4336/5337/3004 4337/5336/3005 4343/5343/3011 4342/5344/3040
f 4337/5336/3005 4338/5338/3006 4344/5345/3012 4343/5343/3011
f 4338/5338/3006 4333/5333/3002 4339/5340/3008 4344/5345/3012
f 4339/5340/3008 4340/5339/3007 4346/5346/3013 4345/5347/3014
f 4340/5339/3007 4341/5341/3065 4347/5348/3015 4346/5346/3013
f 4341/5341/3065 4342/5342/3040 4348/5349/3016 4347/5348/3015
f 4342/5344/3040 4343/5343/3011 4349/5350/3017 4348/5351/3016
f 4343/5343/3011 4344/5345/3012 4350/5352/3018 4349/5350/3017
f 4344/5345/3012 4339/5340/3008 4345/5347/3014 4350/5352/3018
f 4345/5347/3014 4346/5346/3013 4352/5353/3019 4351/5354/3081
f 4346/5346/3013 4347/5348/3015 4353/5355/3021 4352/5353/3019
f 4347/5348/3015 4348/5349/3016 4354/5356/3082 4353/5355/3021
f 4348/5351/3016 4349/5350/3017 4355/5357/3023 4354/5358/3082
f 4349/5350/3017 4350/5352/3018 4356/5359/3068 4355/5357/3023
f 4350/5352/3018 4345/5347/3014 4351/5354/3081 4356/5359/3068
f 4351/5354/3081 4352/5353/3019 4286/5277/3043 4285/5276/2947
f 4352/5353/3019 4353/5355/3021 4287/5280/2951 4286/5277/3043
f 4353/5355/3021 4354/5356/3082 4288/5282/2953 4287/5280/2951
f 4354/5358/3082 4355/5357/3023 4289/5285/2955 4288/5284/2953
f 4355/5357/3023 4356/5359/3068 4290/5288/2957 4289/5285/2955
f 4356/5359/3068 4351/5354/3081 4285/5276/2947 4290/5288/2957
f 4357/5360/2947 4358/5361/3025 4364/5362/3026 4363/5363/2950
f 4358/5361/3025 4359/5364/3062 4365/5365/3063 4364/5362/3026
f 4359/5364/3062 4360/5366/2953 4366/5367/3078 4365/5365/3063
f 4360/5368/2953 4361/5369/2955 4367/5370/2956 4366/5371/3078
f 4361/5369/2955 4362/5372/3079 4368/5373/2958 4367/5370/2956
f 4362/5372/3079 4357/5360/2947 4363/5363/2950 4368/5373/2958
f 4363/5363/2950 4364/5362/3026 4370/5374/2959 4369/5375/2960
f 4364/5362/3026 4365/5365/3063 4371/5376/2961 4370/5374/2959
f 4365/5365/3063 4366/5367/3078 4372/5377/2962 4371/5376/2961
f 4366/5371/3078 4367/5370/2956 4373/5378/3028 4372/5379/2962
f 4367/5370/2956 4368/5373/2958 4374/5380/2964 4373/5378/3028
f 4368/5373/2958 4363/5363/2950 4369/5375/2960 4374/5380/2964
f 4369/5375/2960 4370/5374/2959 4376/5381/2965 4375/5382/3029
f 4370/5374/2959 4371/5376/2961 4377/5383/2967 4376/5381/2965
f 4371/5376/2961 4372/5377/2962 4378/5384/2968 4377/5383/2967
f 4372/5379/2962 4373/5378/3028 4379/5385/3048 4378/5386/2968
f 4373/5378/3028 4374/5380/2964 4380/5387/2970 4379/5385/3048
f 4374/5380/2964 4369/5375/2960 4375/5382/3029 4380/5387/2970
f 4375/5382/3029 4376/5381/2965 4382/5388/2971 4381/5389/2972
f 4376/5381/2965 4377/5383/2967 4383/5390/2973 4382/5388/2971
f 4377/5383/2967 4378/5384/2968 4384/5391/2974 4383/5390/2973
f 4378/5386/2968 4379/5385/3048 4385/5392/3080 4384/5393/2974
f 4379/5385/3048 4380/5387/2970 4386/5394/2976 4385/5392/3080
f 4380/5387/2970 4375/5382/3029 4381/5389/2972 4386/5394/2976
f 4381/5389/2972 4382/5388/2971 4388/5395/2977 4387/5396/3064
f 4382/5388/2971 4383/5390/2973 4389/5397/3031 4388/5395/2977
f 4383/5390/2973 4384/5391/2974 4390/5398/2980 4389/5397/3031
f 4384/5393/2974 4385/5392/3080 4391/5399/2981 4390/5400/2980
f 4385/5392/3080 4386/5394/2976 4392/5401/2982 4391/5399/2981
f 4386/5394/2976 4381/5389/2972 4387/5396/3064 4392/5401/2982
f 4387/5396/3064 4388/5395/2977 4394/5402/2983 4393/5403/2984
f 4388/5395/2977 4389/5397/3031 4395/5404/2985 4394/5402/2983
f 4389/5397/3031 4390/5398/2980 4396/5405/3072 4395/5404/2985
f 4390/5400/2980 4391/5399/2981 4397/5406/3033 4396/5407/3072
f 4391/5399/2981 4392/5401/2982 4398/5408/2988 4397/5406/3033
f 4392/5401/2982 4387/5396/3064 4393/5403/2984 4398/5408/2988
f 4321/5319/3095 4322/5318/2983 4400/5409/2991 4399/5410/2992
f 4322/5318/2983 4323/5320/2985 4401/5411/3035 4400/5409/2991
f 4323/5320/2985 4324/5321/2986 4402/5412/2996 4401/5411/3035
f 4324/5323/2986 4325/5322/3033 4403/5413/3037 4402/5414/2996
f 4325/5322/3033 4326/5324/2988 4404/5415/3000 4403/5413/3037
f 4326/5324/2988 4321/5319/3095 4399/5410/2992 4404/5415/3000
f 4399/5410/2992 4400/5409/2991 4406/5416/3001 4405/5417/3002
f 4400/5409/2991 4401/5411/3035 4407/5418/3096 4406/5416/3001
f 4401/5411/3035 4402/5412/2996 4408/5419/3004 4407/5418/3096
f 4402/5414/2996 4403/5413/3037 4409/5420/3005 4408/5421/3004
f 4403/5413/3037 4404/5415/3000 4410/5422/3074 4409/5420/3005
f 4404/5415/3000 4399/5410/2992 4405/5417/3002 4410/5422/3074
f 4405/5417/3002 4406/5416/3001 4412/5423/3007 4411/5424/3008
f 4406/5416/3001 4407/5418/3096 4413/5425/3065 4412/5423/3007
f 4407/5418/3096 4408/5419/3004 4414/5426/3040 4413/5425/3065
f 4408/5421/3004 4409/5420/3005 4415/5427/3011 4414/5428/3040
f 4409/5420/3005 4410/5422/3074 4416/5429/3012 4415/5427/3011
f 4410/5422/3074 4405/5417/3002 4411/5424/3008 4416/5429/3012
f 4411/5424/3008 4412/5423/3007 4418/5430/3013 4417/5431/3097
f 4412/5423/3007 4413/5425/3065 4419/5432/3015 4418/5430/3013
f 4413/5425/3065 4414/5426/3040 4420/5433/3067 4419/5432/3015
f 4414/5428/3040 4415/5427/3011 4421/5434/3017 4420/5435/3067
f 4415/5427/3011 4416/5429/3012 4422/5436/3018 4421/5434/3017
f 4416/5429/3012 4411/5424/3008 4417/5431/3097 4422/5436/3018
f 4417/5431/3097 4418/5430/3013 4424/5437/3019 4423/5438/3081
f 4418/5430/3013 4419/5432/3015 4425/5439/3021 4424/5437/3019
f 4419/5432/3015 4420/5433/3067 4426/5440/3041 4425/5439/3021
f 4420/5435/3067 4421/5434/3017 4427/5441/3023 4426/5442/3041
f 4421/5434/3017 4422/5436/3018 4428/5443/3068 4427/5441/3023
f 4422/5436/3018 4417/5431/3097 4423/5438/3081 4428/5443/3068
f 4423/5438/3081 4424/5437/3019 4358/5361/3025 4357/5360/2947
f 4424/5437/3019 4425/5439/3021 4359/5364/3062 4358/5361/3025
f 4425/5439/3021 4426/5440/3041 4360/5366/2953 4359/5364/3062
f 4426/5442/3041 4427/5441/3023 4361/5369/2955 4360/5368/2953
f 4427/5441/3023 4428/5443/3068 4362/5372/3079 4361/5369/2955
f 4428/5443/3068 4423/5438/3081 4357/5360/2947 4362/5372/3079
f 4429/5444/2947 4430/5445/3043 4436/5446/3026 4435/5447/2950
f 4430/5445/3043 4431/5448/3069 4437/5449/3063 4436/5446/3026
f 4431/5448/3069 4432/5450/2953 4438/5451/2954 4437/5449/3063
f 4432/5452/2953 4433/5453/2955 4439/5454/2956 4438/5455/2954
f 4433/5453/2955 4434/5456/2957 4440/5457/3070 4439/5454/2956
f 4434/5456/2957 4429/5444/2947 4435/5447/2950 4440/5457/3070
f 4435/5447/2950 4436/5446/3026 4442/5458/3071 4441/5459/2960
f 4436/5446/3026 4437/5449/3063 4443/5460/2961 4442/5458/3071
f 4437/5449/3063 4438/5451/2954 4444/5461/2962 4443/5460/2961
f 4438/5455/2954 4439/5454/2956 4445/5462/2963 4444/5463/2962
f 4439/5454/2956 4440/5457/3070 4446/5464/2964 4445/5462/2963
f 4440/5457/3070 4435/5447/2950 4441/5459/2960 4446/5464/2964
f 4441/5459/2960 4442/5458/3071 4448/5465/2965 4447/5466/3029
f 4442/5458/3071 4443/5460/2961 4449/5467/2967 4448/5465/2965
f 4443/5460/2961 4444/5461/2962 4450/5468/2968 4449/5467/2967
f 4444/5463/2962 4445/5462/2963 4451/5469/3048 4450/5470/2968
f 4445/5462/2963 4446/5464/2964 4452/5471/2970 4451/5469/3048
f 4446/5464/2964 4441/5459/2960 4447/5466/3029 4452/5471/2970
f 4447/5466/3029 4448/5465/2965 4454/5472/2971 4453/5473/2972
f 4448/5465/2965 4449/5467/2967 4455/5474/2973 4454/5472/2971
f 4449/5467/2967 4450/5468/2968 4456/5475/2974 4455/5474/2973
f 4450/5470/2968 4451/5469/3048 4457/5476/2975 4456/5477/2974
f 4451/5469/3048 4452/5471/2970 4458/5478/2976 4457/5476/2975
f 4452/5471/2970 4447/5466/3029 4453/5473/2972 4458/5478/2976
f 4453/5473/2972 4454/5472/2971 4460/5479/3098 4459/5480/3099
f 4454/5472/2971 4455/5474/2973 4461/5481/3100 4460/5479/3098
f 4455/5474/2973 4456/5475/2974 4462/5482/3101 4461/5481/3100
f 4456/5477/2974 4457/5476/2975 4463/5483/3102 4462/5484/3101
f 4457/5476/2975 4458/5478/2976 4464/5485/3103 4463/5483/3102
f 4458/5478/2976 4453/5473/2972 4459/5480/3099 4464/5485/3103
f 4514/5486/3104 4515/5487/3105 4496/5488/3106 4495/5489/3107
f 4393/5403/2984 4394/5402/2983 4466/5490/2991 4465/5491/2992
f 4394/5402/2983 4395/5404/2985 4467/5492/3035 4466/5490/2991
f 4395/5404/2985 4396/5405/3072 4468/5493/3108 4467/5492/3035
f 4396/5407/3072 4397/5406/3033 4469/5494/3037 4468/5495/3108
f 4397/5406/3033 4398/5408/2988 4470/5496/3073 4469/5494/3037
f 4398/5408/2988 4393/5403/2984 4465/5491/2992 4470/5496/3073
f 4465/5491/2992 4466/5490/2991 4472/5497/3001 4471/5498/3002
f 4466/5490/2991 4467/5492/3035 4473/5499/3003 4472/5497/3001
f 4467/5492/3035 4468/5493/3108 4474/5500/3004 4473/5499/3003
f 4468/5495/3108 4469/5494/3037 4475/5501/3005 4474/5502/3004
f 4469/5494/3037 4470/5496/3073 4476/5503/3006 4475/5501/3005
f 4470/5496/3073 4465/5491/2992 4471/5498/3002 4476/5503/3006
f 4471/5498/3002 4472/5497/3001 4478/5504/3007 4477/5505/3008
f 4472/5497/3001 4473/5499/3003 4479/5506/3065 4478/5504/3007
f 4473/5499/3003 4474/5500/3004 4480/5507/3040 4479/5506/3065
f 4474/5502/3004 4475/5501/3005 4481/5508/3011 4480/5509/3040
f 4475/5501/3005 4476/5503/3006 4482/5510/3012 4481/5508/3011
f 4476/5503/3006 4471/5498/3002 4477/5505/3008 4482/5510/3012
f 4477/5505/3008 4478/5504/3007 4484/5511/3076 4483/5512/3014
f 4478/5504/3007 4479/5506/3065 4485/5513/3015 4484/5511/3076
f 4479/5506/3065 4480/5507/3040 4486/5514/3077 4485/5513/3015
f 4480/5509/3040 4481/5508/3011 4487/5515/3017 4486/5516/3077
f 4481/5508/3011 4482/5510/3012 4488/5517/3018 4487/5515/3017
f 4482/5510/3012 4477/5505/3008 4483/5512/3014 4488/5517/3018
f 4483/5512/3014 4484/5511/3076 4490/5518/3019 4489/5519/3020
f 4484/5511/3076 4485/5513/3015 4491/5520/3021 4490/5518/3019
f 4485/5513/3015 4486/5514/3077 4492/5521/3022 4491/5520/3021
f 4486/5516/3077 4487/5515/3017 4493/5522/3023 4492/5523/3022
f 4487/5515/3017 4488/5517/3018 4494/5524/3068 4493/5522/3023
f 4488/5517/3018 4483/5512/3014 4489/5519/3020 4494/5524/3068
f 4489/5519/3020 4490/5518/3019 4430/5445/3043 4429/5444/2947
f 4490/5518/3019 4491/5520/3021 4431/5448/3069 4430/5445/3043
f 4491/5520/3021 4492/5521/3022 4432/5450/2953 4431/5448/3069
f 4492/5523/3022 4493/5522/3023 4433/5453/2955 4432/5452/2953
f 4493/5522/3023 4494/5524/3068 4434/5456/2957 4433/5453/2955
f 4494/5524/3068 4489/5519/3020 4429/5444/2947 4434/5456/2957
f 4518/5525/3109 4513/5526/3110 4500/5527/3111 4499/5528/3112
f 4517/5529/3113 4518/5525/3109 4499/5528/3112 4498/5530/3114
f 4516/5531/3115 4517/5532/3113 4498/5533/3114 4497/5534/3116
f 4515/5487/3105 4516/5531/3115 4497/5534/3116 4496/5488/3106
f 4513/5526/3110 4514/5486/3104 4495/5489/3107 4500/5527/3111
f 4512/5535/3117 4507/5536/3118 4501/5537/3119 4502/5538/3120
f 4511/5539/3121 4512/5535/3117 4502/5538/3120 4506/5540/3122
f 4510/5541/3123 4511/5539/3121 4506/5540/3122 4505/5542/3124
f 4509/5543/3125 4510/5544/3123 4505/5545/3124 4504/5546/3126
f 4508/5547/3127 4509/5543/3125 4504/5546/3126 4503/5548/3128
f 4507/5536/3118 4508/5547/3127 4503/5548/3128 4501/5537/3119
f 4495/5489/3107 4496/5488/3106 4508/5547/3127 4507/5536/3118
f 4496/5488/3106 4497/5534/3116 4509/5543/3125 4508/5547/3127
f 4497/5534/3116 4498/5533/3114 4510/5544/3123 4509/5543/3125
f 4498/5530/3114 4499/5528/3112 4511/5539/3121 4510/5541/3123
f 4499/5528/3112 4500/5527/3111 4512/5535/3117 4511/5539/3121
f 4500/5527/3111 4495/5489/3107 4507/5536/3118 4512/5535/3117
f 4464/5485/3103 4459/5480/3099 4514/5486/3104 4513/5526/3110
f 4460/5479/3098 4461/5481/3100 4516/5531/3115 4515/5487/3105
f 4461/5481/3100 4462/5482/3101 4517/5532/3113 4516/5531/3115
f 4462/5484/3101 4463/5483/3102 4518/5525/3109 4517/5529/3113
f 4463/5483/3102 4464/5485/3103 4513/5526/3110 4518/5525/3109
f 4459/5480/3099 4460/5479/3098 4515/5487/3105 4514/5486/3104
f 3390/4231/3060 4523/5549/3129 4524/5550/3130 3385/4219/3055
f 3385/4219/3055 4524/5550/3130 4521/5551/3131 3386/4220/3056
f 3387/4223/3057 4522/5552/3132 4519/5553/3133 3388/4225/3058
f 3389/4228/3059 4520/5554/3134 4523/5549/3129 3390/4231/3060
f 3386/4220/3056 4521/5551/3131 4522/5552/3132 3387/4223/3057
f 3388/4227/3058 4519/5555/3133 4520/5554/3134 3389/4228/3059
f 4532/5556/3135 4525/5557/3136 4521/5551/3131 4524/5550/3130
f 4536/5558/3137 4532/5556/3135 4524/5550/3130 4523/5549/3129
f 4540/5559/3138 4536/5558/3137 4523/5549/3129 4520/5554/3134
f 4544/5560/3139 4540/5559/3138 4520/5554/3134 4519/5555/3133
f 4548/5561/3140 4544/5562/3139 4519/5553/3133 4522/5552/3132
f 4525/5557/3136 4548/5561/3140 4522/5552/3132 4521/5551/3131
f 4531/5563/3141 4526/5564/3142 4525/5557/3136 4532/5556/3135
f 4530/5565/3143 4527/5566/3144 4526/5564/3142 4531/5563/3141
f 4535/5567/3145 4531/5563/3141 4532/5556/3135 4536/5558/3137
f 4534/5568/3146 4530/5565/3143 4531/5563/3141 4535/5567/3145
f 4539/5569/3147 4535/5567/3145 4536/5558/3137 4540/5559/3138
f 4538/5570/3148 4534/5568/3146 4535/5567/3145 4539/5569/3147
f 4543/5571/3149 4539/5569/3147 4540/5559/3138 4544/5560/3139
f 4542/5572/3150 4538/5570/3148 4539/5569/3147 4543/5571/3149
f 4547/5573/3151 4543/5574/3149 4544/5562/3139 4548/5561/3140
f 4546/5575/3152 4542/5576/3150 4543/5574/3149 4547/5573/3151
f 4526/5564/3142 4547/5573/3151 4548/5561/3140 4525/5557/3136
f 4527/5566/3144 4546/5575/3152 4547/5573/3151 4526/5564/3142
f 4554/5577/3153 4549/5578/3154 4528/5579/3155 4529/5580/3156
f 4557/5581/3157 4554/5577/3153 4529/5580/3156 4533/5582/3158
f 4560/5583/3159 4557/5581/3157 4533/5582/3158 4537/5584/3160
f 4563/5585/3161 4560/5583/3159 4537/5584/3160 4541/5586/3162
f 4566/5587/3163 4563/5588/3161 4541/5589/3162 4545/5590/3164
f 4549/5578/3154 4566/5587/3163 4545/5590/3164 4528/5579/3155
f 4552/5591/3165 4553/5592/3166 4556/5593/3167 4555/5594/3168
f 3193/3982/2942 4551/5595/3169 4552/5591/3165 3194/3987/2946
f 4555/5594/3168 4556/5593/3167 4559/5596/3170 4558/5597/3171
f 3194/3987/2946 4552/5591/3165 4555/5594/3168 3195/3986/2945
f 4558/5597/3171 4559/5596/3170 4562/5598/3172 4561/5599/3173
f 3195/3986/2945 4555/5594/3168 4558/5597/3171 3196/3984/2944
f 4561/5600/3173 4562/5601/3172 4565/5602/3174 4564/5603/3175
f 3196/3984/2944 4558/5597/3171 4561/5599/3173 3197/3985/2943
f 4564/5603/3175 4565/5602/3174 4550/5604/3176 4551/5595/3169
f 3197/3983/2943 4561/5600/3173 4564/5603/3175 3198/3981/2941
f 3198/3981/2941 4564/5603/3175 4551/5595/3169 3193/3982/2942
f 4581/5605/3177 4582/5606/3178 4528/5579/3155 4545/5590/3164
f 4578/5607/3179 4581/5605/3177 4545/5590/3164 4541/5589/3162
f 4575/5608/3180 4578/5609/3179 4541/5586/3162 4537/5584/3160
f 4572/5610/3181 4575/5608/3180 4537/5584/3160 4533/5582/3158
f 4569/5611/3182 4572/5610/3181 4533/5582/3158 4529/5580/3156
f 4582/5606/3178 4569/5611/3182 4529/5580/3156 4528/5579/3155
f 4568/5612/3183 4571/5613/3184 4572/5610/3181 4569/5611/3182
f 4570/5614/3185 4571/5613/3184 4568/5612/3183 4567/5615/3186
f 4534/5568/3146 4570/5614/3185 4567/5615/3186 4530/5565/3143
f 4571/5613/3184 4574/5616/3187 4575/5608/3180 4572/5610/3181
f 4573/5617/3188 4574/5616/3187 4571/5613/3184 4570/5614/3185
f 4538/5570/3148 4573/5617/3188 4570/5614/3185 4534/5568/3146
f 4574/5616/3187 4577/5618/3189 4578/5609/3179 4575/5608/3180
f 4576/5619/3190 4577/5618/3189 4574/5616/3187 4573/5617/3188
f 4542/5572/3150 4576/5619/3190 4573/5617/3188 4538/5570/3148
f 4577/5620/3189 4580/5621/3191 4581/5605/3177 4578/5607/3179
f 4579/5622/3192 4580/5621/3191 4577/5620/3189 4576/5623/3190
f 4546/5575/3152 4579/5622/3192 4576/5623/3190 4542/5576/3150
f 4580/5621/3191 4583/5624/3193 4582/5606/3178 4581/5605/3177
f 4584/5625/3194 4583/5624/3193 4580/5621/3191 4579/5622/3192
f 4527/5566/3144 4584/5625/3194 4579/5622/3192 4546/5575/3152
f 4583/5624/3193 4568/5612/3183 4569/5611/3182 4582/5606/3178
f 4567/5615/3186 4568/5612/3183 4583/5624/3193 4584/5625/3194
f 4530/5565/3143 4567/5615/3186 4584/5625/3194 4527/5566/3144
f 4551/5595/3169 4550/5604/3176 4553/5592/3166 4552/5591/3165
f 4549/5578/3154 4601/5626/3195 4599/5627/3196 4566/5587/3163
f 4566/5587/3163 4599/5627/3196 4597/5628/3197 4563/5588/3161
f 4563/5585/3161 4597/5629/3197 4595/5630/3198 4560/5583/3159
f 4560/5583/3159 4595/5630/3198 4593/5631/3199 4557/5581/3157
f 4554/5577/3153 4592/5632/3200 4601/5626/3195 4549/5578/3154
f 4557/5581/3157 4593/5631/3199 4592/5632/3200 4554/5577/3153
f 4588/5633/3201 4556/5593/3167 4553/5592/3166 4590/5634/3202
f 4586/5635/3203 4562/5598/3172 4559/5596/3170 4587/5636/3204
f 4585/5637/3205 4565/5602/3174 4562/5601/3172 4586/5638/3203
f 4589/5639/3206 4550/5604/3176 4565/5602/3174 4585/5637/3205
f 4591/5640/3207 4590/5634/3202 4589/5639/3206 4602/5641/3208
f 4587/5636/3204 4559/5596/3170 4556/5593/3167 4588/5633/3201
f 4594/5642/3209 4591/5640/3207 4592/5632/3200 4593/5631/3199
f 4596/5643/3210 4594/5642/3209 4593/5631/3199 4595/5630/3198
f 4598/5644/3211 4596/5643/3210 4595/5630/3198 4597/5629/3197
f 4600/5645/3212 4598/5646/3211 4597/5628/3197 4599/5627/3196
f 4602/5641/3208 4600/5645/3212 4599/5627/3196 4601/5626/3195
f 4591/5640/3207 4602/5641/3208 4601/5626/3195 4592/5632/3200
f 4590/5634/3202 4553/5592/3166 4550/5604/3176 4589/5639/3206
f 4596/5643/3210 4587/5636/3204 4588/5633/3201 4594/5642/3209
f 4602/5641/3208 4589/5639/3206 4585/5637/3205 4600/5645/3212
f 4600/5645/3212 4585/5637/3205 4586/5638/3203 4598/5646/3211
f 4598/5644/3211 4586/5635/3203 4587/5636/3204 4596/5643/3210
f 4594/5642/3209 4588/5633/3201 4590/5634/3202 4591/5640/3207
o Well_Model.002
v 0.000000 168.309692 -56.556564
v -1.066542 168.595459 -56.556564
v -1.847316 169.376343 -56.556564
v -2.133184 170.442871 -56.556564
v -1.847316 171.509415 -56.556564
v -1.066542 172.290283 -56.556564
v 0.000000 172.575958 -56.556564
v 1.066542 172.290283 -56.556564
v 1.847316 171.509415 -56.556564
v 2.133184 170.442871 -56.556564
v 1.847316 169.376343 -56.556564
v 1.066542 168.595459 -56.556564
v 0.000000 167.000702 -52.423412
v -1.721095 167.461853 -52.423412
v -2.981009 168.721786 -52.423412
v -3.442189 170.442871 -52.423412
v -2.981009 172.163971 -52.423412
v -1.721095 173.423889 -52.423412
v 0.000000 173.885040 -52.423412
v 1.721095 173.423889 -52.423412
v 2.981109 172.163971 -52.423412
v 3.442189 170.442871 -52.423412
v 2.981109 168.721786 -52.423412
v 1.721095 167.461853 -52.423412
v -1.066542 168.595459 -53.389076
v -1.847316 169.376343 -53.389076
v -2.133184 170.442871 -53.389076
v -1.847316 171.509415 -53.389076
v -1.066542 172.290283 -53.389076
v 0.000000 172.575958 -53.389076
v 1.066542 172.290283 -53.389076
v 1.847316 171.509415 -53.389076
v 2.133184 170.442871 -53.389076
v 1.847316 169.376343 -53.389076
v 1.066542 168.595459 -53.389076
v 0.000000 168.309692 -53.389076
v 0.000000 170.442871 54.842239
v 0.000000 167.000702 52.423286
v -1.721095 167.461853 52.423286
v -2.981009 168.721786 52.423286
v -3.442189 170.442871 52.423286
v -2.981009 172.163971 52.423286
v -1.721095 173.423981 52.423286
v 0.000000 173.885040 52.423286
v 1.721095 173.423981 52.423286
v 2.981109 172.163971 52.423286
v 3.442189 170.442871 52.423286
v 2.981109 168.721786 52.423286
v 1.721095 167.461853 52.423286
v -1.510760 167.826157 53.389053
v -2.616715 168.932098 53.389053
v -3.021520 170.442871 53.389053
v -2.616715 171.953644 53.389053
v -1.510760 173.059586 53.389053
v 0.000000 173.464386 53.389053
v 1.510760 173.059586 53.389053
v 2.616715 171.953644 53.389053
v 3.021520 170.442871 53.389053
v 2.616715 168.932098 53.389053
v 1.510760 167.826157 53.389053
v 0.000000 167.421356 53.389053
v 0.000000 169.861664 54.817696
v -0.290657 169.939484 54.817696
v -0.503387 170.152206 54.817696
v -0.581315 170.442871 54.817696
v -0.503387 170.733536 54.817696
v -0.290657 170.946259 54.817696
v 0.000000 171.024185 54.817696
v 0.290657 170.946259 54.817696
v 0.503387 170.733536 54.817696
v 0.581315 170.442871 54.817696
v 0.503387 170.152206 54.817696
v 0.290657 169.939484 54.817696
v 0.000000 168.641464 54.539406
v -0.900709 168.882828 54.539406
v -1.560051 169.542175 54.539406
v -1.801417 170.442871 54.539406
v -1.560051 171.343582 54.539406
v -0.900709 172.002930 54.539406
v 0.000000 172.244308 54.539406
v 0.900709 172.002930 54.539406
v 1.560051 171.343582 54.539406
v 1.801417 170.442871 54.539406
v 1.560051 169.542175 54.539406
v 0.900709 168.882828 54.539406
v 0.000000 167.000702 25.257845
v 0.000000 167.000702 23.693705
v 0.000000 167.000702 -23.693731
v 0.000000 167.000702 -25.257973
v -1.721095 167.461746 -25.257973
v -1.721095 167.461746 -23.693731
v -1.721095 167.461746 23.693705
v -1.721095 167.461746 25.257845
v -2.981009 168.721786 -25.257973
v -2.981009 168.721786 -23.693731
v -2.981009 168.721786 23.693705
v -2.981009 168.721786 25.257845
v -3.442189 170.442871 -25.257973
v -3.442189 170.442871 -23.693731
v -3.442189 170.442871 23.693705
v -3.442189 170.442871 25.257845
v -2.981009 172.163971 -25.257973
v -2.981009 172.163971 -23.693731
v -2.981009 172.163971 23.693705
v -2.981009 172.163971 25.257845
v -1.721095 173.423889 -25.257973
v -1.721095 173.423889 -23.693731
v -1.721095 173.423889 23.693705
v -1.721095 173.423889 25.257845
v 0.000000 173.885040 -25.257973
v 0.000000 173.885040 -23.693731
v 0.000000 173.885040 23.693705
v 0.000000 173.885040 25.257845
v 1.721095 173.423889 -25.257973
v 1.721095 173.423889 -23.693731
v 1.721095 173.423889 23.693705
v 1.721095 173.423889 25.257845
v 2.981109 172.163971 -25.257973
v 2.981109 172.163971 -23.693731
v 2.981109 172.163971 23.693705
v 2.981109 172.163971 25.257845
v 3.442189 170.442871 -25.257973
v 3.442189 170.442871 -23.693731
v 3.442189 170.442871 23.693705
v 3.442189 170.442871 25.257845
v 2.981109 168.721786 -25.257973
v 2.981109 168.721786 -23.693731
v 2.981109 168.721786 23.693705
v 2.981109 168.721786 25.257845
v 1.721095 167.461853 -25.257973
v 1.721095 167.461853 -23.693731
v 1.721095 167.461853 23.693705
v 1.721095 167.461853 25.257845
v 0.000000 163.661163 -53.389076
v 0.000000 163.430695 -53.166466
v 0.000000 163.661163 -52.423412
v 0.000000 163.430695 -52.646015
v 3.506049 164.370102 -52.646015
v 3.390803 164.569763 -52.423412
v 6.072774 166.936829 -52.646015
v 5.873115 167.052078 -52.423412
v 7.012197 170.442871 -52.646015
v 6.781706 170.442871 -52.423412
v 6.072774 173.948914 -52.646015
v 5.873115 173.833694 -52.423412
v 3.506049 176.515549 -52.646015
v 3.390803 176.315994 -52.423412
v 0.000000 177.455078 -52.646019
v 0.000000 177.224487 -52.423416
v -3.506049 176.515549 -52.646015
v -3.390803 176.315994 -52.423412
v -6.072674 173.948914 -52.646015
v -5.873115 173.833694 -52.423412
v -7.012197 170.442871 -52.646015
v -6.781606 170.442871 -52.423412
v -6.072674 166.936829 -52.646015
v -5.873115 167.052078 -52.423412
v -3.506049 164.370102 -52.646015
v -3.390803 164.569763 -52.423412
v -3.506049 164.370102 -53.166466
v -3.390803 164.569763 -53.389076
v -6.072674 166.936829 -53.166466
v -5.873115 167.052078 -53.389076
v -7.012197 170.442871 -53.166466
v -6.781606 170.442871 -53.389076
v -6.072674 173.948914 -53.166466
v -5.873115 173.833694 -53.389076
v -3.506049 176.515549 -53.166466
v -3.390803 176.315994 -53.389076
v 0.000000 177.455078 -53.166470
v 0.000000 177.224487 -53.389080
v 3.506049 176.515549 -53.166466
v 3.390803 176.315994 -53.389076
v 6.072774 173.948914 -53.166466
v 5.873115 173.833694 -53.389076
v 7.012197 170.442871 -53.166466
v 6.781706 170.442871 -53.389076
v 6.072774 166.936829 -53.166466
v 5.873115 167.052078 -53.389076
v 3.506049 164.370102 -53.166466
v 3.390803 164.569763 -53.389076
v 0.000000 163.430695 53.166348
v 0.000000 163.661270 53.389053
v 0.000000 163.430695 52.645992
v 0.000000 163.661270 52.423286
v 3.390803 164.569763 52.423286
v 3.506049 164.370209 52.645992
v 5.873115 167.052078 52.423286
v 6.072774 166.936829 52.645992
v 6.781706 170.442871 52.423286
v 7.012197 170.442871 52.645992
v 5.873115 173.833694 52.423286
v 6.072774 173.948914 52.645992
v 3.390803 176.315994 52.423286
v 3.506049 176.515640 52.645992
v 0.000000 177.224487 52.423283
v 0.000000 177.455078 52.645988
v -3.390803 176.315994 52.423286
v -3.506049 176.515640 52.645992
v -5.873115 173.833694 52.423286
v -6.072674 173.948914 52.645992
v -6.781606 170.442871 52.423286
v -7.012197 170.442871 52.645992
v -5.873115 167.052078 52.423286
v -6.072674 166.936829 52.645992
v -3.390803 164.569763 52.423286
v -3.506049 164.370209 52.645992
v -3.390803 164.569763 53.389053
v -3.506049 164.370209 53.166348
v -5.873115 167.052078 53.389053
v -6.072674 166.936829 53.166348
v -6.781606 170.442871 53.389053
v -7.012197 170.442871 53.166348
v -5.873115 173.833694 53.389053
v -6.072674 173.948914 53.166348
v -3.390803 176.315994 53.389053
v -3.506049 176.515640 53.166348
v 0.000000 177.224487 53.389050
v 0.000000 177.455078 53.166344
v 3.390803 176.315994 53.389053
v 3.506049 176.515640 53.166348
v 5.873115 173.833694 53.389053
v 6.072774 173.948914 53.166348
v 6.781706 170.442871 53.389053
v 7.012197 170.442871 53.166348
v 5.873115 167.052078 53.389053
v 6.072774 166.936829 53.166348
v 3.390803 164.569763 53.389053
v 3.506049 164.370209 53.166348
v 2.945388 165.341354 23.693705
v 3.060633 165.141708 23.916313
v 3.060633 165.141708 25.035236
v 2.945388 165.341354 25.257845
v 0.000000 164.552094 25.257845
v 0.000000 164.321594 25.035236
v 0.000000 164.321594 23.916313
v 0.000000 164.552094 23.693705
v 0.000000 164.552094 -23.693731
v 0.000000 164.321594 -23.916437
v 0.000000 164.321594 -25.035263
v 0.000000 164.552094 -25.257973
v 2.945388 165.341354 -25.257973
v 3.060633 165.141708 -25.035263
v 3.060633 165.141708 -23.916437
v 2.945388 165.341354 -23.693731
v 5.101620 167.497498 23.693705
v 5.301180 167.382233 23.916313
v 5.301180 167.382233 25.035236
v 5.101620 167.497498 25.257845
v 5.101620 167.497498 -25.257973
v 5.301180 167.382233 -25.035263
v 5.301180 167.382233 -23.916437
v 5.101620 167.497498 -23.693731
v 5.890777 170.442871 23.693705
v 6.121267 170.442871 23.916313
v 6.121267 170.442871 25.035236
v 5.890777 170.442871 25.257845
v 5.890777 170.442871 -25.257973
v 6.121267 170.442871 -25.035263
v 6.121267 170.442871 -23.916437
v 5.890777 170.442871 -23.693731
v 5.101620 173.388260 23.693705
v 5.301180 173.503510 23.916313
v 5.301180 173.503510 25.035236
v 5.101620 173.388260 25.257845
v 5.101620 173.388260 -25.257973
v 5.301180 173.503510 -25.035263
v 5.301180 173.503510 -23.916437
v 5.101620 173.388260 -23.693731
v 2.945388 175.544495 23.693705
v 3.060633 175.744049 23.916313
v 3.060633 175.744049 25.035236
v 2.945388 175.544495 25.257845
v 2.945388 175.544495 -25.257973
v 3.060633 175.744049 -25.035263
v 3.060633 175.744049 -23.916437
v 2.945388 175.544495 -23.693731
v 0.000000 176.333664 23.693705
v 0.000000 176.564255 23.916313
v 0.000000 176.564255 25.035236
v 0.000000 176.333664 25.257845
v 0.000000 176.333664 -25.257973
v 0.000000 176.564255 -25.035263
v 0.000000 176.564255 -23.916437
v 0.000000 176.333664 -23.693731
v -2.945388 175.544495 23.693705
v -3.060633 175.744049 23.916313
v -3.060633 175.744049 25.035236
v -2.945388 175.544495 25.257845
v -2.945388 175.544495 -25.257973
v -3.060633 175.744049 -25.035263
v -3.060633 175.744049 -23.916437
v -2.945388 175.544495 -23.693731
v -5.101521 173.388260 23.693705
v -5.301180 173.503510 23.916313
v -5.301180 173.503510 25.035236
v -5.101521 173.388260 25.257845
v -5.101521 173.388260 -25.257973
v -5.301180 173.503510 -25.035263
v -5.301180 173.503510 -23.916437
v -5.101521 173.388260 -23.693731
v -5.890777 170.442871 23.693705
v -6.121267 170.442871 23.916313
v -6.121267 170.442871 25.035236
v -5.890777 170.442871 25.257845
v -5.890777 170.442871 -25.257973
v -6.121267 170.442871 -25.035263
v -6.121267 170.442871 -23.916437
v -5.890777 170.442871 -23.693731
v -5.101521 167.497498 23.693705
v -5.301180 167.382233 23.916313
v -5.301180 167.382233 25.035236
v -5.101521 167.497498 25.257845
v -5.101521 167.497498 -25.257973
v -5.301180 167.382233 -25.035263
v -5.301180 167.382233 -23.916437
v -5.101521 167.497498 -23.693731
v -2.945388 165.341263 23.693705
v -3.060633 165.141708 23.916313
v -3.060633 165.141708 25.035236
v -2.945388 165.341263 25.257845
v -2.945388 165.341354 -25.257973
v -3.060633 165.141708 -25.035263
v -3.060633 165.141708 -23.916437
v -2.945388 165.341354 -23.693731
v 0.000000 167.421356 53.752445
v 0.000000 167.585495 54.012669
v -1.428741 167.968338 54.012669
v -1.510760 167.826157 53.752445
v -2.474629 169.014145 54.012669
v -2.616715 168.932098 53.752445
v -2.857383 170.442871 54.012669
v -3.021520 170.442871 53.752445
v -2.474629 171.871613 54.012669
v -2.616715 171.953644 53.752445
v -1.428741 172.917511 54.012669
v -1.510760 173.059586 53.752445
v 0.000000 173.300354 54.012669
v 0.000000 173.464386 53.752445
v 1.428741 172.917511 54.012669
v 1.510760 173.059586 53.752445
v 2.474629 171.871613 54.012669
v 2.616715 171.953644 53.752445
v 2.857383 170.442871 54.012669
v 3.021520 170.442871 53.752445
v 2.474629 169.014145 54.012669
v 2.616715 168.932098 53.752445
v 1.428741 167.968338 54.012669
v 1.510760 167.826157 53.752445
v 0.081620 156.648773 -62.559700
v 0.081620 157.331375 -67.215401
v 0.754632 157.037415 -62.559700
v 0.163538 157.378662 -67.215401
v 0.754632 157.814590 -62.559700
v 0.163538 157.473267 -67.215401
v 0.081620 158.203125 -62.559700
v 0.081620 157.520538 -67.215401
v -0.591492 157.814590 -62.559700
v -0.000299 157.473267 -67.215401
v -0.591492 157.037415 -62.559700
v -0.000299 157.378662 -67.215401
v 0.081620 156.598892 -63.831295
v 0.797936 157.012466 -63.831295
v 0.797936 157.839539 -63.831295
v 0.081620 158.253128 -63.831295
v -0.634697 157.839539 -63.831295
v -0.634697 157.012466 -63.831295
v 0.871074 156.970154 -65.795547
v 0.081620 156.514374 -65.795547
v 0.871074 157.881760 -65.795547
v 0.081620 158.337555 -65.795547
v -0.707835 157.881760 -65.795547
v -0.707835 156.970154 -65.795547
v 0.081620 156.635208 -66.380554
v 0.081620 156.809204 -66.790855
v 0.081620 156.983337 -67.037506
v 0.081620 157.157349 -67.172310
v 0.314205 157.291656 -67.172310
v 0.464972 157.204620 -67.037506
v 0.615639 157.117645 -66.790855
v 0.766406 157.030640 -66.380554
v 0.314205 157.560257 -67.172310
v 0.464972 157.647369 -67.037506
v 0.615639 157.734375 -66.790855
v 0.766406 157.821350 -66.380554
v 0.081620 157.694565 -67.172310
v 0.081620 157.868683 -67.037506
v 0.081620 158.042694 -66.790855
v 0.081620 158.216705 -66.380554
v -0.151066 157.560257 -67.172310
v -0.301733 157.647369 -67.037506
v -0.452500 157.734375 -66.790855
v -0.603266 157.821350 -66.380554
v -0.151066 157.291656 -67.172310
v -0.301733 157.204620 -67.037506
v -0.452500 157.117645 -66.790855
v -0.603266 157.030640 -66.380554
v 0.081620 156.516769 -64.813423
v 0.868979 156.971359 -64.813423
v 0.868979 157.880554 -64.813423
v 0.081620 158.335251 -64.813423
v -0.705840 157.880554 -64.813423
v -0.705840 156.971359 -64.813423
v 0.081620 156.648773 -59.582287
v 0.754632 157.037415 -59.582287
v 0.754632 157.814590 -59.582287
v 0.081620 158.203125 -59.582287
v -0.591492 157.814590 -59.582287
v -0.591492 157.037415 -59.582287
v -0.000100 170.442963 -56.049694
v -0.000100 170.442963 -61.070995
v -11.958562 165.489624 -57.766796
v -11.958562 165.489624 -59.793812
v -12.078396 170.442963 -58.111435
v -1.888325 168.554749 -59.449177
v -1.888325 168.554749 -58.111435
v -2.670496 170.442963 -59.449177
v -2.670496 170.442963 -58.111435
v -4.953449 158.484512 -57.766796
v -4.953449 158.484512 -59.793812
v -8.540718 161.902374 -59.449177
v -8.540718 161.902374 -58.111435
v -0.000100 167.772583 -59.449177
v -0.000100 167.772583 -58.111435
v -4.953449 182.401443 -57.766800
v -4.953449 182.401443 -59.793816
v -8.540718 178.983490 -58.111439
v -1.888325 172.331207 -59.449177
v -1.888325 172.331207 -58.111435
v -0.000100 173.113266 -59.449177
v -0.000100 173.113266 -58.111435
v -11.958562 175.396317 -57.766796
v -11.958562 175.396317 -59.793812
v -8.540718 178.983490 -59.449181
v -12.078396 170.442963 -59.449177
v 11.958362 175.396317 -57.766796
v 11.958362 175.396317 -59.793812
v 8.540519 178.983490 -59.449181
v 8.540519 178.983490 -58.111439
v 1.888126 172.331207 -59.449177
v 1.888126 172.331207 -58.111435
v 2.670197 170.442963 -59.449177
v 2.670197 170.442963 -58.111435
v 4.953249 182.401443 -57.766800
v 4.953249 182.401443 -59.793816
v -0.000100 182.521179 -59.449181
v -0.000100 182.521179 -58.111439
v 4.953249 158.484512 -57.766796
v 4.953249 158.484512 -59.793812
v -0.000100 158.364670 -59.449177
v -0.000100 158.364670 -58.111435
v 8.540519 161.902374 -58.111435
v 1.888126 168.554749 -59.449177
v 1.888126 168.554749 -58.111435
v 11.958362 165.489624 -57.766796
v 11.958362 165.489624 -59.793812
v 8.540519 161.902374 -59.449177
v 12.078096 170.442963 -59.449177
v 12.078096 170.442963 -58.111435
v -1.499285 168.943802 -60.674774
v -1.889423 168.553665 -59.860767
v -2.671992 170.442963 -59.860767
v -2.120213 170.442963 -60.674774
v -0.000100 168.322861 -60.674774
v -0.000100 167.771088 -59.860767
v -1.499285 171.942062 -60.674774
v -1.889423 172.332306 -59.860767
v -0.000100 173.114853 -59.860767
v -0.000100 172.563095 -60.674774
v 1.498986 171.942062 -60.674774
v 1.889223 172.332306 -59.860767
v 2.671793 170.442963 -59.860767
v 2.120013 170.442963 -60.674774
v 1.498986 168.943802 -60.674774
v 1.889223 168.553665 -59.860767
v -2.671593 170.442963 -57.615429
v -1.889124 168.553955 -57.615429
v -0.000100 167.771484 -57.615429
v -0.000100 173.114471 -57.615429
v -1.889124 172.332001 -57.615429
v 2.671394 170.442963 -57.615429
v 1.888924 172.332001 -57.615429
v 1.888924 168.553955 -57.615429
v -0.000100 157.398224 -59.793812
v 13.044559 170.442963 -59.793812
v 9.223907 161.218964 -59.793812
v 9.223907 179.666977 -59.793816
v -9.224108 161.218964 -59.793812
v -13.044861 170.442963 -59.793812
v -0.000100 183.487640 -59.793816
v -9.224108 179.666977 -59.793816
v -9.224108 179.666977 -57.766800
v -0.000100 157.398224 -57.766796
v -0.000100 183.487640 -57.766800
v 13.044559 170.442963 -57.766796
v 9.223907 179.666977 -57.766800
v -9.224108 161.218964 -57.766796
v -13.044861 170.442963 -57.766796
v 9.223907 161.218964 -57.766796
v -13.855468 170.442963 -57.766796
v -14.011322 170.442963 -57.919662
v -14.011322 170.442963 -59.640957
v -13.855468 170.442963 -59.793812
v -12.944780 165.081146 -57.919662
v -12.800799 165.140778 -57.766796
v -12.800799 165.140778 -59.793812
v -12.944780 165.081146 -59.640957
v -9.797339 160.645737 -59.793812
v -9.907495 160.535568 -59.640957
v -12.078396 170.442963 -57.919662
v -12.226369 170.442963 -57.766796
v -12.226369 170.442963 -59.793812
v -12.078396 170.442963 -59.640957
v -8.540718 161.902374 -59.640957
v -8.645387 161.797684 -59.793812
v -10.869769 165.261703 -57.766796
v -10.671606 165.220322 -57.919662
v -11.238953 166.590088 -57.919662
v -11.349707 166.420685 -57.766796
v -11.349707 166.420685 -59.793812
v -11.238953 166.590088 -59.640957
v -10.671606 165.220322 -59.640957
v -10.869769 165.261703 -59.793812
v -9.797339 160.645737 -57.766796
v -9.907495 160.535568 -57.919662
v -5.361946 157.498291 -57.919662
v -5.302377 157.642288 -57.766796
v -5.302377 157.642288 -59.793812
v -5.361946 157.498291 -59.640957
v -0.000100 156.431747 -57.919662
v -0.000100 156.587601 -57.766796
v -8.540718 161.902374 -57.919662
v -8.645387 161.797684 -57.766796
v -4.022407 159.093277 -57.766796
v -3.852981 159.204132 -57.919662
v -5.222753 159.771469 -57.919662
v -5.181345 159.573318 -57.766796
v -5.181345 159.573318 -59.793812
v -5.222753 159.771469 -59.640957
v -3.852981 159.204132 -59.640957
v -4.022407 159.093277 -59.793812
v -5.361946 183.387558 -57.919666
v -5.302377 183.243683 -57.766800
v -5.302377 183.243683 -59.793816
v -5.361946 183.387558 -59.640961
v -0.000100 182.521179 -57.919666
v -0.000100 182.669250 -57.766800
v -8.645387 179.088272 -57.766800
v -8.540718 178.983490 -57.919666
v -8.540718 178.983490 -59.640961
v -8.645387 179.088272 -59.793816
v -5.181345 181.312561 -57.766800
v -5.222753 181.114380 -57.919666
v -3.852981 181.681732 -57.919666
v -4.022407 181.792587 -57.766800
v -4.022407 181.792587 -59.793816
v -3.852981 181.681732 -59.640961
v -5.222753 181.114380 -59.640961
v -5.181345 181.312561 -59.793816
v -9.797339 180.240112 -57.766800
v -9.907495 180.350357 -57.919666
v -9.907495 180.350357 -59.640961
v -9.797339 180.240112 -59.793816
v -12.944780 175.804825 -57.919662
v -12.800799 175.745148 -57.766796
v -12.800799 175.745148 -59.793812
v -12.944780 175.804825 -59.640957
v -11.349707 174.465286 -57.766796
v -11.238953 174.295853 -57.919662
v -10.671606 175.665634 -57.919662
v -10.869769 175.624115 -57.766796
v -10.869769 175.624115 -59.793812
v -10.671606 175.665634 -59.640957
v -11.238953 174.295853 -59.640957
v -11.349707 174.465286 -59.793812
v 12.800501 175.745148 -57.766796
v 12.944482 175.804825 -57.919662
v 12.944482 175.804825 -59.640957
v 12.800501 175.745148 -59.793812
v 9.907296 180.350357 -57.919666
v 9.797040 180.240112 -57.766800
v 9.797040 180.240112 -59.793816
v 9.907296 180.350357 -59.640961
v 12.078096 170.442963 -57.919662
v 12.226171 170.442963 -57.766796
v 8.645187 179.088272 -57.766800
v 8.540519 178.983490 -57.919666
v 10.869470 175.624115 -57.766796
v 10.671308 175.665634 -57.919662
v 11.238752 174.295853 -57.919662
v 11.349508 174.465286 -57.766796
v 11.349508 174.465286 -59.793812
v 11.238752 174.295853 -59.640957
v 10.671308 175.665634 -59.640957
v 10.869470 175.624115 -59.793812
v 5.302077 183.243683 -57.766800
v 5.361746 183.387558 -57.919666
v 5.361746 183.387558 -59.640961
v 5.302077 183.243683 -59.793816
v -0.000100 184.454102 -57.919666
v -0.000100 184.298355 -57.766800
v -0.000100 184.298355 -59.793816
v -0.000100 184.454102 -59.640961
v 8.645187 179.088272 -59.793816
v 8.540519 178.983490 -59.640961
v -0.000100 182.521179 -59.640961
v -0.000100 182.669250 -59.793816
v 4.022207 181.792587 -57.766800
v 3.852782 181.681732 -57.919666
v 5.222554 181.114380 -57.919666
v 5.181046 181.312561 -57.766800
v 5.181046 181.312561 -59.793816
v 5.222554 181.114380 -59.640961
v 3.852782 181.681732 -59.640961
v 4.022207 181.792587 -59.793816
v -0.000100 156.431747 -59.640957
v -0.000100 156.587601 -59.793812
v 5.302077 157.642288 -57.766796
v 5.361746 157.498291 -57.919662
v 5.302077 157.642288 -59.793812
v 5.361746 157.498291 -59.640957
v 9.907296 160.535568 -57.919662
v 9.797040 160.645737 -57.766796
v 9.797040 160.645737 -59.793812
v 9.907296 160.535568 -59.640957
v -0.000100 158.364670 -57.919662
v -0.000100 158.216705 -57.766796
v -0.000100 158.216705 -59.793812
v -0.000100 158.364670 -59.640957
v 8.645187 161.797684 -57.766796
v 8.540519 161.902374 -57.919662
v 5.181046 159.573318 -57.766796
v 5.222554 159.771469 -57.919662
v 3.852782 159.204132 -57.919662
v 4.022207 159.093277 -57.766796
v 4.022207 159.093277 -59.793812
v 3.852782 159.204132 -59.640957
v 5.222554 159.771469 -59.640957
v 5.181046 159.573318 -59.793812
v 12.800501 165.140701 -57.766796
v 12.944482 165.081146 -57.919662
v 12.944482 165.081146 -59.640957
v 12.800501 165.140701 -59.793812
v 14.011024 170.442963 -57.919662
v 13.855268 170.442963 -57.766796
v 13.855268 170.442963 -59.793812
v 14.011024 170.442963 -59.640957
v 8.645187 161.797684 -59.793812
v 8.540519 161.902374 -59.640957
v 12.078096 170.442963 -59.640957
v 12.226171 170.442963 -59.793812
v 11.349508 166.420685 -57.766796
v 11.238752 166.590088 -57.919662
v 10.671308 165.220322 -57.919662
v 10.869470 165.261703 -57.766796
v 10.869470 165.261703 -59.793812
v 10.671308 165.220322 -59.640957
v 11.238752 166.590088 -59.640957
v 11.349508 166.420685 -59.793812
v -11.238953 166.590088 -59.290333
v -11.178187 166.443314 -59.449177
v -11.178187 166.443314 -58.111435
v -11.238953 166.590088 -58.270287
v -10.671606 165.220322 -58.270287
v -10.732372 165.366989 -58.111435
v -10.732372 165.366989 -59.449177
v -10.671606 165.220322 -59.290333
v -1.996785 168.812683 -59.290028
v -2.057551 168.959351 -59.448879
v -1.962561 168.730057 -59.580181
v -1.935221 168.666199 -59.449078
v -2.057551 168.959351 -58.111034
v -1.996686 168.812683 -58.269886
v -1.935221 168.666199 -58.111237
v -1.966752 168.740433 -57.972836
v -2.564729 170.183945 -58.269886
v -2.503964 170.037155 -58.111034
v -2.594564 170.256180 -57.972836
v -2.624797 170.331024 -58.111237
v -2.503964 170.037155 -59.448879
v -2.564729 170.183945 -59.290028
v -2.624797 170.331024 -59.449078
v -2.598954 170.266479 -59.580181
v -5.222753 159.771469 -59.290333
v -5.076077 159.710709 -59.449177
v -5.076077 159.710709 -58.111435
v -5.222753 159.771469 -58.270287
v -3.852981 159.204132 -58.270287
v -3.999757 159.264893 -58.111435
v -3.999757 159.264893 -59.449177
v -3.852981 159.204132 -59.290333
v -0.259127 167.878342 -59.290028
v -0.405903 167.939117 -59.448879
v -0.176610 167.844131 -59.580181
v -0.112052 167.818283 -59.449078
v -0.405903 167.939117 -58.111034
v -0.259127 167.878342 -58.269886
v -0.112052 167.818283 -58.111237
v -0.186887 167.848511 -57.972836
v -1.630395 168.446381 -58.269886
v -1.483720 168.385529 -58.111034
v -1.702636 168.476334 -57.972836
v -1.776871 168.507843 -58.111237
v -1.483720 168.385529 -59.448879
v -1.630395 168.446381 -59.290028
v -1.776871 168.507843 -59.449078
v -1.713013 168.480499 -59.580181
v -3.852981 181.681732 -59.290337
v -3.999757 181.620956 -59.449181
v -3.999757 181.620956 -58.111439
v -3.852981 181.681732 -58.270290
v -5.222753 181.114380 -58.270290
v -5.076077 181.175156 -58.111439
v -5.076077 181.175156 -59.449181
v -5.222753 181.114380 -59.290337
v -1.629996 172.438568 -59.290028
v -1.483221 172.499329 -59.448879
v -1.712713 172.404617 -59.580181
v -1.776672 172.377594 -59.449078
v -1.483221 172.499329 -58.111034
v -1.629996 172.438568 -58.269886
v -1.776672 172.377594 -58.111237
v -1.702336 172.408844 -57.972740
v -0.258728 173.006516 -58.269886
v -0.405503 172.945740 -58.111034
v -0.186587 173.036652 -57.972740
v -0.111853 173.067169 -58.111237
v -0.405503 172.945740 -59.448879
v -0.258728 173.006516 -59.290028
v -0.111853 173.067169 -59.449078
v -0.176310 173.041016 -59.580181
v -10.671606 175.665634 -59.290333
v -10.732372 175.518845 -59.449177
v -10.732372 175.518845 -58.111435
v -10.671606 175.665634 -58.270287
v -11.238953 174.295853 -58.270287
v -11.178187 174.442520 -58.111435
v -11.178187 174.442520 -59.449177
v -11.238953 174.295853 -59.290333
v -2.564630 170.701920 -59.290028
v -2.503865 170.848679 -59.448879
v -2.598855 170.619385 -59.580181
v -2.624697 170.554932 -59.449078
v -2.503865 170.848679 -58.111034
v -2.564630 170.701920 -58.269886
v -2.624697 170.554932 -58.111237
v -2.594464 170.629639 -57.972740
v -1.996686 172.073273 -58.269886
v -2.057451 171.926498 -58.111034
v -1.966652 172.145416 -57.972740
v -1.935122 172.219650 -58.111237
v -2.057451 171.926498 -59.448879
v -1.996686 172.073273 -59.290028
v -1.935122 172.219650 -59.449078
v -1.962461 172.155777 -59.580181
v 11.238752 174.295853 -59.290333
v 11.177888 174.442520 -59.449177
v 11.177888 174.442520 -58.111435
v 11.238752 174.295853 -58.270287
v 10.671308 175.665634 -58.270287
v 10.732073 175.518845 -58.111435
v 10.732073 175.518845 -59.449177
v 10.671308 175.665634 -59.290333
v 1.996486 172.073273 -59.290028
v 2.057252 171.926498 -59.448879
v 1.962262 172.155777 -59.580181
v 1.934922 172.219650 -59.449078
v 2.057252 171.926498 -58.111034
v 1.996486 172.073273 -58.269886
v 1.934922 172.219650 -58.111237
v 1.966453 172.145416 -57.972836
v 2.564530 170.701920 -58.269886
v 2.503765 170.848679 -58.111034
v 2.594364 170.629639 -57.972836
v 2.624498 170.554932 -58.111237
v 2.503765 170.848679 -59.448879
v 2.564530 170.701920 -59.290028
v 2.624498 170.554932 -59.449078
v 2.598655 170.619385 -59.580181
v 5.222554 181.114380 -59.290337
v 5.075778 181.175156 -59.449181
v 5.075778 181.175156 -58.111439
v 5.222554 181.114380 -58.270290
v 3.852782 181.681732 -58.270290
v 3.999458 181.620956 -58.111439
v 3.999458 181.620956 -59.449181
v 3.852782 181.681732 -59.290337
v 0.258828 173.007416 -59.290028
v 0.405603 172.946625 -59.448879
v 0.176310 173.041611 -59.580181
v 0.111853 173.067551 -59.449078
v 0.405603 172.946625 -58.111034
v 0.258828 173.007416 -58.269886
v 0.111853 173.067551 -58.111237
v 0.186587 173.037231 -57.972740
v 1.630096 172.439468 -58.269886
v 1.483420 172.500244 -58.111034
v 1.702336 172.409409 -57.972740
v 1.776572 172.377899 -58.111237
v 1.483420 172.500244 -59.448879
v 1.630096 172.439468 -59.290028
v 1.776572 172.377899 -59.449078
v 1.712713 172.405243 -59.580181
v 3.852782 159.204132 -59.290333
v 3.999458 159.264893 -59.449177
v -8.540718 178.983490 -59.545067
v -12.078396 170.442963 -59.545063
v 3.999458 159.264893 -58.111435
v 3.852782 159.204132 -58.270287
v -8.540718 161.902374 -59.545063
v -0.000100 158.364670 -59.545063
v 5.222554 159.771469 -58.270287
v 5.075778 159.710709 -58.111435
v 12.078096 170.442963 -59.545063
v 5.075778 159.710709 -59.449177
v 5.222554 159.771469 -59.290333
v 8.540519 178.983490 -59.545067
v -0.000100 182.521179 -59.545067
v 1.632092 168.450882 -59.290028
v 1.485316 168.390106 -59.448879
v 1.714410 168.483810 -59.580685
v 1.779266 168.510651 -59.449078
v 1.485316 168.390106 -58.111034
v 1.632092 168.450882 -58.269886
v 1.779266 168.510651 -58.111237
v 1.703933 168.479721 -57.972340
v 0.260823 167.882935 -58.269886
v 0.407499 167.943710 -58.111034
v 0.188184 167.851913 -57.973240
v 0.114447 167.821075 -58.111237
v 0.407499 167.943710 -59.448879
v 0.260823 167.882935 -59.290028
v 0.114447 167.821075 -59.449078
v 0.177907 167.847412 -59.579693
v 10.671308 165.220322 -59.290333
v 10.732073 165.366989 -59.449177
v 10.732073 165.366989 -58.111435
v 10.671308 165.220322 -58.270287
v 11.238752 166.590088 -58.270287
v 11.177888 166.443314 -58.111435
v 11.177888 166.443314 -59.449177
v 11.238752 166.590088 -59.290333
v 2.564430 170.183945 -59.290028
v 2.503664 170.037155 -59.448879
v 2.598655 170.266479 -59.580181
v 2.624498 170.331024 -59.449078
v 2.503664 170.037155 -58.111034
v 2.564430 170.183945 -58.269886
v 2.624498 170.331024 -58.111237
v 2.594265 170.256180 -57.972836
v 1.996486 168.812683 -58.269886
v 2.057252 168.959351 -58.111034
v 1.966453 168.740433 -57.972836
v 1.934922 168.666199 -58.111237
v 2.057252 168.959351 -59.448879
v 1.996486 168.812683 -59.290028
v 1.934922 168.666199 -59.449078
v 1.962262 168.730057 -59.580181
v -2.494884 170.442963 -56.049694
v -2.669498 170.442963 -56.210835
v -1.887627 168.555450 -56.210835
v -1.764200 168.678879 -56.049694
v -0.000100 167.773575 -56.210835
v -0.000100 167.948196 -56.049694
v -0.000100 172.937637 -56.049694
v -0.000100 173.112274 -56.210835
v -1.887627 172.330399 -56.210835
v -1.764200 172.206985 -56.049694
v 2.494585 170.442963 -56.049694
v 2.669199 170.442963 -56.210835
v 1.887427 172.330399 -56.210835
v 1.763900 172.206985 -56.049694
v 1.887427 168.555450 -56.210835
v 1.763900 168.678879 -56.049694
v 8.540519 161.902374 -59.545063
v 8.540519 161.902374 -58.015549
v -0.000100 158.364670 -58.015549
v -8.540718 161.902374 -58.015549
v -12.078396 170.442963 -58.015549
v -8.540718 178.983490 -58.015553
v -0.000100 182.521179 -58.015553
v 8.540519 178.983490 -58.015553
v 12.078096 170.442963 -58.015549
v -49.029408 203.683685 -18.894941
v -49.029408 203.683685 18.894911
v -54.102985 199.008423 18.894810
v -54.102985 199.008423 -18.894941
v -49.097450 197.646729 -18.895142
v -49.097450 197.646729 18.895010
v 49.236046 203.683685 18.895010
v 49.236046 203.683685 -18.895142
v 54.309528 199.008423 -18.895041
v 54.309528 199.008423 18.894911
v 49.303993 197.646729 18.895111
v 49.303993 197.646729 -18.895241
v -49.783836 203.258728 -59.550259
v -50.213589 203.212708 -59.961449
v -50.195621 203.675598 -59.550056
v -49.783836 198.058319 -59.550259
v -50.195728 197.646637 -59.549961
v -50.213589 198.058319 -59.961449
v -55.487720 197.646637 -59.549961
v -55.899715 198.058441 -59.550056
v -55.506283 198.058319 -59.961449
v -50.849579 203.218811 -59.961449
v -50.826126 203.683685 -59.550056
v -55.899715 199.008423 -59.549961
v -55.506283 198.923813 -59.961449
v -50.907646 198.058319 -59.961449
v -50.894081 197.646637 -59.549961
v 49.738033 203.258728 -59.550152
v 50.149719 203.675598 -59.549961
v 50.165295 203.212708 -59.961449
v 49.738033 198.058319 -59.550152
v 50.165295 198.058319 -59.961449
v 50.149929 197.646637 -59.549858
v 55.442024 197.646637 -59.549858
v 55.457890 198.058319 -59.961449
v 55.853909 198.058441 -59.550056
v 50.780331 203.683685 -59.550056
v 50.801189 203.218811 -59.961449
v 55.457890 198.923813 -59.961449
v 55.853909 199.008423 -59.550056
v 50.848282 197.646637 -59.549858
v 50.859356 198.058319 -59.961449
v -49.783836 203.258728 59.550121
v -50.195621 203.675598 59.549931
v -50.213589 203.212708 59.961315
v -49.783836 198.058319 59.550121
v -50.213589 198.058319 59.961418
v -50.195728 197.646729 59.549828
v -55.487720 197.646729 59.549828
v -55.506283 198.058319 59.961418
v -55.899715 198.058441 59.550026
v -50.826126 203.683685 59.549931
v -50.849579 203.218811 59.961315
v -55.506283 198.923813 59.961418
v -55.899715 199.008423 59.550026
v -50.894081 197.646729 59.549828
v -50.907646 198.058319 59.961418
v 49.738033 203.258728 59.550026
v 50.165295 203.212708 59.961315
v 50.149822 203.675598 59.549828
v 49.738033 198.058319 59.550026
v 50.149929 197.646729 59.549828
v 50.165295 198.058319 59.961418
v 55.442024 197.646729 59.549828
v 55.853909 198.058441 59.549931
v 55.457890 198.058319 59.961418
v 50.801189 203.218811 59.961315
v 50.780331 203.683685 59.549828
v 55.853909 199.008423 59.549828
v 55.457890 198.923813 59.961418
v 50.859356 198.058319 59.961418
v 50.848282 197.646729 59.549828
v -48.398895 203.675598 18.894911
v -47.987209 203.258728 18.894911
v -47.987209 203.258728 -18.894941
v -48.398998 203.675598 -18.894941
v -47.987209 198.058319 18.894911
v -48.399097 197.646729 18.894911
v -48.399097 197.646729 -18.895041
v -47.987209 198.058319 -18.895041
v -53.691093 197.646729 18.894911
v -54.102985 198.058441 18.894911
v -54.102985 198.058441 -18.894941
v -53.691093 197.646729 -18.894941
v 48.605442 203.675598 -18.895142
v 48.193748 203.258728 -18.895142
v 48.193748 203.258728 18.895010
v 48.605442 203.675598 18.895010
v 48.193748 198.058319 -18.895142
v 48.605537 197.646729 -18.895142
v 48.605537 197.646729 18.895111
v 48.193748 198.058319 18.895010
v 53.897739 197.646729 -18.895142
v 54.309528 198.058441 -18.895041
v 54.309528 198.058319 18.895010
v 53.897739 197.646729 18.895010
v -3.485394 259.211670 -73.843269
v -2.763391 258.876556 -74.565269
v -2.915454 258.045807 -73.843765
v -3.485394 264.737701 -73.843269
v -3.003759 265.998322 -73.843567
v -2.763391 265.218445 -74.565269
v 3.485494 259.211670 -73.843269
v 2.915454 258.045807 -73.843765
v 2.763490 258.876556 -74.565269
v 3.003759 265.998322 -73.843567
v 3.485494 264.737701 -73.843269
v 2.763490 265.218445 -74.565269
v -0.569940 256.220856 -73.843765
v -0.722004 257.288177 -74.565269
v 0.722004 257.288177 -74.565269
v 0.569940 256.220856 -73.843765
v 0.481735 268.815765 -73.843567
v 0.722004 267.498993 -74.565269
v -0.722004 267.498993 -74.565269
v -0.481735 268.815765 -73.843567
v -3.485394 259.211670 73.843124
v -2.915454 258.045898 73.843613
v -2.763391 258.876556 74.565125
v -3.485394 264.737701 73.843124
v -2.763391 265.218567 74.565125
v -3.003759 265.998322 73.843521
v 3.485494 259.211670 73.843124
v 2.763490 258.876556 74.565125
v 2.915454 258.045898 73.843613
v 3.003759 265.998322 73.843521
v 2.763490 265.218567 74.565125
v 3.485494 264.737701 73.843124
v -0.569940 256.220947 73.843613
v 0.569940 256.220947 73.843613
v 0.722004 257.288300 74.565125
v -0.722004 257.288300 74.565125
v 0.481735 268.815765 73.843521
v -0.481735 268.815765 73.843521
v -0.722004 267.499115 74.565125
v 0.722004 267.499115 74.565125
v -3.485394 257.748962 -43.009533
v -2.915454 256.583008 -43.009533
v -2.915454 256.583008 43.009392
v -3.485394 257.748962 43.009392
v -3.485394 256.963196 -14.336523
v -2.915454 255.797272 -14.336523
v -3.485394 256.963196 14.336385
v -2.915454 255.797272 14.336385
v -3.485394 263.274872 43.009392
v -3.003759 264.535461 43.009392
v -3.003759 264.535461 -43.009533
v -3.485394 263.274872 -43.009533
v -3.003759 263.749786 14.336384
v -3.485394 262.489197 14.336384
v -3.003759 263.749786 -14.336524
v -3.485394 262.489197 -14.336524
v 3.485494 257.748962 43.009392
v 2.915454 256.583008 43.009392
v 2.915454 256.583008 -43.009533
v 3.485494 257.748962 -43.009533
v 2.915454 255.797272 14.336385
v 3.485494 256.963196 14.336385
v 2.915454 255.797272 -14.336523
v 3.485494 256.963196 -14.336523
v 3.485494 263.274872 -43.009533
v 3.003759 264.535461 -43.009533
v 3.003759 264.535461 43.009392
v 3.485494 263.274872 43.009392
v 3.485494 262.489197 -14.336524
v 3.003759 263.749786 -14.336524
v 3.485494 262.489197 14.336384
v 3.003759 263.749786 14.336384
v 0.569940 254.758041 43.009392
v -0.569940 254.758041 43.009392
v -0.569940 254.758041 -43.009533
v 0.569940 254.758041 -43.009533
v 0.569940 253.972290 14.336385
v -0.569940 253.972290 14.336385
v 0.569940 253.972290 -14.336523
v -0.569940 253.972290 -14.336523
v -0.481735 267.352936 43.009392
v 0.481735 267.352936 43.009392
v 0.481735 267.352936 -43.009533
v -0.481735 267.352936 -43.009533
v -0.481735 266.567261 14.336384
v 0.481735 266.567261 14.336384
v -0.481735 266.567261 -14.336524
v 0.481735 266.567261 -14.336524
v -1.720696 253.480286 -48.179897
v -1.720696 253.735229 -51.675770
v -1.720696 178.218292 -51.675766
v -1.720696 178.218292 -48.179893
v -3.484197 164.428467 -51.675762
v -3.484197 164.428467 -48.179890
v -5.138539 173.123138 -51.675762
v -4.690829 167.858398 -48.179890
v -5.138539 173.123138 -48.179890
v -4.690829 167.858398 -51.675762
v -6.809246 171.831314 -51.675762
v -6.809246 171.831314 -48.179890
v -5.723147 169.177277 -48.179890
v -5.723147 169.177277 -51.675762
v -5.901253 170.052246 -51.675762
v -5.901253 170.052246 -48.179890
v 0.000000 255.334305 -51.675770
v 0.000000 255.079346 -48.179897
v 1.720696 253.480286 -48.179897
v 1.720696 253.735229 -51.675770
v 0.000000 181.668762 -48.179893
v 0.000000 181.668762 -51.675766
v 1.720696 178.218292 -51.675766
v 1.720696 178.218292 -48.179893
v 3.484197 164.428467 -51.675762
v 3.484197 164.428467 -48.179890
v 5.138539 173.123138 -51.675762
v 4.690929 167.858398 -48.179890
v 5.138539 173.123138 -48.179890
v 4.690929 167.858398 -51.675762
v 6.810044 171.831314 -51.675762
v 6.810044 171.831314 -48.179890
v 5.723247 169.177277 -48.179890
v 5.723247 169.177277 -51.675762
v 5.901253 170.052246 -51.675762
v 5.901253 170.052246 -48.179890
v -1.720696 253.544540 48.179764
v -1.720696 253.804092 51.675629
v -1.720696 178.218292 51.675632
v -1.720696 178.218292 48.179863
v -3.484197 164.428467 51.675636
v -3.484197 164.428467 48.179867
v -5.138539 173.123138 51.675636
v -4.690829 167.858398 48.179867
v -5.138539 173.123138 48.179867
v -4.690829 167.858398 51.675636
v -6.809246 171.831314 51.675636
v -6.809246 171.831314 48.179867
v -5.723147 169.177368 48.179867
v -5.723147 169.177368 51.675636
v -5.901253 170.052246 51.675636
v -5.901253 170.052246 48.179867
v 0.000000 255.403229 51.675629
v 0.000000 255.143616 48.179764
v 1.720696 253.544540 48.179764
v 1.720696 253.804092 51.675629
v 0.000000 181.668869 48.179863
v 0.000000 181.668869 51.675632
v 1.720696 178.218292 51.675632
v 1.720696 178.218292 48.179863
v 3.484197 164.428467 51.675636
v 3.484197 164.428467 48.179867
v 5.138539 173.123138 51.675636
v 4.690929 167.858398 48.179867
v 5.138539 173.123138 48.179867
v 4.690929 167.858398 51.675636
v 6.810044 171.831314 51.675636
v 6.810044 171.831314 48.179867
v 5.723247 169.177368 48.179867
v 5.723247 169.177368 51.675636
v 5.901253 170.052246 51.675636
v 5.901253 170.052246 48.179867
v 0.000000 164.464996 -52.374218
v -1.717004 164.464996 -52.374218
v -4.704200 171.336990 -52.374218
v -4.533577 169.725372 -52.374218
v -5.261567 170.536865 -52.374218
v 1.717004 164.464996 -52.374218
v 4.704200 171.336990 -52.374218
v 4.533577 169.725372 -52.374218
v 5.261567 170.536865 -52.374218
v 0.000000 164.464996 52.374100
v -1.717004 164.464996 52.374100
v -4.704200 171.336990 52.374100
v -4.533577 169.725464 52.374100
v -5.261567 170.536865 52.374100
v 1.717004 164.464996 52.374100
v 4.704200 171.336990 52.374100
v 4.533577 169.725464 52.374100
v 5.261567 170.536865 52.374100
v 0.000000 164.464996 -47.519947
v -1.717004 164.464996 -47.519947
v -4.533577 169.725372 -47.519947
v -4.704200 171.336990 -47.519947
v -5.261567 170.536865 -47.519947
v 1.717004 164.464996 -47.519947
v 4.533577 169.725372 -47.519947
v 4.704200 171.336990 -47.519947
v 5.261567 170.536865 -47.519947
v 0.000000 164.464996 47.519829
v -1.717004 164.464996 47.519829
v -4.533577 169.725464 47.519829
v -4.704200 171.336990 47.519829
v -5.261567 170.536865 47.519829
v 1.717004 164.464996 47.519829
v 4.533577 169.725464 47.519829
v 4.704200 171.336990 47.519829
v 5.261567 170.536865 47.519829
v -3.484197 251.909851 -48.458584
v -3.205513 252.140945 -48.179897
v -3.205513 252.395889 -51.675770
v -3.484197 252.124161 -51.397087
v -3.205513 175.862793 -48.179890
v -3.484197 175.420670 -48.458576
v -3.484197 175.420670 -51.397079
v -3.205513 175.862793 -51.675762
v 3.205513 252.140945 -48.179897
v 3.484197 251.909851 -48.458584
v 3.484197 252.124161 -51.397087
v 3.205513 252.395889 -51.675770
v 3.484197 175.420670 -48.458576
v 3.205513 175.862793 -48.179890
v 3.205513 175.862793 -51.675762
v 3.484197 175.420670 -51.397079
v -3.205513 252.205200 48.179764
v -3.484197 251.974518 48.458447
v -3.484197 252.192734 51.396954
v -3.205513 252.464752 51.675629
v -3.484197 175.420776 48.458454
v -3.205513 175.862793 48.179867
v -3.205513 175.862793 51.675636
v -3.484197 175.420776 51.396961
v 3.484197 251.974518 48.458447
v 3.205513 252.205200 48.179764
v 3.205513 252.464752 51.675629
v 3.484197 252.192734 51.396954
v 3.205513 175.862793 48.179867
v 3.484197 175.420776 48.458454
v 3.484197 175.420776 51.396961
v 3.205513 175.862793 51.675636
v -3.170990 175.917572 51.675636
v -3.211500 175.853210 51.686119
v -3.205513 164.434158 -52.374218
v -3.484197 164.428467 -52.095531
v 3.484197 164.428467 -52.095531
v 3.205513 164.434158 -52.374218
v -3.484197 164.428467 52.095413
v -3.205513 164.434158 52.374100
v 3.205513 164.434158 52.374100
v 3.484197 164.428467 52.095413
v -3.484197 164.428467 -47.798534
v -3.205513 164.434158 -47.519947
v 3.205513 164.434158 -47.519947
v 3.484197 164.428467 -47.798534
v -3.205513 164.434158 47.519829
v -3.484197 164.428467 47.798512
v 3.484197 164.428467 47.798512
v 3.205513 164.434158 47.519829
v -3.441292 175.128616 -52.374218
v -3.484197 175.420670 -52.160992
v -3.067917 172.585251 -52.160992
v -3.120501 172.943359 -52.374218
v 0.000000 181.668762 -52.160995
v 0.000000 181.302368 -52.374222
v 0.000000 179.462128 -52.374222
v 0.000000 178.995178 -52.160995
v -1.720696 175.243454 -52.160992
v -1.720696 175.708633 -52.374218
v -1.717004 167.146057 -52.374218
v -1.717004 167.454987 -52.160992
v 0.000000 167.000381 -52.160992
v 0.000000 166.694870 -52.374218
v -1.720696 178.218292 -52.160995
v -1.720696 177.854782 -52.374222
v -3.037884 168.430344 -52.374218
v -3.005455 168.720581 -52.160992
v -4.690829 167.858398 -52.160992
v -4.664587 168.170685 -52.374218
v -5.075279 172.863037 -52.374218
v -5.138539 173.123138 -52.160992
v -6.502424 171.762543 -52.374218
v -6.809246 171.831314 -52.160992
v -5.515007 169.257309 -52.374218
v -5.723147 169.177277 -52.160992
v -5.901253 170.052246 -52.160992
v -5.706583 170.199722 -52.374218
v -3.659909 171.492172 -52.374218
v -3.466336 171.520996 -52.160992
v -3.572502 170.526093 -52.160992
v -3.757193 170.527298 -52.374218
v -3.315071 169.459152 -52.160992
v -3.500661 169.499664 -52.374218
v 3.484197 175.420670 -52.160992
v 3.440294 175.121933 -52.374218
v 3.120501 172.943359 -52.374218
v 3.067917 172.585251 -52.160992
v 1.720696 175.708633 -52.374218
v 1.720696 175.243454 -52.160992
v 1.717004 167.454987 -52.160992
v 1.717004 167.146057 -52.374218
v 1.720696 177.850204 -52.374222
v 1.720696 178.218292 -52.160995
v 3.005555 168.720581 -52.160992
v 3.037884 168.430344 -52.374218
v 4.664587 168.170593 -52.374218
v 4.690929 167.858398 -52.160992
v 5.138539 173.123138 -52.160992
v 5.073184 172.854340 -52.374218
v 6.514597 171.740509 -52.374218
v 6.810044 171.831314 -52.160992
v 5.537258 169.285721 -52.374218
v 5.723247 169.177277 -52.160992
v 5.721351 170.188538 -52.374218
v 5.901253 170.052246 -52.160992
v 3.466336 171.520996 -52.160992
v 3.659909 171.492172 -52.374218
v 3.757293 170.527298 -52.374218
v 3.572502 170.526093 -52.160992
v 3.500661 169.499664 -52.374218
v 3.315071 169.459152 -52.160992
v -3.484197 175.420776 52.160866
v -3.441691 175.131119 52.374100
v -3.120501 172.943359 52.374100
v -3.067917 172.585251 52.160866
v 0.000000 181.308746 52.374096
v 0.000000 181.668869 52.160862
v 0.000000 178.995178 52.160862
v 0.000000 179.462128 52.374096
v -1.720696 175.708633 52.374100
v -1.720696 175.243454 52.160866
v -1.717004 167.455093 52.160866
v -1.717004 167.146057 52.374100
v 0.000000 166.694870 52.374100
v 0.000000 167.000488 52.160866
v -1.720696 177.859177 52.374096
v -1.720696 178.218292 52.160862
v -3.005455 168.720688 52.160866
v -3.037884 168.430435 52.374100
v -4.664587 168.170685 52.374100
v -4.690829 167.858398 52.160866
v -5.138539 173.123138 52.160866
v -5.075678 172.864716 52.374100
v -6.504121 171.762955 52.374100
v -6.809246 171.831314 52.160866
v -5.517303 169.260300 52.374100
v -5.723147 169.177368 52.160866
v -5.707781 170.198792 52.374100
v -5.901253 170.052246 52.160866
v -3.466336 171.520996 52.160866
v -3.659909 171.492249 52.374100
v -3.757193 170.527298 52.374100
v -3.572502 170.526093 52.160866
v -3.500661 169.499664 52.374100
v -3.315071 169.459152 52.160866
v 3.441691 175.131226 52.374100
v 3.484197 175.420776 52.160866
v 3.067917 172.585251 52.160866
v 3.120501 172.943359 52.374100
v 1.720696 175.243454 52.160866
v 1.720696 175.708633 52.374100
v 1.717004 167.146057 52.374100
v 1.717004 167.455093 52.160866
v 1.720696 178.218292 52.160862
v 1.720696 177.859177 52.374096
v 3.037884 168.430435 52.374100
v 3.005555 168.720688 52.160866
v 4.690929 167.858398 52.160866
v 4.664587 168.170685 52.374100
v 5.075778 172.864822 52.374100
v 5.138539 173.123138 52.160866
v 6.504919 171.762955 52.374100
v 6.810044 171.831314 52.160866
v 5.516703 169.259293 52.374100
v 5.723247 169.177368 52.160866
v 5.901253 170.052246 52.160866
v 5.707582 170.199005 52.374100
v 3.659909 171.492249 52.374100
v 3.466336 171.520996 52.160866
v 3.572502 170.526093 52.160866
v 3.757293 170.527298 52.374100
v 3.315071 169.459152 52.160866
v 3.500661 169.499664 52.374100
v 0.000000 181.308746 -47.519951
v 0.000000 181.668762 -47.733086
v 0.000000 178.995178 -47.733086
v 0.000000 179.462128 -47.519951
v -1.720696 175.243454 -47.733082
v -1.720696 175.708633 -47.519947
v -3.120501 172.943359 -47.519947
v -3.067917 172.585251 -47.733082
v -3.005455 168.720581 -47.733082
v -3.037884 168.430344 -47.519947
v -1.717004 167.146057 -47.519947
v -1.717004 167.454987 -47.733082
v -1.720696 178.218292 -47.733086
v -1.720696 177.859085 -47.519951
v 0.000000 166.694870 -47.519947
v 0.000000 167.000381 -47.733082
v -3.484197 175.420670 -47.733082
v -3.441691 175.131119 -47.519947
v -5.138539 173.123138 -47.733082
v -5.075678 172.864716 -47.519947
v -4.664587 168.170685 -47.519947
v -4.690829 167.858398 -47.733082
v -6.504121 171.762955 -47.519947
v -6.809246 171.831314 -47.733082
v -5.517303 169.260208 -47.519947
v -5.723147 169.177277 -47.733082
v -5.901253 170.052246 -47.733082
v -5.707781 170.198792 -47.519947
v -3.500661 169.499664 -47.519947
v -3.315071 169.459152 -47.733082
v -3.572502 170.526093 -47.733082
v -3.757193 170.527298 -47.519947
v -3.466336 171.520996 -47.733082
v -3.659909 171.492172 -47.519947
v 1.720696 175.708633 -47.519947
v 1.720696 175.243454 -47.733082
v 3.067917 172.585251 -47.733082
v 3.120501 172.943359 -47.519947
v 3.037884 168.430344 -47.519947
v 3.005555 168.720581 -47.733082
v 1.717004 167.454987 -47.733082
v 1.717004 167.146057 -47.519947
v 1.720696 177.859177 -47.519951
v 1.720696 178.218292 -47.733086
v 3.441691 175.131119 -47.519947
v 3.484197 175.420670 -47.733082
v 5.075778 172.864822 -47.519947
v 5.138539 173.123138 -47.733082
v 4.690929 167.858398 -47.733082
v 4.664587 168.170593 -47.519947
v 6.504919 171.762955 -47.519947
v 6.810044 171.831314 -47.733082
v 5.516703 169.259293 -47.519947
v 5.723247 169.177277 -47.733082
v 5.707582 170.198898 -47.519947
v 5.901253 170.052246 -47.733082
v 3.315071 169.459152 -47.733082
v 3.500661 169.499664 -47.519947
v 3.757293 170.527298 -47.519947
v 3.572502 170.526093 -47.733082
v 3.659909 171.492172 -47.519947
v 3.466336 171.520996 -47.733082
v 0.000000 181.668869 47.733055
v 0.000000 181.302475 47.519825
v 0.000000 179.462128 47.519825
v 0.000000 178.995178 47.733055
v -1.720696 175.708633 47.519829
v -1.720696 175.243454 47.733059
v -3.067917 172.585251 47.733059
v -3.120501 172.943359 47.519829
v -3.037884 168.430435 47.519829
v -3.005455 168.720688 47.733059
v -1.717004 167.455093 47.733059
v -1.717004 167.146057 47.519829
v -1.720696 177.854889 47.519825
v -1.720696 178.218292 47.733055
v 0.000000 167.000488 47.733059
v 0.000000 166.694870 47.519829
v -3.441292 175.128616 47.519829
v -3.484197 175.420776 47.733059
v -5.075279 172.863129 47.519829
v -5.138539 173.123138 47.733059
v -4.690829 167.858398 47.733059
v -4.664587 168.170685 47.519829
v -6.502424 171.762543 47.519829
v -6.809246 171.831314 47.733059
v -5.515007 169.257401 47.519829
v -5.723147 169.177368 47.733059
v -5.706583 170.199722 47.519829
v -5.901253 170.052246 47.733059
v -3.315071 169.459152 47.733059
v -3.500661 169.499664 47.519829
v -3.757193 170.527298 47.519829
v -3.572502 170.526093 47.733059
v -3.659909 171.492249 47.519829
v -3.466336 171.520996 47.733059
v 1.720696 175.243454 47.733059
v 1.720696 175.708633 47.519829
v 3.120501 172.943359 47.519829
v 3.067917 172.585251 47.733059
v 3.005555 168.720688 47.733059
v 3.037884 168.430435 47.519829
v 1.717004 167.146057 47.519829
v 1.717004 167.455093 47.733059
v 1.720696 178.218292 47.733055
v 1.720696 177.850204 47.519825
v 3.484197 175.420776 47.733059
v 3.440294 175.121933 47.519829
v 5.138539 173.123138 47.733059
v 5.073184 172.854340 47.519829
v 4.664587 168.170685 47.519829
v 4.690929 167.858398 47.733059
v 6.514597 171.740509 47.519829
v 6.810044 171.831314 47.733059
v 5.537258 169.285721 47.519829
v 5.723247 169.177368 47.733059
v 5.901253 170.052246 47.733059
v 5.721351 170.188538 47.519829
v 3.500661 169.499664 47.519829
v 3.315071 169.459152 47.733059
v 3.572502 170.526093 47.733059
v 3.757293 170.527298 47.519829
v 3.466336 171.520996 47.733059
v 3.659909 171.492249 47.519829
v -3.205513 131.315781 51.664661
v -3.205513 131.315781 48.229263
v -1.717004 131.315781 51.664661
v -1.717004 131.315781 48.229263
v 0.000000 131.315781 51.664661
v 0.000000 131.315781 48.229263
v 1.717004 131.315781 51.664661
v 1.717004 131.315781 48.229263
v 3.205513 131.315781 51.664661
v 3.205513 131.315781 48.229263
v 1.717004 131.315781 -51.669971
v 1.717004 131.315781 -48.224094
v 3.205513 131.315781 -51.669971
v 3.205513 131.315781 -48.224094
v 0.000000 131.315781 -51.669971
v 0.000000 131.315781 -48.224094
v -1.717004 131.315781 -51.669971
v -1.717004 131.315781 -48.224094
v -3.205513 131.315781 -51.669971
v -3.205513 131.315781 -48.224094
v -3.302499 131.315781 -48.208729
v -3.484197 131.529617 -48.179890
v -3.484197 131.529617 -51.675762
v -3.301900 131.315781 -51.671974
v 3.484197 131.529617 -48.179890
v 3.299206 131.315781 -48.209229
v 3.304794 131.315781 -51.671974
v 3.484197 131.529617 -51.675762
v -3.484197 131.529617 48.179867
v -3.299206 131.315781 48.212597
v -3.304794 131.315781 51.668560
v -3.484197 131.529617 51.675636
v 3.302499 131.315781 48.212101
v 3.484197 131.529617 48.179867
v 3.484197 131.529617 51.675636
v 3.301900 131.315781 51.668453
v -1.717004 131.315781 -52.124470
v -1.717004 131.529617 -52.374218
v 0.000000 131.529617 -52.374218
v 0.000000 131.315781 -52.124969
v 1.717004 131.529617 -52.374218
v 1.717004 131.315781 -52.124672
v -1.717004 131.529617 52.374100
v -1.717004 131.315781 52.124649
v 0.000000 131.315781 52.124840
v 0.000000 131.529617 52.374100
v 1.717004 131.315781 52.124352
v 1.717004 131.529617 52.374100
v -1.717004 131.529617 -47.519947
v -1.717004 131.315781 -47.759422
v 0.000000 131.315781 -47.757229
v 0.000000 131.529617 -47.519947
v 1.717004 131.315781 -47.756824
v 1.717004 131.529617 -47.519947
v -1.717004 131.315781 47.756802
v -1.717004 131.529617 47.519829
v 0.000000 131.529617 47.519829
v 0.000000 131.315781 47.757103
v 1.717004 131.529617 47.519829
v 1.717004 131.315781 47.759296
v -3.303696 131.315781 -52.020805
v -3.484197 131.529617 -52.095531
v -3.205513 131.529617 -52.374218
v -3.205513 131.315781 -52.123074
v 3.205513 131.315781 -52.123878
v 3.205513 131.529617 -52.374218
v 3.305892 131.315781 -52.021599
v 3.484197 131.529617 -52.095531
v -3.205513 131.315781 52.123856
v -3.205513 131.529617 52.374100
v -3.305791 131.315781 52.021576
v -3.484197 131.529617 52.095413
v 3.303796 131.315781 52.020676
v 3.484197 131.529617 52.095413
v 3.205513 131.529617 52.374100
v 3.205513 131.315781 52.122955
v -3.205513 131.315781 -47.763714
v -3.205513 131.529617 -47.519947
v -3.305791 131.315781 -47.872467
v -3.484197 131.529617 -47.798534
v 3.293120 131.315781 -47.848427
v 3.484197 131.529617 -47.798534
v 3.205513 131.529617 -47.519947
v 3.205513 131.315781 -47.758427
v -3.293120 131.315781 47.848404
v -3.484197 131.529617 47.798512
v -3.205513 131.529617 47.519829
v -3.205513 131.315781 47.758301
v 3.205513 131.315781 47.763588
v 3.205513 131.529617 47.519829
v 3.305791 131.315781 47.872444
v 3.484197 131.529617 47.798512
vn -0.0000 -0.0000 1.0000
vn 0.3686 -0.2128 0.9049
vn 0.4257 -0.0000 0.9049
vn -0.9293 -0.0000 -0.3693
vn -0.9293 -0.0000 0.3693
vn -0.8048 0.4647 0.3693
vn -0.8048 0.4647 -0.3693
vn -0.0000 -0.0000 -1.0000
vn 0.2128 0.3687 -0.9049
vn 0.3687 0.2129 -0.9049
vn 0.8048 -0.4647 -0.3693
vn 0.8048 -0.4647 0.3693
vn 0.4646 -0.8048 0.3693
vn 0.4647 -0.8048 -0.3693
vn -0.4647 0.8048 0.3693
vn -0.4647 0.8048 -0.3693
vn -0.0000 0.4257 -0.9049
vn -0.0000 0.9293 0.3693
vn -0.0000 0.9293 -0.3693
vn -0.2129 0.3687 -0.9049
vn -0.0000 -0.9293 -0.3693
vn -0.0000 -0.9293 0.3693
vn -0.4647 -0.8048 0.3693
vn -0.4647 -0.8048 -0.3693
vn 0.4647 0.8048 0.3693
vn 0.4647 0.8048 -0.3693
vn -0.3687 0.2129 -0.9049
vn -0.2129 -0.3688 0.9048
vn -0.0000 -0.4258 0.9048
vn -0.0000 -1.0000 -0.0000
vn -0.5000 -0.8660 -0.0000
vn -0.8660 -0.5000 -0.0000
vn -1.0000 -0.0000 -0.0000
vn -0.8660 0.5000 -0.0000
vn -0.5000 0.8660 -0.0000
vn -0.0000 1.0000 -0.0000
vn 0.5000 0.8660 -0.0000
vn 0.8660 0.5000 -0.0000
vn 1.0000 -0.0000 -0.0000
vn 0.8660 -0.5000 -0.0000
vn 0.5000 -0.8660 -0.0000
vn 0.2128 -0.3687 -0.9049
vn -0.0000 -0.4257 -0.9049
vn 0.2128 -0.3686 0.9049
vn 0.3687 0.2129 0.9049
vn 0.2128 0.3687 0.9049
vn -0.0000 0.4257 0.9049
vn -0.2129 0.3687 0.9049
vn -0.3687 0.2129 0.9049
vn -0.4257 -0.0000 0.9049
vn -0.3687 -0.2128 0.9049
vn -0.2129 -0.3687 0.9049
vn -0.2129 -0.3687 -0.9049
vn -0.3687 -0.2128 -0.9049
vn -0.0000 -0.4257 0.9049
vn 0.4257 -0.0000 -0.9049
vn -0.8048 -0.4647 -0.3693
vn -0.8048 -0.4647 0.3693
vn 0.9293 -0.0000 -0.3693
vn 0.9293 -0.0000 0.3693
vn 0.3686 -0.2128 -0.9049
vn -0.4257 -0.0000 -0.9049
vn 0.8048 0.4647 -0.3693
vn 0.8048 0.4647 0.3693
vn -0.1022 -0.1770 0.9789
vn -0.0000 -0.2043 0.9789
vn -0.1770 -0.1022 0.9789
vn -0.2043 -0.0000 0.9789
vn -0.1769 0.1022 0.9789
vn -0.1022 0.1770 0.9789
vn -0.0000 0.2043 0.9789
vn 0.1022 0.1770 0.9789
vn 0.1770 0.1022 0.9789
vn 0.2043 -0.0000 0.9789
vn 0.1770 -0.1022 0.9789
vn 0.1022 -0.1770 0.9789
vn 0.4258 -0.0000 -0.9048
vn 0.3687 -0.2129 -0.9048
vn -0.9294 -0.0000 0.3692
vn -0.8048 0.4647 0.3692
vn -0.8048 0.4647 -0.3692
vn -0.9294 -0.0000 -0.3692
vn 0.3687 0.2129 0.9048
vn 0.2129 0.3687 0.9048
vn 0.8048 -0.4647 0.3692
vn 0.4647 -0.8048 0.3692
vn 0.4647 -0.8048 -0.3692
vn 0.8048 -0.4647 -0.3692
vn -0.4647 0.8048 0.3692
vn -0.4647 0.8048 -0.3692
vn -0.0000 0.9293 0.3692
vn -0.0000 0.9293 -0.3692
vn -0.2129 0.3687 0.9048
vn -0.0000 -0.4258 -0.9048
vn -0.2129 -0.3688 -0.9048
vn 0.4647 0.8048 0.3692
vn 0.4647 0.8048 -0.3692
vn -0.3688 0.2129 0.9048
vn 0.4647 -0.8048 0.3693
vn 0.1850 -0.3204 0.9290
vn -0.0000 -0.3700 0.9290
vn -0.0000 -0.6940 0.7200
vn 0.3470 -0.6010 0.7199
vn -0.1850 -0.3204 0.9290
vn -0.3204 -0.1850 0.9290
vn -0.6011 -0.3470 0.7199
vn -0.3470 -0.6011 0.7199
vn -0.3700 -0.0000 0.9290
vn -0.6941 -0.0000 0.7199
vn -0.3204 0.1850 0.9290
vn -0.6011 0.3470 0.7199
vn -0.1850 0.3204 0.9290
vn -0.3471 0.6011 0.7199
vn -0.0000 0.3700 0.9290
vn -0.0000 0.6941 0.7199
vn 0.1850 0.3204 0.9290
vn 0.3471 0.6011 0.7199
vn 0.3204 0.1850 0.9290
vn 0.6011 0.3470 0.7199
vn 0.3700 -0.0000 0.9290
vn 0.6941 -0.0000 0.7199
vn 0.3204 -0.1850 0.9290
vn 0.6011 -0.3470 0.7199
vn -0.4820 -0.8348 0.2662
vn -0.8348 -0.4820 0.2661
vn -0.0000 -0.9294 0.3692
vn -0.4647 -0.8048 0.3692
vn -0.4647 -0.8048 -0.3692
vn -0.0000 -0.9294 -0.3692
vn 0.2129 -0.3688 -0.9048
vn 0.3687 0.2129 -0.9048
vn 0.2129 0.3687 -0.9048
vn -0.2129 0.3687 -0.9048
vn -0.3688 0.2129 -0.9048
vn -0.4258 -0.0000 -0.9048
vn -0.3688 -0.2129 -0.9048
vn -0.3688 -0.2129 0.9048
vn 0.2129 -0.3688 0.9048
vn 0.4258 -0.0000 0.9048
vn -0.8048 -0.4647 0.3692
vn -0.8048 -0.4647 -0.3692
vn 0.9294 -0.0000 0.3692
vn 0.9293 -0.0000 -0.3692
vn 0.3687 -0.2129 0.9048
vn -0.4258 -0.0000 0.9048
vn 0.8048 0.4647 0.3692
vn 0.8048 0.4647 -0.3692
vn -0.0000 -0.9639 0.2662
vn -0.9639 -0.0000 0.2661
vn -0.8348 0.4820 0.2661
vn -0.4820 0.8348 0.2661
vn -0.0000 0.9640 0.2661
vn 0.4820 0.8348 0.2661
vn 0.8348 0.4820 0.2661
vn 0.9639 -0.0000 0.2661
vn 0.8348 -0.4820 0.2661
vn 0.4820 -0.8348 0.2662
vn -0.2128 0.3687 -0.9049
vn 0.3688 0.2129 0.9048
vn -0.2129 -0.3687 -0.9048
vn -0.3687 -0.2129 -0.9048
vn -0.3687 0.2128 -0.9049
vn 0.2129 0.3688 0.9048
vn -0.0000 0.4258 0.9048
vn 0.9294 -0.0000 -0.3692
vn 0.8049 0.4647 -0.3692
vn 0.8049 0.4647 0.3692
vn -0.2128 -0.3687 -0.9049
vn -0.0000 -0.9293 -0.3692
vn -0.0000 -0.9293 0.3692
vn -0.0000 0.9294 -0.3692
vn -0.0000 0.9294 0.3692
vn -0.9293 -0.0000 -0.3692
vn -0.9293 -0.0000 0.3692
vn 0.3688 -0.2129 -0.9048
vn -0.2129 0.3688 -0.9048
vn 0.2129 0.3687 -0.9049
vn 0.2129 -0.3687 -0.9049
vn 0.3687 -0.2129 -0.9049
vn 0.3688 -0.2129 0.9048
vn 0.3688 0.2129 -0.9048
vn 0.2129 0.3688 -0.9048
vn 0.2129 0.3687 0.9049
vn -0.0000 0.4258 -0.9048
vn -0.2128 0.3687 0.9049
vn -0.3687 0.2128 0.9049
vn -0.2129 0.3688 0.9048
vn -0.3687 0.2129 0.9048
vn -0.3687 -0.2129 0.9048
vn -0.2129 -0.3687 0.9048
vn 0.2129 -0.3687 0.9049
vn 0.3687 -0.2129 0.9049
vn -0.0000 -0.9991 0.0424
vn -0.0000 -0.9953 -0.0973
vn 0.8619 -0.4976 -0.0973
vn 0.8652 -0.4996 0.0424
vn 0.8619 0.4976 -0.0974
vn 0.8653 0.4995 0.0423
vn -0.0000 0.9952 -0.0974
vn -0.0000 0.9991 0.0423
vn -0.8619 0.4976 -0.0973
vn -0.8653 0.4995 0.0423
vn 0.1389 -0.0802 -0.9871
vn -0.0000 -0.1603 -0.9871
vn -0.0000 0.1604 -0.9871
vn 0.1389 0.0802 -0.9871
vn -0.8619 -0.4977 -0.0973
vn -0.8652 -0.4996 0.0424
vn -0.8659 -0.4999 0.0197
vn -0.0000 -0.9998 0.0197
vn -0.8644 -0.4990 0.0617
vn -0.0000 -0.9981 0.0617
vn -0.8658 0.4999 0.0197
vn -0.8644 0.4991 0.0617
vn -0.0000 0.9998 0.0198
vn -0.0000 0.9981 0.0617
vn 0.8658 0.4999 0.0198
vn 0.8644 0.4990 0.0617
vn 0.8659 -0.4999 0.0198
vn 0.8644 -0.4990 0.0617
vn -0.0000 -0.9572 -0.2893
vn 0.8290 -0.4786 -0.2893
vn 0.8290 0.4786 -0.2893
vn -0.0000 0.9573 -0.2892
vn -0.8290 0.4786 -0.2892
vn -0.8290 -0.4786 -0.2892
vn -0.1388 -0.0802 -0.9871
vn -0.0000 -0.4877 -0.8730
vn -0.4224 -0.2439 -0.8730
vn -0.0000 -0.7441 -0.6681
vn -0.6444 -0.3721 -0.6680
vn -0.0000 -0.8814 -0.4723
vn -0.7633 -0.4407 -0.4724
vn -0.1388 0.0802 -0.9871
vn -0.4224 0.2438 -0.8730
vn -0.6444 0.3721 -0.6680
vn -0.7633 0.4407 -0.4723
vn -0.0000 0.4876 -0.8731
vn -0.0000 0.7441 -0.6680
vn -0.0000 0.8815 -0.4722
vn 0.4223 0.2438 -0.8731
vn 0.6445 0.3721 -0.6680
vn 0.7634 0.4408 -0.4723
vn 0.4223 -0.2439 -0.8730
vn 0.6445 -0.3721 -0.6680
vn 0.7634 -0.4407 -0.4723
vn -0.4172 -0.0000 0.9088
vn -0.3855 -0.1597 0.9088
vn -0.2951 -0.2951 0.9088
vn -0.3855 -0.1597 -0.9088
vn -0.4172 -0.0000 -0.9088
vn 0.3344 0.1153 -0.9354
vn 0.3179 0.1549 -0.9354
vn -0.9253 0.3791 0.0003
vn -0.9254 0.3790 0.0014
vn -0.9254 0.3791 -0.0008
vn -0.9253 0.3791 -0.0001
vn -0.1465 0.3535 0.9239
vn 0.1464 -0.3537 0.9238
vn 0.1465 -0.3538 0.9238
vn -0.1597 -0.3855 -0.9088
vn -0.2951 -0.2951 -0.9088
vn 0.2428 0.2428 0.9392
vn 0.3179 0.1549 0.9354
vn -0.0000 -0.6081 -0.7938
vn -0.4300 -0.4300 -0.7938
vn 0.3535 -0.8536 0.3826
vn 0.3535 -0.8536 -0.3826
vn 0.3535 -0.8536 -0.3825
vn 0.3535 -0.8537 0.3825
vn 0.1465 -0.3537 -0.9238
vn -0.1464 0.3535 -0.9239
vn -0.1464 0.3536 -0.9239
vn -1.0000 0.0003 0.0018
vn -0.9255 -0.3786 0.0014
vn -0.9255 -0.3786 -0.0008
vn -1.0000 0.0003 -0.0011
vn -0.9235 -0.3835 0.0003
vn -0.9229 -0.3850 -0.0005
vn -0.9248 -0.3805 -0.0004
vn -0.9242 -0.3819 0.0004
vn -0.1597 -0.3855 0.9088
vn -0.9242 0.3819 0.0004
vn -0.9247 0.3807 -0.0005
vn -0.9230 0.3848 -0.0005
vn -0.9235 0.3835 0.0005
vn 0.7060 0.7060 0.0556
vn 0.7071 0.7071 0.0034
vn 0.8930 0.4500 0.0010
vn 0.8419 0.5360 0.0622
vn -0.3537 0.1464 0.9238
vn 0.3535 -0.1465 0.9239
vn 0.9985 -0.0000 0.0556
vn 1.0000 -0.0000 0.0034
vn 0.9497 -0.3133 0.0009
vn 0.9743 -0.2164 0.0623
vn -0.7071 -0.7071 0.0007
vn 0.0010 -1.0000 -0.0006
vn -0.0000 -0.9291 0.3697
vn -0.6570 -0.6570 0.3697
vn -1.0000 0.0001 0.0007
vn -0.9291 -0.0000 0.3697
vn 0.9743 0.2164 0.0622
vn 0.9985 -0.0000 -0.0556
vn 0.9743 0.2164 -0.0622
vn 0.9497 0.3133 0.0010
vn 0.6363 0.6363 0.4362
vn 0.7071 0.7071 -0.0034
vn 0.8930 0.4500 -0.0010
vn 0.7885 0.4480 0.4214
vn 0.8744 0.2407 0.4213
vn 0.9496 0.3133 -0.0010
vn 1.0000 -0.0000 -0.0034
vn 0.8999 -0.0000 0.4361
vn 0.8419 0.5360 -0.0622
vn 0.7060 0.7060 -0.0556
vn 0.8744 0.2407 -0.4213
vn 0.7885 0.4480 -0.4214
vn -0.9221 -0.3869 0.0014
vn -0.9229 -0.3849 0.0012
vn -0.6800 -0.6799 -0.2745
vn -0.7071 -0.7071 0.0019
vn -0.3805 -0.9248 -0.0004
vn -0.3786 -0.9255 -0.0008
vn 0.0064 -1.0000 -0.0011
vn -0.8536 0.3535 -0.3826
vn -0.8536 0.3535 0.3826
vn -0.8536 0.3535 0.3825
vn -0.8536 0.3535 -0.3825
vn 0.3344 0.1153 0.9354
vn 0.3434 -0.0000 0.9392
vn -0.0000 -0.4172 0.9088
vn -0.3554 -0.8580 0.3709
vn -0.3554 -0.8580 -0.3709
vn -0.0000 -0.9286 -0.3710
vn -0.0000 -0.9286 0.3710
vn 0.1549 0.3179 -0.9354
vn 0.1153 0.3343 -0.9354
vn 0.2428 0.2428 -0.9392
vn 0.3554 -0.8579 -0.3710
vn 0.3554 -0.8580 0.3710
vn -0.0000 0.3434 0.9392
vn 0.1153 0.3343 0.9354
vn -0.9248 -0.3805 0.0013
vn -0.9616 0.0001 -0.2744
vn 0.8535 -0.3536 0.3827
vn 0.8535 -0.3536 -0.3827
vn 0.5359 0.8420 0.0623
vn 0.5359 0.8420 -0.0623
vn -0.3850 -0.9229 0.0013
vn -0.3869 -0.9221 0.0015
vn 0.8535 0.3536 -0.3827
vn 0.8535 0.3536 0.3827
vn -0.0000 0.3434 -0.9392
vn -0.3819 -0.9242 0.0004
vn -0.3850 -0.9229 -0.0005
vn -0.3835 -0.9236 0.0003
vn -0.0000 0.9985 0.0556
vn -0.0000 1.0000 0.0034
vn 0.3133 0.9497 0.0010
vn 0.2164 0.9743 0.0623
vn -0.3554 0.8580 0.3708
vn -0.3554 0.8580 -0.3708
vn -0.6566 0.6567 -0.3709
vn -0.6566 0.6567 0.3709
vn 0.1549 0.3179 0.9354
vn -0.3869 -0.9221 -0.0009
vn -0.7071 -0.7071 -0.0011
vn 0.7064 -0.7078 -0.0006
vn 0.6570 -0.6570 0.3698
vn 0.4500 0.8930 0.0010
vn 0.3535 -0.1464 -0.9239
vn -0.3536 0.1465 -0.9238
vn -0.3537 0.1465 -0.9238
vn 0.3536 -0.1465 -0.9239
vn -0.0000 0.8999 0.4362
vn -0.0000 1.0000 -0.0034
vn 0.3133 0.9497 -0.0010
vn 0.2407 0.8743 0.4214
vn 0.4480 0.7884 0.4214
vn 0.4500 0.8930 -0.0010
vn 0.2164 0.9743 -0.0623
vn -0.0000 0.9985 -0.0556
vn 0.4480 0.7884 -0.4215
vn 0.2407 0.8743 -0.4214
vn -0.3786 -0.9255 0.0014
vn -0.3805 -0.9248 0.0013
vn 0.0014 -0.9620 -0.2732
vn 0.0061 -1.0000 0.0019
vn 0.3796 -0.9252 -0.0038
vn 0.3768 -0.9263 -0.0013
vn 0.7027 -0.7115 -0.0012
vn -0.3535 -0.8536 -0.3826
vn -0.3535 -0.8536 0.3825
vn -0.3535 -0.8536 -0.3825
vn -0.1597 0.3856 0.9087
vn -0.2951 0.2951 0.9088
vn -0.0000 0.4174 0.9087
vn -0.0000 -0.9985 0.0556
vn -0.0000 -1.0000 0.0034
vn -0.3133 -0.9497 0.0008
vn -0.2164 -0.9743 0.0623
vn -0.3836 0.9235 0.0004
vn -0.3835 0.9235 0.0015
vn -0.3836 0.9235 -0.0010
vn -0.3836 0.9235 -0.0003
vn -0.0000 -0.3433 -0.9392
vn 0.1153 -0.3343 -0.9354
vn -0.8579 0.3554 -0.3710
vn -0.8580 0.3554 0.3710
vn 0.1548 -0.3179 0.9354
vn 0.1153 -0.3343 0.9354
vn 0.3179 -0.1549 0.9354
vn 0.2427 -0.2428 0.9392
vn 0.3536 -0.8536 -0.3826
vn 0.3537 -0.8536 0.3826
vn 0.3537 -0.8535 0.3826
vn -0.8536 -0.3535 0.3826
vn -0.8536 -0.3535 -0.3826
vn -0.3536 -0.1465 -0.9239
vn 0.3535 0.1464 -0.9239
vn 0.3536 0.1465 -0.9239
vn -0.3536 -0.1465 -0.9238
vn -0.0017 1.0000 0.0019
vn -0.3817 0.9243 0.0015
vn -0.3816 0.9243 -0.0010
vn -0.0017 1.0000 -0.0012
vn -0.3828 0.9238 -0.0014
vn -0.3832 0.9237 -0.0015
vn -0.3821 0.9241 -0.0016
vn -0.3825 0.9240 -0.0014
vn 0.3535 0.1465 0.9239
vn -0.3536 -0.1464 0.9239
vn -0.3536 -0.1464 0.9238
vn 0.3820 0.9242 0.0005
vn 0.3808 0.9247 -0.0006
vn 0.3846 0.9231 -0.0007
vn 0.3835 0.9235 0.0005
vn 0.1548 -0.3179 -0.9354
vn 0.1464 0.3536 0.9239
vn -0.1465 -0.3536 0.9238
vn -0.1466 -0.3536 0.9238
vn -0.0000 -0.3433 0.9392
vn 1.0000 -0.0000 0.0006
vn 0.9291 -0.0000 0.3698
vn 0.7069 0.7073 0.0019
vn 0.3862 0.9224 0.0014
vn 0.3862 0.9224 -0.0008
vn 0.7070 0.7072 -0.0009
vn 0.2164 -0.9743 0.0622
vn -0.0000 -0.9985 -0.0556
vn 0.2164 -0.9743 -0.0622
vn 0.3133 -0.9497 0.0009
vn 0.6363 -0.6362 0.4363
vn 0.7071 -0.7071 -0.0034
vn 0.4500 -0.8930 -0.0009
vn 0.4480 -0.7884 0.4215
vn -0.0003 1.0000 0.0002
vn 0.2407 -0.8743 0.4214
vn 0.3133 -0.9497 -0.0009
vn -0.0000 -1.0000 -0.0034
vn -0.0000 -0.8998 0.4363
vn 0.7060 -0.7060 0.0556
vn 0.5359 -0.8420 0.0622
vn 0.5359 -0.8420 -0.0622
vn 0.7060 -0.7060 -0.0556
vn 0.2407 -0.8743 -0.4215
vn 0.4500 -0.8930 0.0009
vn 0.4480 -0.7884 -0.4215
vn -0.3831 0.9237 0.0026
vn -0.6798 0.6803 -0.2740
vn -0.7058 0.7084 0.0019
vn -0.9230 0.3847 0.0014
vn -0.9223 0.3865 0.0013
vn 0.3535 0.8536 -0.3827
vn 0.3535 0.8536 0.3827
vn -0.3855 0.1597 0.9088
vn -0.3855 0.1597 -0.9088
vn -0.2951 0.2950 -0.9088
vn 0.3434 -0.0000 -0.9392
vn 0.2427 -0.2428 -0.9392
vn 0.3179 -0.1549 -0.9354
vn -0.8580 -0.3554 0.3709
vn -0.8580 -0.3554 -0.3710
vn -0.6567 -0.6567 -0.3709
vn -0.6567 -0.6567 0.3709
vn 0.3344 -0.1153 0.9354
vn -0.6081 -0.0000 -0.7938
vn -0.4300 0.4300 -0.7938
vn -0.3537 -0.8536 0.3826
vn -0.3536 -0.8536 -0.3826
vn 0.8419 -0.5360 0.0624
vn 0.8419 -0.5360 -0.0624
vn -0.9223 0.3865 -0.0008
vn -0.7059 0.7083 -0.0012
vn -0.9247 0.3807 0.0014
vn 0.8580 0.3554 0.3710
vn 0.8580 0.3554 -0.3710
vn 0.6566 0.6566 -0.3710
vn 0.6566 0.6567 0.3710
vn -0.3822 0.9241 0.0026
vn -0.0004 0.9618 -0.2739
vn 0.3344 -0.1153 -0.9354
vn 0.7071 0.7071 0.0006
vn 0.9230 0.3848 -0.0005
vn 0.9223 0.3865 -0.0008
vn 0.8931 -0.4500 0.0009
vn 0.7071 -0.7071 0.0034
vn -0.1465 -0.3536 -0.9238
vn 0.1464 0.3535 -0.9239
vn -0.1465 -0.3537 -0.9238
vn 0.9497 -0.3133 -0.0009
vn 0.8744 -0.2407 0.4214
vn -0.7069 0.7073 0.0002
vn 0.7884 -0.4480 0.4215
vn 0.8930 -0.4500 -0.0009
vn 0.9743 -0.2164 -0.0622
vn 0.7884 -0.4480 -0.4215
vn 0.8744 -0.2407 -0.4214
vn 0.2950 0.2950 -0.9088
vn 0.3855 0.1597 -0.9088
vn 0.3855 0.1597 0.9088
vn 0.2950 0.2950 0.9088
vn -0.9984 -0.0000 0.0558
vn -1.0000 -0.0000 0.0034
vn -0.6865 0.4686 -0.5560
vn -0.6293 0.7520 -0.1962
vn -0.7060 -0.7060 0.0557
vn -0.7071 -0.7071 0.0034
vn -0.8930 -0.4500 0.0007
vn -0.8420 -0.5359 0.0623
vn -0.3433 -0.0000 -0.9392
vn -0.3343 -0.1153 -0.9354
vn -0.3179 -0.1549 -0.9354
vn -0.2427 -0.2428 -0.9392
vn 0.9222 0.3867 0.0003
vn 0.9223 0.3865 0.0014
vn 0.9222 0.3867 -0.0001
vn -0.4499 -0.8931 -0.0008
vn -0.4480 -0.7884 0.4215
vn -0.2407 -0.8743 0.4215
vn -0.3133 -0.9497 -0.0008
vn -0.8537 -0.3533 -0.3825
vn -0.8536 -0.3532 0.3828
vn -0.8537 -0.3533 0.3826
vn -0.8537 -0.3533 -0.3826
vn -0.3535 0.8536 0.3827
vn -0.3535 0.8536 -0.3827
vn 0.1465 -0.3536 -0.9238
vn 1.0000 -0.0000 0.0019
vn 0.9256 0.3786 0.0014
vn 0.9256 0.3785 -0.0009
vn 1.0000 -0.0001 -0.0012
vn 0.9235 0.3835 0.0005
vn 0.9248 0.3804 -0.0006
vn 0.9242 0.3819 0.0004
vn 0.1465 -0.3536 0.9238
vn -0.1464 0.3536 0.9239
vn 0.9242 -0.3819 0.0004
vn 0.9248 -0.3805 -0.0005
vn 0.9230 -0.3848 -0.0005
vn 0.9235 -0.3835 0.0004
vn 0.3554 0.8580 0.3709
vn 0.3554 0.8580 -0.3709
vn -0.0000 0.9287 -0.3708
vn -0.0000 0.9287 0.3708
vn -0.3343 -0.1153 0.9354
vn -0.3434 -0.0000 0.9392
vn 0.6570 0.6570 0.3698
vn -0.9743 -0.2164 0.0621
vn -0.9984 -0.0000 -0.0558
vn -0.9743 -0.2164 -0.0625
vn -0.9496 -0.3133 0.0011
vn -0.6363 -0.6362 0.4363
vn -0.7071 -0.7071 -0.0034
vn -0.8930 -0.4500 -0.0007
vn -0.7884 -0.4480 0.4215
vn -0.8743 -0.2407 0.4216
vn -0.9497 -0.3133 -0.0007
vn -1.0000 -0.0000 -0.0034
vn -0.8998 -0.0000 0.4363
vn -0.8420 -0.5359 -0.0623
vn -0.7060 -0.7060 -0.0557
vn -0.8743 -0.2407 -0.4216
vn -0.7884 -0.4480 -0.4215
vn 0.9230 0.3847 0.0014
vn 0.6799 0.6800 -0.2743
vn 0.3846 0.9231 0.0016
vn 0.8536 -0.3535 -0.3826
vn 0.8536 -0.3535 0.3826
vn 0.1597 0.3856 0.9088
vn 0.1597 0.3856 -0.9088
vn -0.1153 -0.3343 -0.9354
vn 0.3536 -0.1464 0.9239
vn -0.3536 0.1465 0.9239
vn 0.3536 -0.1464 0.9238
vn -0.1548 -0.3179 -0.9354
vn -0.1153 -0.3343 0.9354
vn -0.0000 0.6081 -0.7939
vn 0.4300 0.4300 -0.7939
vn -0.8535 0.3537 0.3826
vn -0.8535 0.3536 -0.3827
vn -0.8535 0.3536 -0.3826
vn -0.3536 0.1465 -0.9239
vn 0.3536 -0.1465 -0.9238
vn 0.3808 0.9247 0.0015
vn 0.1597 -0.3854 -0.9088
vn -0.0000 -0.4172 -0.9088
vn 0.9248 0.3805 0.0014
vn 0.9616 -0.0000 -0.2744
vn -0.1549 -0.3179 0.9354
vn -0.3180 -0.1549 0.9354
vn 0.3886 -0.9214 0.0019
vn 0.3886 -0.9214 -0.0013
vn -0.6570 0.6570 0.3697
vn -0.0000 0.9291 0.3698
vn -0.5359 -0.8420 0.0623
vn -0.5359 -0.8420 -0.0623
vn -0.4499 -0.8931 0.0008
vn -0.2164 -0.9743 -0.0623
vn -0.4480 -0.7884 -0.4216
vn -0.2407 -0.8743 -0.4215
vn 0.3790 0.9254 0.0013
vn 0.3790 0.9254 -0.0008
vn 0.6081 -0.0000 -0.7939
vn 0.1597 -0.3855 0.9088
vn 0.2950 -0.2950 0.9088
vn -0.7060 0.7060 0.0556
vn -0.7071 0.7071 0.0034
vn -0.1541 0.8168 -0.5560
vn 0.0870 0.9766 -0.1967
vn -0.3179 0.1549 0.9354
vn -0.2428 0.2428 0.9392
vn -0.3538 -0.1465 0.9238
vn -0.1541 0.8168 0.5560
vn 0.3537 0.1463 0.9239
vn 0.3775 -0.9260 0.0011
vn 0.3768 -0.9263 0.0019
vn 0.3775 -0.9260 -0.0008
vn -0.8930 0.4500 -0.0008
vn -0.7885 0.4480 0.4214
vn -0.8743 0.2407 0.4215
vn -0.6865 0.4686 0.5560
vn 0.4300 -0.4300 -0.7938
vn 0.0870 0.9767 0.1964
vn 0.8537 0.3532 -0.3827
vn 0.8537 0.3532 0.3827
vn -0.2164 0.9743 0.0623
vn -0.2164 0.9743 -0.0623
vn 0.3858 -0.9226 0.0054
vn -0.1549 0.3179 -0.9354
vn -0.2428 0.2428 -0.9392
vn 0.3816 -0.9243 -0.0048
vn 0.3858 -0.9226 -0.0038
vn 0.3838 -0.9234 -0.0048
vn -0.1153 0.3343 -0.9354
vn 0.8580 -0.3554 0.3709
vn 0.8580 -0.3554 -0.3709
vn 0.9287 -0.0000 -0.3709
vn 0.9287 -0.0000 0.3709
vn -0.3133 0.9497 0.0008
vn -0.3538 -0.1464 -0.9238
vn -0.3537 -0.1463 -0.9239
vn 0.3537 0.1463 -0.9239
vn -0.6363 0.6363 0.4362
vn -0.7071 0.7071 -0.0034
vn -0.4480 0.7884 0.4215
vn -0.2407 0.8743 0.4214
vn -0.3133 0.9497 -0.0009
vn -0.7060 0.7060 -0.0556
vn -0.2407 0.8743 -0.4215
vn -0.4480 0.7884 -0.4215
vn 0.3796 -0.9251 0.0054
vn 0.6793 -0.6811 -0.2731
vn 0.7027 -0.7115 0.0019
vn 0.9230 -0.3848 0.0014
vn 0.9222 -0.3866 0.0014
vn 0.3855 -0.1597 0.9088
vn 0.4173 -0.0000 0.9088
vn -0.1549 0.3179 0.9354
vn -0.2428 -0.2428 0.9392
vn 0.9254 -0.3790 0.0004
vn 0.9255 -0.3787 0.0015
vn 0.9255 -0.3787 -0.0009
vn 0.9254 -0.3790 -0.0002
vn -0.1464 -0.3537 0.9238
vn 0.1465 0.3535 0.9239
vn -0.3343 0.1153 0.9354
vn -0.6292 0.7520 0.1962
vn 0.3536 0.8535 -0.3827
vn 0.3536 0.8535 0.3827
vn -0.8420 0.5360 0.0622
vn -0.8420 0.5359 -0.0622
vn 0.9222 -0.3866 -0.0008
vn 0.9248 -0.3805 0.0014
vn -0.3179 0.1549 -0.9354
vn -0.3343 0.1153 -0.9354
vn -0.1153 0.3343 0.9354
vn -0.8930 0.4500 0.0008
vn -0.7884 0.4480 -0.4215
vn -0.8743 0.2407 -0.4215
vn -0.4370 -0.0000 0.8994
vn -0.3093 -0.3093 0.8992
vn -0.0000 -0.4371 0.8994
vn -0.0000 0.4372 0.8994
vn -0.3093 0.3094 0.8992
vn 0.3093 -0.3093 0.8993
vn 0.4374 -0.0000 0.8993
vn 0.3091 0.3089 0.8995
vn -0.9221 -0.3869 -0.0009
vn -0.3789 -0.9254 0.0004
vn -0.3789 -0.9254 -0.0002
vn 0.6567 -0.6566 -0.3710
vn 0.6567 -0.6566 0.3710
vn -0.9224 -0.3864 0.0003
vn -0.9224 -0.3864 -0.0002
vn 0.3795 0.9252 0.0003
vn 0.3795 0.9252 -0.0001
vn 0.4173 -0.0000 -0.9088
vn -0.1597 0.3856 -0.9087
vn -0.0000 0.4174 -0.9087
vn 0.3855 -0.1597 -0.9088
vn -0.9287 -0.0000 0.3710
vn -0.9286 -0.0000 -0.3710
vn 0.2950 -0.2950 -0.9088
vn 0.6363 0.6363 -0.4362
vn 0.8999 -0.0000 -0.4361
vn 0.6363 -0.6362 -0.4363
vn -0.0000 -0.8998 -0.4363
vn -0.6363 -0.6362 -0.4363
vn -0.0000 0.8998 -0.4362
vn -0.8998 -0.0000 -0.4364
vn -0.6363 0.6363 -0.4363
vn -0.9236 -0.3835 0.0002
vn -0.9254 -0.3790 -0.0002
vn -0.9242 -0.3819 0.0003
vn -0.9254 -0.3790 0.0004
vn -0.3862 -0.9224 -0.0002
vn -0.3834 -0.9236 0.0004
vn -0.3862 -0.9224 0.0004
vn -0.3828 0.9238 0.0020
vn -0.3819 0.9242 -0.0004
vn -0.3825 0.9239 0.0021
vn -0.3819 0.9242 0.0005
vn -0.9242 0.3819 0.0003
vn -0.9222 0.3867 -0.0001
vn -0.9237 0.3832 0.0006
vn -0.9224 0.3861 0.0003
vn 0.9235 0.3835 -0.0000
vn 0.9255 0.3787 -0.0002
vn 0.9242 0.3819 -0.0000
vn 0.9255 0.3787 0.0003
vn 0.3820 0.9242 0.0003
vn 0.3866 0.9223 -0.0001
vn 0.3835 0.9236 0.0003
vn 0.3866 0.9223 0.0003
vn 0.3816 -0.9243 0.0065
vn 0.3880 -0.9217 -0.0008
vn 0.3837 -0.9234 0.0065
vn 0.3880 -0.9217 0.0011
vn 0.9242 -0.3819 0.0003
vn 0.9223 -0.3865 -0.0001
vn 0.9236 -0.3835 0.0002
vn 0.9223 -0.3865 0.0003
vn -0.3536 0.8535 -0.3827
vn -0.3536 0.8535 0.3827
vn -0.0000 -0.9239 0.3827
vn 0.3870 -0.9220 0.0086
vn 0.3367 -0.8734 0.3519
vn 0.3409 0.8619 -0.3753
vn -0.3205 0.8768 -0.3584
vn -0.3532 0.9355 0.0077
vn 0.3959 0.9183 -0.0083
vn -0.2046 0.4106 0.8886
vn -0.4259 0.2120 0.8796
vn -0.3524 -0.3431 0.8707
vn -0.0000 -0.3827 0.9239
vn 0.9256 0.3779 0.0210
vn 0.8613 0.3415 0.3763
vn 0.8647 -0.3402 0.3694
vn 0.9247 -0.3801 0.0203
vn -0.3459 -0.8780 0.3309
vn -0.3779 -0.9258 -0.0083
vn -0.3315 0.3106 0.8909
vn -0.3324 -0.3404 0.8796
vn 0.2037 0.4101 0.8890
vn -0.3205 0.8768 0.3584
vn -0.3532 0.9355 -0.0077
vn -0.9148 0.4035 -0.0203
vn -0.8711 0.3678 0.3253
vn -0.9147 0.4035 0.0210
vn -0.8712 0.3678 -0.3253
vn -0.8855 -0.3430 -0.3134
vn -0.9228 -0.3846 0.0205
vn 0.3454 -0.8776 -0.3324
vn 0.3786 -0.9255 0.0071
vn -0.0000 -0.9239 -0.3827
vn -0.3417 0.8622 -0.3739
vn -0.3953 0.9185 -0.0076
vn 0.3538 0.9353 0.0067
vn 0.3199 0.8765 -0.3598
vn 0.3509 -0.3429 0.8714
vn 0.4245 0.2116 0.8803
vn -0.3374 -0.8737 0.3505
vn -0.3865 -0.9223 0.0074
vn 0.3300 0.3104 0.8915
vn 0.3309 -0.3403 0.8802
vn 0.3959 0.9182 0.0088
vn 0.3454 -0.8776 0.3324
vn 0.3786 -0.9255 -0.0071
vn 0.9146 0.4040 0.0174
vn 0.9230 -0.3843 0.0176
vn 0.8842 -0.3428 -0.3174
vn 0.8698 0.3676 -0.3292
vn -0.3460 -0.8779 -0.3310
vn -0.0000 -0.9238 -0.3828
vn -0.3779 -0.9258 0.0083
vn 0.3409 0.8619 0.3753
vn -0.2046 0.4106 -0.8886
vn -0.0000 -0.3830 -0.9237
vn -0.3525 -0.3430 -0.8707
vn -0.4259 0.2120 -0.8796
vn 0.3300 0.3104 -0.8915
vn 0.3309 -0.3402 -0.8802
vn -0.9255 0.3782 -0.0184
vn -0.8628 0.3418 -0.3725
vn -0.8663 -0.3404 -0.3656
vn -0.9241 -0.3818 -0.0175
vn -0.3865 -0.9223 -0.0074
vn -0.3374 -0.8737 -0.3505
vn -0.9228 -0.3847 -0.0205
vn -0.8855 -0.3431 0.3134
vn -0.9254 0.3785 0.0175
vn -0.9243 -0.3812 0.0178
vn -0.8663 -0.3404 0.3655
vn -0.8628 0.3418 0.3725
vn -0.3416 0.8623 0.3739
vn 0.3199 0.8765 0.3598
vn 0.3538 0.9353 -0.0067
vn -0.3953 0.9185 0.0076
vn 0.2037 0.4101 -0.8890
vn 0.4245 0.2116 -0.8804
vn 0.3508 -0.3429 -0.8714
vn -0.0000 -0.3826 -0.9239
vn -0.3315 0.3106 -0.8909
vn -0.3324 -0.3404 -0.8796
vn 0.8698 0.3676 0.3291
vn 0.9152 0.4027 -0.0174
vn 0.8842 -0.3428 0.3174
vn 0.9230 -0.3844 -0.0176
vn 0.9247 -0.3802 -0.0203
vn 0.9256 0.3779 -0.0214
vn 0.3871 -0.9220 -0.0086
vn 0.3367 -0.8734 -0.3520
vn 0.8612 0.3415 -0.3763
vn 0.8647 -0.3402 -0.3694
vn -0.9739 -0.2267 0.0085
vn -0.9185 -0.1855 0.3492
vn -0.9269 0.1511 0.3437
vn -0.9836 0.1803 -0.0067
vn 0.2750 -0.8551 -0.4395
vn 0.7091 -0.6033 -0.3649
vn 0.7753 -0.6311 -0.0236
vn 0.3238 -0.9455 -0.0353
vn 0.7933 0.5114 0.3303
vn 0.8542 0.5197 -0.0194
vn 0.4089 0.9119 -0.0342
vn 0.3408 0.8399 0.4224
vn 0.9185 -0.1855 0.3492
vn 0.9739 -0.2268 0.0085
vn 0.9836 0.1804 -0.0067
vn 0.9269 0.1512 0.3437
vn 0.1644 -0.3534 0.9209
vn 0.4348 -0.2084 0.8761
vn 0.4467 0.1737 0.8777
vn 0.2277 0.3232 0.9185
vn -0.7753 -0.6311 -0.0236
vn -0.3238 -0.9455 -0.0353
vn -0.3237 -0.9461 -0.0129
vn -0.7752 -0.6316 -0.0087
vn -0.3408 0.8399 -0.4224
vn -0.7934 0.5114 -0.3303
vn -0.8542 0.5196 0.0194
vn -0.4089 0.9119 0.0342
vn -0.7091 -0.6033 -0.3649
vn -0.2750 -0.8551 -0.4395
vn 0.9185 -0.1855 -0.3492
vn 0.9268 0.1512 -0.3437
vn 0.9836 0.1804 0.0067
vn 0.9739 -0.2268 -0.0085
vn 0.2750 -0.8551 0.4395
vn 0.3238 -0.9455 0.0353
vn 0.7753 -0.6311 0.0236
vn 0.7091 -0.6033 0.3649
vn -0.4348 -0.2084 0.8761
vn -0.1644 -0.3533 0.9209
vn -0.2277 0.3232 0.9185
vn -0.4467 0.1737 0.8777
vn 0.1644 -0.3534 -0.9209
vn 0.2277 0.3232 -0.9185
vn 0.4467 0.1737 -0.8777
vn 0.4348 -0.2084 -0.8761
vn 0.7933 0.5114 -0.3303
vn 0.3408 0.8399 -0.4224
vn 0.4089 0.9119 0.0342
vn 0.8542 0.5197 0.0194
vn 0.4094 0.9123 0.0125
vn 0.8545 0.5194 0.0071
vn -0.3408 0.8399 0.4224
vn -0.4089 0.9119 -0.0342
vn -0.8542 0.5196 -0.0194
vn -0.7934 0.5114 0.3303
vn -0.7091 -0.6033 0.3649
vn -0.7753 -0.6311 0.0236
vn -0.3238 -0.9455 0.0353
vn -0.2750 -0.8551 0.4395
vn -0.9738 -0.2272 0.0031
vn -0.9837 0.1799 -0.0024
vn -0.9837 0.1799 0.0024
vn -0.9738 -0.2272 -0.0031
vn -0.4094 0.9123 -0.0125
vn -0.8545 0.5194 -0.0071
vn -0.7752 -0.6316 0.0087
vn -0.3237 -0.9461 0.0129
vn 0.3237 -0.9461 0.0129
vn 0.7752 -0.6316 0.0087
vn 0.9837 0.1800 -0.0024
vn 0.9738 -0.2273 0.0031
vn 0.9738 -0.2273 -0.0031
vn 0.9837 0.1800 0.0024
vn 0.7752 -0.6316 -0.0087
vn 0.3237 -0.9461 -0.0129
vn -0.4094 0.9123 0.0125
vn -0.8545 0.5194 0.0071
vn -0.9836 0.1803 0.0067
vn -0.9739 -0.2267 -0.0085
vn 0.8545 0.5194 -0.0071
vn 0.4094 0.9123 -0.0125
vn -0.9268 0.1511 -0.3437
vn -0.9185 -0.1855 -0.3492
vn -0.4348 -0.2084 -0.8761
vn -0.4467 0.1737 -0.8777
vn -0.1644 -0.3533 -0.9209
vn -0.2277 0.3232 -0.9185
vn -0.6011 -0.0000 -0.7992
vn -0.2231 -0.0000 -0.9748
vn -0.9709 -0.0000 0.2397
vn -0.9034 -0.0000 0.4289
vn -0.8921 -0.0000 -0.4519
vn -0.9709 -0.0000 -0.2397
vn 0.8715 0.4904 -0.0000
vn 0.8358 0.5490 -0.0049
vn 0.7590 0.5164 -0.3966
vn 0.8268 0.4518 -0.3352
vn 0.4469 -0.8755 -0.1839
vn 0.4211 -0.9070 0.0005
vn 0.2127 -0.8928 -0.3972
vn -0.1203 0.2447 0.9621
vn -0.0000 0.2530 0.9675
vn 0.2353 -0.0000 -0.9719
vn 0.6010 -0.0000 -0.7992
vn 0.1204 0.2448 -0.9621
vn -0.0000 0.2531 -0.9674
vn 0.8949 0.4463 -0.0000
vn -0.0005 0.9146 -0.4045
vn 0.1203 0.2447 0.9621
vn -0.3783 -0.1784 -0.9083
vn 0.4018 0.1268 -0.9069
vn -0.3020 -0.1997 -0.9321
vn 0.7960 0.4949 0.3485
vn 0.4662 0.7582 0.4558
vn 0.4662 0.7582 -0.4557
vn 0.7960 0.4949 -0.3484
vn -0.3810 -0.0815 -0.9210
vn -0.3767 0.0245 -0.9260
vn -0.9857 -0.1683 -0.0000
vn -0.9390 -0.3438 -0.0010
vn -0.8725 -0.3312 0.3593
vn -0.9123 -0.1695 0.3728
vn -0.8770 -0.4805 -0.0000
vn -0.8723 -0.4890 -0.0000
vn -0.0000 0.8674 -0.4977
vn -0.0000 0.8673 0.4978
vn -0.7208 0.6931 -0.0101
vn -0.6117 0.7911 -0.0000
vn -0.8932 0.1997 0.4029
vn -0.6735 0.6243 0.3959
vn -0.7208 0.6931 0.0095
vn 0.8334 -0.4071 0.3737
vn 0.8630 -0.3649 0.3495
vn 0.8630 -0.3649 -0.3494
vn 0.8335 -0.4071 -0.3736
vn -0.0000 -0.6431 -0.7658
vn -0.0000 -0.6429 0.7659
vn -0.0000 -0.0590 -0.9983
vn -0.0008 0.4063 -0.9137
vn 0.3429 0.2050 -0.9167
vn -0.3667 -0.1715 -0.9144
vn 0.8335 -0.4071 0.3736
vn -0.0000 -0.6431 0.7658
vn 0.2725 0.2181 -0.9371
vn -0.3535 -0.0627 -0.9333
vn 0.8967 0.3053 -0.3206
vn 0.8967 0.3052 0.3207
vn 0.8147 0.5795 0.0226
vn 0.8147 0.5795 -0.0214
vn 0.7207 0.6932 -0.0095
vn 0.7207 0.6932 0.0100
vn -0.2328 0.2421 0.9419
vn -0.3925 0.0875 0.9156
vn -0.4018 0.1268 -0.9069
vn -0.3478 -0.1642 -0.9231
vn 0.3156 0.2186 -0.9234
vn 0.2267 0.2357 -0.9450
vn 0.4017 0.1268 0.9070
vn 0.3767 0.0245 0.9260
vn 0.8355 0.5495 0.0048
vn 0.8283 0.4528 0.3301
vn 0.7625 0.5184 0.3872
vn 0.6011 -0.0000 -0.7992
vn 0.2231 -0.0000 -0.9748
vn 0.9709 -0.0000 0.2397
vn 0.9709 -0.0000 -0.2397
vn 0.8921 -0.0000 -0.4519
vn 0.9034 -0.0000 0.4289
vn -0.3910 0.0871 -0.9163
vn -0.3127 -0.1157 -0.9428
vn -0.8949 0.4463 -0.0000
vn -0.8715 0.4904 -0.0000
vn -0.8283 0.4528 0.3301
vn -0.0000 0.9156 0.4020
vn 0.7207 0.6932 -0.0101
vn 0.8147 0.5795 -0.0226
vn 0.8358 0.5490 0.0050
vn 0.6734 0.6244 0.3959
vn 0.8723 -0.4889 -0.0000
vn 0.9439 -0.3302 -0.0000
vn 0.8624 -0.2925 0.4131
vn 0.8433 -0.3872 0.3727
vn -0.4662 0.7583 -0.4557
vn -0.4662 0.7582 0.4558
vn -0.7960 0.4949 0.3485
vn -0.7961 0.4949 -0.3484
vn 0.8439 -0.3929 -0.3653
vn 0.8699 -0.2955 -0.3950
vn -0.9440 -0.3301 -0.0000
vn -0.8619 -0.2922 -0.4143
vn -0.8432 -0.3869 -0.3733
vn -0.8432 -0.3874 0.3726
vn -0.8626 -0.2924 0.4129
vn -0.9305 0.0652 0.3605
vn -0.9087 -0.2232 0.3527
vn -0.9087 -0.2232 -0.3527
vn -0.9305 0.0652 -0.3606
vn 0.9369 -0.3497 0.0019
vn 0.9857 -0.1683 -0.0000
vn 0.9123 -0.1695 0.3729
vn 0.8733 -0.3332 0.3553
vn 0.8770 -0.4805 -0.0000
vn 0.8723 -0.4890 -0.0000
vn 0.6115 0.7912 -0.0000
vn 0.8932 0.1997 0.4029
vn 0.7207 0.6932 0.0095
vn -0.8630 -0.3649 -0.3494
vn -0.8630 -0.3649 0.3495
vn -0.8334 -0.4071 0.3737
vn -0.8335 -0.4071 -0.3736
vn 0.9305 0.0652 -0.3605
vn 0.9087 -0.2232 -0.3527
vn 0.9087 -0.2232 0.3528
vn 0.9304 0.0652 0.3606
vn -0.8147 0.5795 -0.0226
vn -0.8147 0.5795 0.0215
vn 0.3667 -0.1715 -0.9144
vn -0.3457 0.2068 -0.9153
vn 0.8630 -0.3649 0.3494
vn 0.2175 -0.8864 0.4086
vn 0.0001 -0.9335 0.3586
vn -0.6011 -0.0000 0.7992
vn -0.2230 -0.0000 0.9748
vn -0.9708 -0.0000 -0.2397
vn -0.8920 -0.0000 0.4521
vn -0.9034 -0.0000 -0.4287
vn 0.3020 -0.1997 -0.9322
vn 0.3535 -0.0627 -0.9333
vn -0.2725 0.2182 -0.9371
vn -0.0000 0.2530 -0.9675
vn -0.1203 0.2448 -0.9621
vn -0.8355 0.5495 -0.0048
vn -0.8273 0.4523 -0.3333
vn -0.7616 0.5179 -0.3895
vn 0.9087 -0.2232 0.3527
vn 0.3906 -0.1748 -0.9038
vn -0.8907 -0.4546 -0.0000
vn 0.3292 -0.1218 -0.9364
vn -0.0000 -0.0590 0.9983
vn -0.3666 -0.1714 0.9145
vn 0.3479 0.2080 0.9142
vn -0.0000 0.4112 0.9116
vn -0.8967 0.3053 0.3205
vn -0.8967 0.3053 -0.3205
vn -0.7960 0.4949 -0.3484
vn -0.7960 0.4949 0.3484
vn 0.3478 -0.1642 0.9231
vn 0.3667 -0.1715 0.9144
vn -0.3479 0.2080 0.9142
vn -0.3218 0.2229 0.9202
vn -0.9369 -0.3497 -0.0019
vn -0.9123 -0.1695 -0.3728
vn -0.8734 -0.3332 -0.3552
vn -0.7208 0.6931 0.0100
vn -0.6729 0.6238 -0.3975
vn -0.8928 0.1996 -0.4037
vn -0.7208 0.6931 -0.0092
vn 0.8147 0.5795 0.0215
vn 0.2328 0.2422 0.9419
vn 0.3925 0.0875 0.9156
vn -0.4017 0.1268 0.9070
vn -0.3766 0.0245 0.9260
vn -0.4662 0.7582 -0.4558
vn 0.4020 0.0682 -0.9131
vn -0.3924 0.0875 0.9156
vn -0.3139 -0.1160 0.9424
vn -0.3810 -0.0815 0.9210
vn 0.3218 0.2230 0.9202
vn -0.3478 -0.1642 0.9231
vn 0.8624 -0.2925 0.4132
vn 0.8432 -0.3872 0.3728
vn -0.2318 0.2411 -0.9424
vn -0.3909 0.0871 -0.9163
vn 0.6011 -0.0000 0.7992
vn 0.2230 -0.0000 0.9748
vn 0.9708 -0.0000 -0.2397
vn 0.9034 -0.0000 -0.4287
vn 0.8920 -0.0000 0.4521
vn 0.8439 -0.3930 -0.3653
vn 0.8930 0.2050 -0.4007
vn 0.6707 0.6213 -0.4051
vn -0.8630 -0.3649 0.3494
vn -0.9087 -0.2232 0.3528
vn -0.9087 -0.2233 -0.3527
vn -0.9305 0.0652 -0.3605
vn -0.9304 0.0652 0.3607
vn -0.8282 0.4528 0.3302
vn -0.0000 0.9156 0.4021
vn 0.9390 -0.3438 0.0010
vn 0.8725 -0.3311 -0.3592
vn 0.9123 -0.1695 -0.3728
vn -0.8290 -0.4252 -0.3632
vn -0.8335 -0.4071 0.3736
vn 0.2352 -0.0000 0.9719
vn -0.0000 0.8673 0.4977
vn -0.0000 0.8673 -0.4978
vn -0.3793 -0.1779 0.9080
vn 0.2186 -0.8884 -0.4036
vn 0.4471 -0.8761 -0.1804
vn 0.4196 -0.9077 0.0009
vn 0.8283 0.4528 0.3302
vn -0.2185 -0.8885 0.4036
vn -0.4471 -0.8761 0.1804
vn -0.4196 -0.9077 -0.0009
vn -0.4468 -0.8755 0.1839
vn -0.4211 -0.9070 -0.0004
vn -0.2128 -0.8927 0.3973
vn -0.1204 0.2448 -0.9621
vn -0.0001 -0.9380 -0.3466
vn -0.2135 -0.8929 -0.3965
vn -0.6728 0.6237 -0.3980
vn -0.3376 -0.3741 -0.8638
vn -0.0001 -0.4183 -0.9083
vn -0.8928 0.1996 -0.4038
vn 0.3478 -0.1642 -0.9231
vn -0.3202 0.2219 -0.9210
vn 0.3768 0.0245 -0.9260
vn 0.8290 -0.4252 -0.3633
vn 0.8355 0.5495 -0.0048
vn 0.7601 0.5166 -0.3942
vn -0.8967 0.3052 -0.3205
vn -0.8967 0.3052 0.3206
vn 0.0001 -0.9379 -0.3468
vn -0.0000 -0.9379 -0.3470
vn 0.6706 0.6212 -0.4055
vn 0.8905 -0.4549 -0.0000
vn 0.3810 -0.0815 0.9210
vn 0.4662 0.7582 -0.4558
vn 0.7960 0.4950 -0.3484
vn 0.7960 0.4950 0.3484
vn -0.8290 -0.4252 0.3632
vn -0.8433 -0.3874 0.3725
vn -0.8459 0.5333 0.0001
vn -0.8312 0.5559 -0.0071
vn -0.7625 0.5184 0.3872
vn -0.3374 -0.3732 0.8642
vn -0.0001 -0.4180 0.9085
vn -0.3535 -0.0627 0.9333
vn 0.1203 0.2448 0.9621
vn -0.8932 0.1997 0.4028
vn -0.6732 0.6241 0.3965
vn -0.8360 0.5486 -0.0112
vn -0.8147 0.5795 -0.0207
vn -0.8626 -0.2924 0.4128
vn 0.4018 0.1268 0.9069
vn 0.3768 0.0245 0.9260
vn 0.9305 0.0652 0.3605
vn 0.8967 0.3053 0.3206
vn 0.0001 -0.9380 0.3466
vn 0.2135 -0.8929 0.3965
vn 0.6733 0.6243 0.3962
vn -0.0000 0.4113 0.9115
vn -0.0000 -0.9379 0.3470
vn 0.8932 0.1997 0.4028
vn 0.3479 0.2080 0.9141
vn -0.3667 -0.1715 0.9144
vn -0.3767 0.0245 0.9260
vn -0.4018 0.1268 0.9069
vn -0.0001 -0.9379 0.3469
vn 0.8290 -0.4252 0.3633
vn -0.6010 -0.0000 -0.7992
vn -0.2353 -0.0000 -0.9719
vn -0.4193 -0.9079 0.0005
vn -0.4441 -0.8774 -0.1816
vn 0.4193 -0.9079 -0.0005
vn 0.4443 -0.8773 0.1817
vn -0.8358 0.5490 0.0050
vn -0.7613 0.5181 0.3898
vn 0.3666 -0.1714 0.9145
vn -0.3478 0.2080 0.9142
vn -0.3217 0.2229 0.9202
vn 0.3477 -0.1641 0.9231
vn -0.0004 -0.4091 0.9125
vn -0.3534 -0.0626 0.9334
vn -0.3389 -0.3682 0.8658
vn -0.8290 -0.4252 0.3633
vn 0.2724 0.2181 0.9371
vn -0.0004 -0.9344 0.3561
vn -0.3477 -0.1641 0.9231
vn 0.3217 0.2229 0.9202
vn 0.4173 -0.9087 0.0018
vn 0.4389 -0.8764 0.1982
vn 0.2328 0.2421 0.9419
vn -0.3809 -0.0815 0.9210
vn -0.0001 -0.9336 0.3582
vn 0.7613 0.5181 0.3898
vn 0.8290 -0.4252 0.3634
vn 0.3534 -0.0626 0.9334
vn -0.2724 0.2181 0.9371
vn -0.8358 0.5490 -0.0049
vn -0.8273 0.4523 -0.3332
vn -0.7606 0.5176 -0.3919
vn -0.2318 0.2412 -0.9424
vn -0.3201 0.2219 -0.9210
vn 0.3810 -0.0815 -0.9210
vn -0.0001 -0.4067 -0.9136
vn -0.3388 -0.3636 -0.8678
vn 0.1203 0.2447 -0.9621
vn -0.8619 -0.2923 -0.4143
vn -0.8432 -0.3868 -0.3733
vn -0.8147 0.5795 0.0226
vn 0.0001 -0.9336 -0.3582
vn 0.0004 -0.9344 -0.3561
vn 0.3535 -0.0626 -0.9333
vn -0.4173 -0.9087 -0.0018
vn -0.4389 -0.8764 -0.1981
vn -0.2176 -0.8864 -0.4086
vn -0.1203 0.2448 0.9621
vn 0.3811 -0.0815 -0.9210
vn 0.3790 -0.1781 0.9081
vn 0.3136 -0.1161 0.9424
vn 0.3019 -0.1997 0.9322
vn -0.0001 -0.9335 -0.3586
vn 0.2725 0.2181 0.9371
vn 0.3924 0.0875 0.9156
vn 0.3535 -0.0627 0.9333
vn -0.2725 0.2182 0.9371
vn -0.2352 -0.0000 0.9719
vn 0.8715 -0.3324 -0.3605
vn 0.3374 -0.3733 -0.8642
vn -0.8716 -0.3324 0.3605
vn 0.3375 -0.3741 0.8638
vn 0.8711 -0.3343 0.3598
vn 0.9123 -0.1695 0.3728
vn 0.3388 -0.3636 0.8678
vn 0.3389 -0.3682 -0.8658
vn -0.3019 -0.1997 0.9322
vn -0.3020 -0.1997 0.9321
vn -0.3795 -0.1780 0.9079
vn -0.3140 -0.1161 0.9423
vn 0.3792 -0.1781 0.9080
vn 0.3020 -0.1997 0.9321
vn 0.3137 -0.1161 0.9424
vn -0.0000 -0.4178 -0.9085
vn 0.0001 -0.4180 -0.9084
vn -0.0000 -0.4178 0.9085
vn 0.0001 -0.4183 0.9083
vn 0.9387 -0.3448 -0.0005
vn -0.8711 -0.3344 -0.3597
vn 0.0004 -0.4091 -0.9125
vn 0.0001 -0.4070 -0.9134
vn -0.9392 -0.3434 -0.0004
vn -0.9387 -0.3449 0.0005
vn -0.0001 -0.4070 0.9134
vn 0.0001 -0.4066 0.9136
vn 0.9392 -0.3434 0.0005
vt 0.341483 0.732857
vt 0.353791 0.732857
vt 0.359761 0.755138
vt 0.335513 0.755138
vt 0.919970 0.897654
vt 0.916267 0.897593
vt 0.916267 0.873170
vt 0.919970 0.873227
vt 0.343823 0.795429
vt 0.337218 0.799242
vt 0.314513 0.776538
vt 0.335513 0.764414
vt 0.919970 0.733178
vt 0.916267 0.733178
vt 0.916267 0.708745
vt 0.919970 0.708745
vt 0.916267 0.849302
vt 0.919970 0.849341
vt 0.333404 0.805847
vt 0.302389 0.797537
vt 0.916267 0.826492
vt 0.919970 0.826534
vt 0.333404 0.813475
vt 0.302389 0.821785
vt 0.919970 0.975070
vt 0.916267 0.975070
vt 0.916267 0.948207
vt 0.919970 0.948232
vt 0.916267 0.803692
vt 0.919970 0.803719
vt 0.337218 0.820080
vt 0.314513 0.842784
vt 0.854104 0.055287
vt 0.879192 0.062010
vt 0.867068 0.083009
vt 0.848703 0.064644
vt 0.602965 0.936547
vt 0.602965 0.914668
vt 0.610592 0.914668
vt 0.610592 0.936547
vt 0.618219 0.914668
vt 0.618219 0.936547
vt 0.625847 0.914668
vt 0.625847 0.936547
vt 0.633474 0.914668
vt 0.633474 0.936547
vt 0.641101 0.914668
vt 0.641101 0.936547
vt 0.648728 0.914668
vt 0.648728 0.936547
vt 0.656355 0.914668
vt 0.656355 0.936547
vt 0.663982 0.914668
vt 0.663982 0.936547
vt 0.671609 0.914668
vt 0.671609 0.936547
vt 0.679237 0.914668
vt 0.679237 0.936547
vt 0.686864 0.914668
vt 0.686864 0.936547
vt 0.694491 0.914668
vt 0.694491 0.936547
vt 0.361869 0.813475
vt 0.361869 0.805847
vt 0.392884 0.797537
vt 0.392884 0.821785
vt 0.364449 0.726703
vt 0.380760 0.743013
vt 0.330824 0.726703
vt 0.314513 0.743013
vt 0.324670 0.716044
vt 0.302389 0.722014
vt 0.324670 0.703736
vt 0.302389 0.697766
vt 0.330824 0.693077
vt 0.314513 0.676766
vt 0.341483 0.686923
vt 0.335513 0.664643
vt 0.353791 0.686923
vt 0.359761 0.664643
vt 0.364449 0.693077
vt 0.380760 0.676766
vt 0.370603 0.703736
vt 0.392884 0.697766
vt 0.351450 0.823894
vt 0.358055 0.820080
vt 0.380760 0.842784
vt 0.359761 0.854908
vt 0.370603 0.716044
vt 0.392884 0.722014
vt 0.351450 0.795429
vt 0.359761 0.764414
vt 0.919970 0.922644
vt 0.916267 0.922617
vt 0.916267 0.683111
vt 0.919970 0.683111
vt 0.919970 0.757061
vt 0.916267 0.757061
vt 0.358056 0.799242
vt 0.380760 0.776538
vt 0.343823 0.823894
vt 0.335513 0.854908
vt 0.919970 0.780386
vt 0.916267 0.780386
vt 0.526622 0.839287
vt 0.714265 0.839287
vt 0.714265 0.851595
vt 0.526622 0.851595
vt 0.452098 0.029255
vt 0.452098 0.016947
vt 0.779421 0.016946
vt 0.779421 0.029254
vt 0.452098 0.041562
vt 0.779421 0.041562
vt 0.452098 0.053870
vt 0.779421 0.053870
vt 0.452098 0.066178
vt 0.779421 0.066178
vt 0.452098 0.078486
vt 0.779421 0.078486
vt 0.452098 0.090794
vt 0.779421 0.090793
vt 0.452098 0.103101
vt 0.779421 0.103102
vt 0.452098 0.115409
vt 0.779421 0.115409
vt 0.452098 0.127717
vt 0.779421 0.127717
vt 0.714265 0.682317
vt 0.714265 0.694624
vt 0.526622 0.694625
vt 0.526622 0.682317
vt 0.205824 0.927217
vt 0.208458 0.929851
vt 0.206791 0.930822
vt 0.209428 0.928185
vt 0.209421 0.926252
vt 0.208459 0.924578
vt 0.206789 0.923609
vt 0.204858 0.923619
vt 0.203184 0.924578
vt 0.202228 0.926253
vt 0.202221 0.928179
vt 0.203183 0.929858
vt 0.204860 0.930816
vt 0.762635 0.726182
vt 0.756665 0.703901
vt 0.780913 0.703901
vt 0.774943 0.726182
vt 0.078591 0.887976
vt 0.101909 0.887976
vt 0.101909 0.891671
vt 0.078591 0.891671
vt 0.813785 0.055287
vt 0.788697 0.062009
vt 0.788697 0.037761
vt 0.813785 0.044484
vt 0.244142 0.887976
vt 0.269730 0.887976
vt 0.269769 0.891671
vt 0.244179 0.891671
vt 0.125206 0.887976
vt 0.125249 0.891671
vt 0.800821 0.016762
vt 0.819187 0.035127
vt 0.148022 0.887976
vt 0.148047 0.891671
vt 0.821820 0.004638
vt 0.828543 0.029725
vt 0.791755 0.742995
vt 0.814036 0.737024
vt 0.814036 0.761272
vt 0.791755 0.755302
vt 0.170830 0.887976
vt 0.170858 0.891671
vt 0.846069 0.004638
vt 0.839346 0.029725
vt 0.411871 0.879099
vt 0.411871 0.899405
vt 0.404214 0.899405
vt 0.404214 0.879099
vt 0.202799 0.938556
vt 0.208892 0.938614
vt 0.210954 0.946190
vt 0.200788 0.946157
vt 0.214115 0.935498
vt 0.217187 0.930275
vt 0.224799 0.932216
vt 0.219703 0.941030
vt 0.217217 0.924155
vt 0.224831 0.922075
vt 0.214106 0.918904
vt 0.219667 0.913326
vt 0.208863 0.915809
vt 0.210883 0.908222
vt 0.202773 0.915893
vt 0.200724 0.908310
vt 0.197468 0.918885
vt 0.191901 0.913352
vt 0.194499 0.924195
vt 0.186889 0.922192
vt 0.194445 0.930261
vt 0.186844 0.932385
vt 0.197471 0.935580
vt 0.191929 0.941170
vt 0.221354 0.942624
vt 0.227017 0.932782
vt 0.229885 0.933528
vt 0.223480 0.944694
vt 0.004638 0.887976
vt 0.030282 0.887976
vt 0.030282 0.891671
vt 0.004638 0.891671
vt 0.801912 0.716025
vt 0.785601 0.732336
vt 0.751976 0.732336
vt 0.735665 0.716025
vt 0.745822 0.742995
vt 0.723541 0.737024
vt 0.745822 0.755302
vt 0.723541 0.761272
vt 0.751976 0.765961
vt 0.735665 0.782272
vt 0.762635 0.772115
vt 0.756665 0.794396
vt 0.774943 0.772115
vt 0.780913 0.794396
vt 0.785601 0.765961
vt 0.801912 0.782272
vt 0.854105 0.044484
vt 0.879192 0.037761
vt 0.846069 0.095133
vt 0.839346 0.070045
vt 0.819187 0.064644
vt 0.800821 0.083009
vt 0.054711 0.887976
vt 0.054711 0.891671
vt 0.296604 0.887976
vt 0.296604 0.891671
vt 0.219149 0.887976
vt 0.219152 0.891671
vt 0.828543 0.070045
vt 0.821820 0.095133
vt 0.848703 0.035127
vt 0.867068 0.016762
vt 0.194719 0.887976
vt 0.194728 0.891671
vt 0.714265 0.559239
vt 0.714265 0.571547
vt 0.526622 0.571547
vt 0.526622 0.559238
vt 0.714265 0.670009
vt 0.526622 0.670009
vt 0.714265 0.657701
vt 0.526622 0.657701
vt 0.714265 0.645393
vt 0.526622 0.645393
vt 0.714265 0.633086
vt 0.526622 0.633086
vt 0.714265 0.620778
vt 0.526622 0.620778
vt 0.714265 0.608470
vt 0.526622 0.608470
vt 0.714265 0.596162
vt 0.526622 0.596162
vt 0.714265 0.583855
vt 0.526622 0.583854
vt 0.526622 0.703901
vt 0.714265 0.703901
vt 0.714265 0.716209
vt 0.526622 0.716209
vt 0.211586 0.948395
vt 0.212391 0.951258
vt 0.227033 0.921478
vt 0.229885 0.920682
vt 0.221303 0.911720
vt 0.223379 0.909607
vt 0.211501 0.906015
vt 0.212245 0.903138
vt 0.200123 0.906084
vt 0.199327 0.903217
vt 0.190254 0.911756
vt 0.188129 0.909676
vt 0.184663 0.921629
vt 0.181790 0.920890
vt 0.184633 0.932975
vt 0.181773 0.933761
vt 0.190296 0.942778
vt 0.188220 0.944904
vt 0.200200 0.948387
vt 0.199461 0.951270
vt 0.452098 0.152332
vt 0.452098 0.140025
vt 0.779421 0.140025
vt 0.779421 0.152333
vt 0.526622 0.826979
vt 0.714265 0.826979
vt 0.526622 0.814671
vt 0.714265 0.814671
vt 0.526622 0.802364
vt 0.714265 0.802363
vt 0.526622 0.790056
vt 0.714265 0.790056
vt 0.526622 0.777748
vt 0.714265 0.777748
vt 0.526622 0.765440
vt 0.714265 0.765440
vt 0.526622 0.753132
vt 0.714265 0.753132
vt 0.526622 0.740824
vt 0.714265 0.740825
vt 0.526622 0.728517
vt 0.714265 0.728517
vt 0.714265 0.546931
vt 0.526622 0.546931
vt 0.845803 0.726392
vt 0.839649 0.737051
vt 0.823312 0.732673
vt 0.833844 0.714433
vt 0.411871 0.684522
vt 0.411871 0.703916
vt 0.404214 0.703916
vt 0.404214 0.684522
vt 0.779657 0.826163
vt 0.768998 0.820009
vt 0.773376 0.803672
vt 0.791617 0.814203
vt 0.411871 0.920336
vt 0.404214 0.920336
vt 0.484197 0.870611
vt 0.471889 0.870611
vt 0.467511 0.854274
vt 0.488574 0.854274
vt 0.839649 0.749359
vt 0.845803 0.760018
vt 0.833844 0.771977
vt 0.823312 0.753736
vt 0.411871 0.664643
vt 0.404214 0.664643
vt 0.756691 0.820009
vt 0.746032 0.826163
vt 0.734072 0.814204
vt 0.752313 0.803672
vt 0.827761 0.836822
vt 0.827761 0.849129
vt 0.811424 0.853507
vt 0.811424 0.832444
vt 0.501009 0.887424
vt 0.494855 0.876765
vt 0.506815 0.864805
vt 0.517346 0.883047
vt 0.065263 0.866716
vt 0.086818 0.866716
vt 0.086818 0.874348
vt 0.065263 0.874348
vt 0.739878 0.836822
vt 0.739878 0.849130
vt 0.723541 0.853507
vt 0.723541 0.832444
vt 0.411871 0.790292
vt 0.411871 0.812985
vt 0.404214 0.812985
vt 0.404214 0.790292
vt 0.239937 0.866715
vt 0.260257 0.866715
vt 0.260257 0.874348
vt 0.239936 0.874348
vt 0.155514 0.866716
vt 0.178077 0.866716
vt 0.178077 0.874348
vt 0.155514 0.874348
vt 0.109381 0.866716
vt 0.132448 0.866716
vt 0.132448 0.874348
vt 0.109381 0.874348
vt 0.411871 0.745391
vt 0.411871 0.767593
vt 0.404214 0.767593
vt 0.404214 0.745391
vt 0.411871 0.835685
vt 0.411871 0.857886
vt 0.404214 0.857886
vt 0.404214 0.835685
vt 0.199632 0.866716
vt 0.220226 0.866715
vt 0.220226 0.874348
vt 0.199632 0.874348
vt 0.868770 0.766171
vt 0.879429 0.760018
vt 0.891388 0.771977
vt 0.873147 0.782508
vt 0.856462 0.720238
vt 0.852084 0.703901
vt 0.411871 0.724181
vt 0.404214 0.724181
vt 0.785811 0.836822
vt 0.802148 0.832444
vt 0.004638 0.866716
vt 0.024959 0.866716
vt 0.024959 0.874348
vt 0.004638 0.874348
vt 0.452098 0.004639
vt 0.779421 0.004638
vt 0.746032 0.859789
vt 0.756691 0.865942
vt 0.752313 0.882279
vt 0.734072 0.871748
vt 0.455076 0.887424
vt 0.455076 0.899731
vt 0.438739 0.904109
vt 0.438739 0.883046
vt 0.768999 0.865942
vt 0.773376 0.882279
vt 0.461230 0.876765
vt 0.449271 0.864805
vt 0.779657 0.859788
vt 0.791617 0.871748
vt 0.885582 0.749358
vt 0.901919 0.753736
vt 0.785811 0.849130
vt 0.802148 0.853507
vt 0.885582 0.737051
vt 0.901919 0.732673
vt 0.879429 0.726392
vt 0.891388 0.714432
vt 0.844574 0.820009
vt 0.833915 0.826163
vt 0.821956 0.814203
vt 0.840197 0.803672
vt 0.868770 0.720238
vt 0.873147 0.703901
vt 0.856882 0.820009
vt 0.861259 0.803672
vt 0.867541 0.826163
vt 0.879500 0.814204
vt 0.494855 0.910390
vt 0.501009 0.899732
vt 0.517346 0.904109
vt 0.506815 0.922350
vt 0.873695 0.836822
vt 0.890031 0.832444
vt 0.484196 0.916544
vt 0.488574 0.932881
vt 0.873694 0.849130
vt 0.890031 0.853507
vt 0.471889 0.916544
vt 0.467511 0.932881
vt 0.867541 0.859789
vt 0.879500 0.871748
vt 0.461230 0.910390
vt 0.449270 0.922350
vt 0.856882 0.865942
vt 0.861259 0.882279
vt 0.856462 0.766172
vt 0.852084 0.782508
vt 0.044669 0.866716
vt 0.044669 0.874348
vt 0.833915 0.859789
vt 0.844574 0.865942
vt 0.840196 0.882279
vt 0.821956 0.871748
vt 0.914073 0.708745
vt 0.914073 0.683111
vt 0.914073 0.733178
vt 0.914073 0.757061
vt 0.914073 0.780385
vt 0.914073 0.803699
vt 0.914073 0.826486
vt 0.914073 0.849287
vt 0.914073 0.873152
vt 0.914073 0.897576
vt 0.914073 0.922616
vt 0.914073 0.948203
vt 0.914073 0.975070
vt 0.922328 0.948218
vt 0.922328 0.975070
vt 0.922328 0.922637
vt 0.922328 0.897660
vt 0.922328 0.873236
vt 0.922328 0.849339
vt 0.922328 0.826539
vt 0.922328 0.803719
vt 0.922328 0.780385
vt 0.922328 0.757061
vt 0.922328 0.733178
vt 0.922328 0.708745
vt 0.922328 0.683111
vt 0.296604 0.893861
vt 0.269760 0.893861
vt 0.244173 0.893861
vt 0.219133 0.893861
vt 0.194711 0.893861
vt 0.170846 0.893861
vt 0.148046 0.893861
vt 0.125259 0.893861
vt 0.101909 0.893861
vt 0.078591 0.893861
vt 0.054711 0.893861
vt 0.030282 0.893861
vt 0.004638 0.893861
vt 0.004638 0.885658
vt 0.030282 0.885658
vt 0.054711 0.885658
vt 0.078591 0.885658
vt 0.101909 0.885658
vt 0.125203 0.885658
vt 0.148022 0.885658
vt 0.170824 0.885658
vt 0.194728 0.885658
vt 0.219157 0.885658
vt 0.244140 0.885658
vt 0.269722 0.885658
vt 0.296604 0.885658
vt 0.414065 0.899405
vt 0.414065 0.920336
vt 0.402160 0.920336
vt 0.402160 0.899405
vt 0.004638 0.864682
vt 0.024959 0.864682
vt 0.024959 0.876382
vt 0.004638 0.876382
vt 0.414065 0.879099
vt 0.402160 0.879099
vt 0.044669 0.864682
vt 0.044669 0.876382
vt 0.414065 0.857886
vt 0.402160 0.857886
vt 0.065264 0.864682
vt 0.065264 0.876382
vt 0.414065 0.835685
vt 0.402160 0.835685
vt 0.086818 0.864682
vt 0.086818 0.876382
vt 0.414065 0.812985
vt 0.402160 0.812985
vt 0.109381 0.864682
vt 0.109381 0.876382
vt 0.414065 0.790292
vt 0.402160 0.790292
vt 0.132448 0.864682
vt 0.132448 0.876382
vt 0.414065 0.767593
vt 0.402160 0.767593
vt 0.155514 0.864682
vt 0.155515 0.876382
vt 0.414065 0.745391
vt 0.402160 0.745391
vt 0.178077 0.864682
vt 0.178077 0.876382
vt 0.414065 0.724181
vt 0.402160 0.724181
vt 0.199632 0.864682
vt 0.199632 0.876382
vt 0.414065 0.703916
vt 0.402160 0.703916
vt 0.220226 0.864682
vt 0.220226 0.876382
vt 0.414065 0.684522
vt 0.402160 0.684522
vt 0.239936 0.864682
vt 0.239936 0.876382
vt 0.414065 0.664643
vt 0.402160 0.664643
vt 0.260257 0.864682
vt 0.260257 0.876382
vt 0.888655 0.024568
vt 0.890484 0.016030
vt 0.897402 0.018578
vt 0.896049 0.025551
vt 0.903253 0.019723
vt 0.902688 0.026148
vt 0.908816 0.019870
vt 0.909044 0.026168
vt 0.914328 0.018961
vt 0.915444 0.025543
vt 0.907193 0.008191
vt 0.907752 0.007793
vt 0.907858 0.009132
vt 0.907252 0.008864
vt 0.920218 0.016997
vt 0.922277 0.024266
vt 0.926943 0.013603
vt 0.930169 0.022402
vt 0.923943 0.044376
vt 0.931273 0.044236
vt 0.931273 0.071926
vt 0.924045 0.071926
vt 0.923415 0.032664
vt 0.931151 0.032007
vt 0.916721 0.044556
vt 0.916224 0.033281
vt 0.909616 0.044671
vt 0.909337 0.033636
vt 0.902586 0.044686
vt 0.902530 0.033670
vt 0.895582 0.044634
vt 0.895613 0.033449
vt 0.888569 0.044597
vt 0.888468 0.033215
vt 0.893379 0.011489
vt 0.898686 0.014593
vt 0.903667 0.016026
vt 0.908487 0.016326
vt 0.913215 0.015279
vt 0.918198 0.013091
vt 0.923619 0.009032
vt 0.908371 0.008097
vt 0.907632 0.006527
vt 0.909475 0.007327
vt 0.907435 0.004638
vt 0.911011 0.006288
vt 0.914678 0.008098
vt 0.917559 0.004892
vt 0.920243 0.006270
vt 0.916275 0.010215
vt 0.908405 0.008768
vt 0.909523 0.009349
vt 0.911208 0.010218
vt 0.912140 0.012462
vt 0.907961 0.010274
vt 0.908100 0.011672
vt 0.908295 0.013596
vt 0.906234 0.009660
vt 0.904865 0.010891
vt 0.904204 0.013141
vt 0.906014 0.007655
vt 0.904254 0.007002
vt 0.901282 0.009667
vt 0.900090 0.011726
vt 0.898308 0.007237
vt 0.896137 0.008702
vt 0.916878 0.071923
vt 0.909745 0.071913
vt 0.902642 0.071892
vt 0.895561 0.071864
vt 0.888490 0.071839
vt 0.459056 0.715823
vt 0.459056 0.673796
vt 0.465762 0.673765
vt 0.465762 0.715793
vt 0.459056 0.758115
vt 0.465762 0.758113
vt 0.491088 0.673816
vt 0.491088 0.715893
vt 0.484190 0.715931
vt 0.484190 0.673847
vt 0.498147 0.710398
vt 0.498147 0.721307
vt 0.749558 0.648163
vt 0.750901 0.649506
vt 0.739600 0.649497
vt 0.740941 0.648156
vt 0.172497 0.903155
vt 0.172495 0.912993
vt 0.093206 0.912989
vt 0.093207 0.903138
vt 0.491088 0.758233
vt 0.491088 0.801096
vt 0.484190 0.801195
vt 0.484190 0.758258
vt 0.452098 0.758118
vt 0.452098 0.721454
vt 0.897735 0.098936
vt 0.906903 0.089913
vt 0.912969 0.105740
vt 0.172495 0.914890
vt 0.172495 0.923505
vt 0.093206 0.923501
vt 0.093206 0.914886
vt 0.172495 0.925402
vt 0.172496 0.935239
vt 0.093206 0.935250
vt 0.093206 0.925398
vt 0.750902 0.650528
vt 0.750899 0.651550
vt 0.739598 0.651540
vt 0.739600 0.650518
vt 0.739584 0.664073
vt 0.738414 0.666073
vt 0.738429 0.652220
vt 0.739594 0.654223
vt 0.459056 0.800645
vt 0.465762 0.800842
vt 0.739601 0.646814
vt 0.738432 0.648814
vt 0.738441 0.634961
vt 0.739607 0.636963
vt 0.501724 0.758173
vt 0.500855 0.758180
vt 0.500855 0.721005
vt 0.502922 0.722409
vt 0.891399 0.891573
vt 0.891398 0.901411
vt 0.812109 0.901407
vt 0.812110 0.891555
vt 0.501724 0.673764
vt 0.500855 0.673769
vt 0.500855 0.636893
vt 0.502922 0.638299
vt 0.735394 0.667773
vt 0.735371 0.685034
vt 0.723541 0.685009
vt 0.723541 0.667759
vt 0.735413 0.650514
vt 0.723541 0.650506
vt 0.502922 0.709207
vt 0.513766 0.673709
vt 0.512084 0.709129
vt 0.500855 0.710626
vt 0.515486 0.758057
vt 0.514243 0.758065
vt 0.514243 0.720917
vt 0.515486 0.722310
vt 0.515486 0.709107
vt 0.514243 0.710539
vt 0.514243 0.673704
vt 0.515486 0.673700
vt 0.512084 0.722339
vt 0.513766 0.758074
vt 0.500004 0.709239
vt 0.500004 0.722439
vt 0.750883 0.666771
vt 0.751991 0.666184
vt 0.754361 0.667797
vt 0.750884 0.667792
vt 0.738391 0.683332
vt 0.739560 0.684015
vt 0.739559 0.685036
vt 0.891398 0.925554
vt 0.891399 0.934169
vt 0.812110 0.934179
vt 0.812109 0.925564
vt 0.452098 0.710240
vt 0.452098 0.673833
vt 0.459055 0.844998
vt 0.465762 0.844998
vt 0.467609 0.800895
vt 0.482360 0.801228
vt 0.482360 0.844998
vt 0.467609 0.844998
vt 0.498147 0.795406
vt 0.498147 0.806485
vt 0.498147 0.758200
vt 0.467609 0.161782
vt 0.482360 0.161609
vt 0.482360 0.207925
vt 0.467609 0.207783
vt 0.452098 0.844998
vt 0.452098 0.806058
vt 0.752006 0.652138
vt 0.754361 0.650531
vt 0.891398 0.903308
vt 0.891398 0.911922
vt 0.812109 0.911919
vt 0.812109 0.903304
vt 0.502922 0.794145
vt 0.512084 0.793988
vt 0.751987 0.669403
vt 0.750880 0.668814
vt 0.605922 0.894870
vt 0.605923 0.903485
vt 0.526624 0.903495
vt 0.526623 0.894880
vt 0.491087 0.844998
vt 0.498147 0.844998
vt 0.739562 0.681333
vt 0.738409 0.669479
vt 0.739574 0.671482
vt 0.501724 0.844998
vt 0.500855 0.844998
vt 0.500855 0.806118
vt 0.502922 0.807510
vt 0.467609 0.546932
vt 0.482360 0.547083
vt 0.482360 0.589509
vt 0.467609 0.589390
vt 0.452098 0.794738
vt 0.739579 0.668799
vt 0.739582 0.667778
vt 0.735378 0.546957
vt 0.735399 0.564222
vt 0.723541 0.564238
vt 0.723541 0.546980
vt 0.500855 0.795614
vt 0.891398 0.913819
vt 0.891398 0.923657
vt 0.812109 0.923667
vt 0.812109 0.913816
vt 0.515486 0.844998
vt 0.514243 0.844998
vt 0.514243 0.805891
vt 0.515486 0.807277
vt 0.515486 0.793948
vt 0.514243 0.795401
vt 0.512084 0.807335
vt 0.513766 0.844998
vt 0.500004 0.794216
vt 0.500004 0.807593
vt 0.750855 0.684032
vt 0.751963 0.683447
vt 0.754361 0.685063
vt 0.750855 0.685053
vt 0.738412 0.562538
vt 0.739585 0.563225
vt 0.739587 0.564217
vt 0.083929 0.937136
vt 0.083929 0.945751
vt 0.004639 0.945761
vt 0.004639 0.937146
vt 0.459056 0.589432
vt 0.459056 0.546956
vt 0.465762 0.546931
vt 0.465762 0.589395
vt 0.459056 0.504511
vt 0.465762 0.504505
vt 0.501724 0.504651
vt 0.500855 0.504653
vt 0.500855 0.467430
vt 0.502922 0.468851
vt 0.749569 0.630900
vt 0.750912 0.632242
vt 0.739611 0.632237
vt 0.740952 0.630896
vt 0.498147 0.504659
vt 0.498147 0.541585
vt 0.491088 0.547071
vt 0.491088 0.504664
vt 0.482360 0.631783
vt 0.467609 0.631651
vt 0.452098 0.552634
vt 0.452098 0.541325
vt 0.459056 0.631705
vt 0.452098 0.626140
vt 0.452098 0.589477
vt 0.392883 0.898183
vt 0.392884 0.906798
vt 0.313594 0.906808
vt 0.313594 0.898193
vt 0.605921 0.872623
vt 0.605921 0.881238
vt 0.526622 0.881234
vt 0.526622 0.872620
vt 0.605921 0.883135
vt 0.605922 0.892973
vt 0.526623 0.892983
vt 0.526622 0.883131
vt 0.750917 0.616000
vt 0.750916 0.617022
vt 0.739614 0.617021
vt 0.739616 0.616000
vt 0.739611 0.629554
vt 0.738443 0.631555
vt 0.738445 0.617702
vt 0.739613 0.619704
vt 0.605923 0.860889
vt 0.605922 0.870727
vt 0.526623 0.870723
vt 0.526624 0.860871
vt 0.739613 0.612295
vt 0.738446 0.614296
vt 0.738444 0.600443
vt 0.739612 0.602444
vt 0.498147 0.552527
vt 0.802832 0.891573
vt 0.802831 0.901411
vt 0.723541 0.901407
vt 0.723543 0.891555
vt 0.452098 0.504518
vt 0.735417 0.581482
vt 0.723541 0.581493
vt 0.750916 0.598736
vt 0.750914 0.599757
vt 0.739613 0.599761
vt 0.739613 0.598739
vt 0.502922 0.540440
vt 0.513766 0.504640
vt 0.512084 0.540407
vt 0.500855 0.541860
vt 0.515486 0.589380
vt 0.514243 0.589383
vt 0.514243 0.552294
vt 0.515486 0.553700
vt 0.735429 0.615999
vt 0.515486 0.540397
vt 0.514243 0.541830
vt 0.514243 0.504639
vt 0.515486 0.504638
vt 0.501724 0.589437
vt 0.502922 0.553682
vt 0.512084 0.553719
vt 0.513766 0.589384
vt 0.500004 0.540432
vt 0.500855 0.552255
vt 0.500004 0.553667
vt 0.752019 0.631655
vt 0.754361 0.633265
vt 0.750913 0.633264
vt 0.752018 0.634874
vt 0.750911 0.634286
vt 0.802831 0.925554
vt 0.802832 0.934169
vt 0.723542 0.934179
vt 0.723541 0.925564
vt 0.465762 0.631657
vt 0.491088 0.589475
vt 0.491088 0.631746
vt 0.484190 0.631779
vt 0.484190 0.589500
vt 0.498147 0.673783
vt 0.498147 0.589450
vt 0.498147 0.626268
vt 0.467609 0.715788
vt 0.482360 0.715931
vt 0.482360 0.758256
vt 0.467609 0.758105
vt 0.452098 0.637364
vt 0.919942 0.090076
vt 0.928703 0.099692
vt 0.802831 0.903308
vt 0.802831 0.911923
vt 0.723541 0.911919
vt 0.723541 0.903304
vt 0.502922 0.625102
vt 0.512084 0.625081
vt 0.739610 0.634280
vt 0.739612 0.633259
vt 0.752008 0.648920
vt 0.467609 0.377312
vt 0.482360 0.377591
vt 0.482360 0.419864
vt 0.467609 0.419623
vt 0.752023 0.617609
vt 0.754361 0.616000
vt 0.498147 0.637173
vt 0.735426 0.598741
vt 0.738443 0.597037
vt 0.739612 0.597718
vt 0.500855 0.626517
vt 0.500855 0.589440
vt 0.802831 0.913820
vt 0.802831 0.923657
vt 0.723541 0.923667
vt 0.723541 0.913815
vt 0.514243 0.636858
vt 0.515486 0.638259
vt 0.735425 0.633257
vt 0.515486 0.625064
vt 0.514243 0.626488
vt 0.512084 0.638283
vt 0.500004 0.625120
vt 0.500004 0.638314
vt 0.491088 0.419887
vt 0.484190 0.419870
vt 0.484190 0.377605
vt 0.491088 0.377643
vt 0.459056 0.419588
vt 0.459056 0.377260
vt 0.465762 0.377301
vt 0.465762 0.419618
vt 0.501724 0.335512
vt 0.500855 0.335509
vt 0.500855 0.298526
vt 0.502922 0.299954
vt 0.501724 0.419910
vt 0.500855 0.419909
vt 0.500855 0.382868
vt 0.502922 0.384285
vt 0.498147 0.335499
vt 0.498147 0.372218
vt 0.491088 0.335465
vt 0.498147 0.383129
vt 0.498147 0.419907
vt 0.749569 0.596373
vt 0.750914 0.597714
vt 0.740952 0.596376
vt 0.514243 0.456975
vt 0.515486 0.455552
vt 0.515486 0.468840
vt 0.514243 0.467426
vt 0.868021 0.138408
vt 0.868022 0.147023
vt 0.788703 0.147033
vt 0.788702 0.138418
vt 0.392883 0.875937
vt 0.392883 0.884552
vt 0.313593 0.884548
vt 0.313593 0.875933
vt 0.392883 0.886449
vt 0.392883 0.896286
vt 0.313594 0.896296
vt 0.313593 0.886445
vt 0.750907 0.581471
vt 0.750906 0.582492
vt 0.739604 0.582500
vt 0.739604 0.581479
vt 0.739609 0.595035
vt 0.738435 0.583183
vt 0.739604 0.585184
vt 0.392884 0.864202
vt 0.392883 0.874040
vt 0.313593 0.874036
vt 0.313595 0.864185
vt 0.739598 0.577774
vt 0.738432 0.579777
vt 0.738419 0.565922
vt 0.739589 0.567922
vt 0.467609 0.462046
vt 0.482360 0.462240
vt 0.482360 0.504671
vt 0.467609 0.504508
vt 0.452098 0.371605
vt 0.452098 0.335124
vt 0.459056 0.335154
vt 0.723541 0.598747
vt 0.502922 0.371081
vt 0.513766 0.335558
vt 0.512084 0.371112
vt 0.500855 0.372488
vt 0.515486 0.419929
vt 0.514243 0.419928
vt 0.514243 0.382923
vt 0.515486 0.384337
vt 0.515486 0.371134
vt 0.514243 0.372544
vt 0.514243 0.335561
vt 0.515486 0.335565
vt 0.512084 0.384326
vt 0.513766 0.419927
vt 0.500004 0.371079
vt 0.500004 0.384281
vt 0.752021 0.597126
vt 0.754361 0.598735
vt 0.752022 0.600344
vt 0.615200 0.871393
vt 0.615199 0.862778
vt 0.694490 0.862769
vt 0.694490 0.871383
vt 0.459056 0.462028
vt 0.465762 0.462038
vt 0.491088 0.462249
vt 0.484190 0.462250
vt 0.498147 0.467713
vt 0.615199 0.905375
vt 0.615200 0.895537
vt 0.694490 0.895540
vt 0.694489 0.905392
vt 0.498147 0.456773
vt 0.452098 0.467673
vt 0.928375 0.112604
vt 0.919029 0.121572
vt 0.615200 0.893639
vt 0.615201 0.885025
vt 0.694491 0.885029
vt 0.694491 0.893643
vt 0.615201 0.883128
vt 0.615200 0.873290
vt 0.694490 0.873280
vt 0.694491 0.883132
vt 0.752022 0.614391
vt 0.491088 0.163705
vt 0.491088 0.208048
vt 0.484190 0.207965
vt 0.484190 0.161936
vt 0.752013 0.583079
vt 0.754361 0.581468
vt 0.452098 0.456363
vt 0.452098 0.382836
vt 0.750865 0.546941
vt 0.750865 0.547991
vt 0.739568 0.548006
vt 0.739568 0.546955
vt 0.723541 0.633251
vt 0.723541 0.615998
vt 0.502922 0.455608
vt 0.512084 0.455554
vt 0.500855 0.457034
vt 0.512084 0.468851
vt 0.500004 0.455624
vt 0.500004 0.468858
vt 0.750916 0.614978
vt 0.739615 0.614978
vt 0.906014 0.121296
vt 0.459056 0.208030
vt 0.459056 0.163920
vt 0.465762 0.162132
vt 0.465762 0.207830
vt 0.459056 0.250658
vt 0.465762 0.250667
vt 0.501724 0.250979
vt 0.500855 0.250973
vt 0.500855 0.213537
vt 0.502922 0.215006
vt 0.459056 0.292957
vt 0.452098 0.287314
vt 0.452098 0.250653
vt 0.868022 0.104427
vt 0.868017 0.114265
vt 0.788698 0.114261
vt 0.788703 0.104409
vt 0.749542 0.561872
vt 0.750888 0.563212
vt 0.740924 0.561882
vt 0.514243 0.288203
vt 0.515486 0.286795
vt 0.515486 0.300016
vt 0.514243 0.298597
vt 0.897045 0.111820
vt 0.868016 0.116162
vt 0.868016 0.124776
vt 0.788697 0.124772
vt 0.788697 0.116158
vt 0.502922 0.201572
vt 0.501724 0.165887
vt 0.513766 0.166111
vt 0.512084 0.201782
vt 0.754361 0.546931
vt 0.751969 0.548570
vt 0.498147 0.213753
vt 0.498147 0.250955
vt 0.491088 0.250915
vt 0.739581 0.560541
vt 0.738403 0.548683
vt 0.739569 0.550689
vt 0.498147 0.202612
vt 0.467609 0.292998
vt 0.482360 0.293253
vt 0.482360 0.335422
vt 0.467609 0.335198
vt 0.498147 0.165506
vt 0.500855 0.202964
vt 0.500855 0.165864
vt 0.868017 0.126673
vt 0.868021 0.136511
vt 0.788702 0.136521
vt 0.788698 0.126669
vt 0.515486 0.251081
vt 0.514243 0.251074
vt 0.514243 0.213736
vt 0.515486 0.215187
vt 0.515486 0.201843
vt 0.514243 0.203242
vt 0.514243 0.166125
vt 0.515486 0.166137
vt 0.512084 0.215152
vt 0.513766 0.251066
vt 0.500004 0.201494
vt 0.500004 0.214946
vt 0.751999 0.562617
vt 0.754361 0.564200
vt 0.750891 0.564204
vt 0.751998 0.565812
vt 0.750890 0.565226
vt 0.465762 0.292984
vt 0.465762 0.335184
vt 0.452098 0.213915
vt 0.452098 0.419552
vt 0.749559 0.579108
vt 0.750904 0.580449
vt 0.739602 0.580457
vt 0.740941 0.579115
vt 0.083930 0.903155
vt 0.083928 0.912993
vt 0.004638 0.912989
vt 0.004640 0.903138
vt 0.452098 0.298555
vt 0.083928 0.914890
vt 0.083928 0.923505
vt 0.004638 0.923501
vt 0.004638 0.914886
vt 0.502922 0.286735
vt 0.512084 0.286781
vt 0.739588 0.565239
vt 0.752011 0.579861
vt 0.498147 0.287859
vt 0.498147 0.298780
vt 0.491088 0.293293
vt 0.452098 0.202631
vt 0.500855 0.288137
vt 0.083928 0.925402
vt 0.083929 0.935240
vt 0.004639 0.935249
vt 0.004638 0.925398
vt 0.512084 0.300006
vt 0.500004 0.286720
vt 0.500004 0.299934
vt 0.904036 0.081202
vt 0.923507 0.082164
vt 0.888837 0.094927
vt 0.936901 0.096061
vt 0.936901 0.115754
vt 0.922887 0.129893
vt 0.902808 0.129977
vt 0.888468 0.115631
vt 0.315621 0.947520
vt 0.315559 0.931383
vt 0.334942 0.939427
vt 0.326820 0.920034
vt 0.343066 0.958820
vt 0.327078 0.958884
vt 0.342807 0.919970
vt 0.354265 0.931333
vt 0.354326 0.947470
vt 0.739582 0.666756
vt 0.749514 0.682688
vt 0.740901 0.682676
vt 0.482360 0.250891
vt 0.467609 0.250674
vt 0.749541 0.665427
vt 0.740924 0.665416
vt 0.749572 0.613637
vt 0.740955 0.613637
vt 0.452098 0.165756
vt 0.484190 0.335434
vt 0.484190 0.547085
vt 0.484190 0.504671
vt 0.484190 0.293264
vt 0.467609 0.673761
vt 0.482360 0.673852
vt 0.484190 0.250887
vt 0.484190 0.844998
vt 0.517346 0.710238
vt 0.517346 0.721138
vt 0.500004 0.758186
vt 0.517346 0.673691
vt 0.500004 0.673774
vt 0.517346 0.795088
vt 0.517346 0.806092
vt 0.517346 0.758039
vt 0.517346 0.541554
vt 0.517346 0.552539
vt 0.517346 0.589375
vt 0.500004 0.589443
vt 0.517346 0.504636
vt 0.517346 0.626216
vt 0.517346 0.637109
vt 0.517346 0.372295
vt 0.517346 0.383195
vt 0.517346 0.419931
vt 0.517346 0.335571
vt 0.517346 0.456708
vt 0.517346 0.467681
vt 0.500004 0.504655
vt 0.500004 0.419909
vt 0.517346 0.203045
vt 0.517346 0.214057
vt 0.517346 0.251097
vt 0.517346 0.165882
vt 0.500004 0.165840
vt 0.517346 0.287966
vt 0.517346 0.298880
vt 0.500004 0.335506
vt 0.500004 0.250968
vt 0.517346 0.844998
vt 0.500004 0.844998
vt 0.750884 0.664087
vt 0.740937 0.652882
vt 0.750894 0.654233
vt 0.749554 0.652890
vt 0.750858 0.681349
vt 0.740918 0.670143
vt 0.750874 0.671497
vt 0.749535 0.670154
vt 0.750911 0.629559
vt 0.740954 0.618363
vt 0.750913 0.619705
vt 0.749571 0.618363
vt 0.750901 0.646823
vt 0.740950 0.635622
vt 0.750907 0.636969
vt 0.749566 0.635627
vt 0.750910 0.595030
vt 0.740945 0.583841
vt 0.750905 0.585176
vt 0.749563 0.583835
vt 0.750913 0.612295
vt 0.740953 0.601102
vt 0.750913 0.602441
vt 0.749571 0.601099
vt 0.750882 0.560528
vt 0.740909 0.549346
vt 0.750868 0.550674
vt 0.749524 0.549335
vt 0.750900 0.577765
vt 0.740929 0.566579
vt 0.750891 0.567910
vt 0.749548 0.566570
vt 0.172496 0.937137
vt 0.093206 0.937146
vt 0.093207 0.945761
vt 0.172496 0.945751
vt 0.172497 0.947648
vt 0.093207 0.947658
vt 0.891399 0.936066
vt 0.812110 0.936076
vt 0.605923 0.905382
vt 0.526624 0.905392
vt 0.392884 0.908695
vt 0.313595 0.908706
vt 0.615199 0.860881
vt 0.694489 0.860871
vt 0.868022 0.148920
vt 0.788703 0.148930
vt 0.083930 0.947648
vt 0.004640 0.947658
vt 0.313593 0.948369
vt 0.313593 0.930546
vt 0.326017 0.918118
vt 0.343868 0.960736
vt 0.326295 0.960872
vt 0.343590 0.917982
vt 0.356292 0.930484
vt 0.356292 0.948307
vt 0.802832 0.936066
vt 0.723543 0.936076
vt 0.095311 0.814027
vt 0.095311 0.561862
vt 0.099953 0.561862
vt 0.099953 0.814027
vt 0.004638 0.046016
vt 0.009109 0.046016
vt 0.009109 0.298335
vt 0.004638 0.298335
vt 0.010837 0.817862
vt 0.054822 0.817475
vt 0.062393 0.818760
vt 0.038512 0.851509
vt 0.139664 0.561862
vt 0.139664 0.814027
vt 0.104251 0.814027
vt 0.104251 0.561862
vt 0.065200 0.814027
vt 0.065200 0.561862
vt 0.291995 0.819726
vt 0.264106 0.855227
vt 0.259217 0.851325
vt 0.286926 0.817671
vt 0.009109 0.814027
vt 0.009109 0.561862
vt 0.054940 0.561862
vt 0.054940 0.814027
vt 0.054940 0.298335
vt 0.054940 0.046016
vt 0.061014 0.046016
vt 0.061014 0.298335
vt 0.232545 0.046040
vt 0.232545 0.298029
vt 0.202429 0.298029
vt 0.202429 0.046040
vt 0.293113 0.046040
vt 0.293113 0.298029
vt 0.288643 0.298029
vt 0.288643 0.046040
vt 0.235332 0.818560
vt 0.242882 0.817274
vt 0.202429 0.813826
vt 0.197786 0.813826
vt 0.197786 0.561557
vt 0.202429 0.561557
vt 0.005772 0.819915
vt 0.033624 0.855406
vt 0.004638 0.561862
vt 0.232545 0.813826
vt 0.232545 0.561557
vt 0.242741 0.298029
vt 0.236727 0.298029
vt 0.236727 0.046040
vt 0.242741 0.046040
vt 0.065200 0.046016
vt 0.095311 0.046016
vt 0.095311 0.298335
vt 0.065200 0.298335
vt 0.004638 0.814026
vt 0.010837 0.042180
vt 0.038514 0.008535
vt 0.062393 0.041282
vt 0.054822 0.042567
vt 0.005772 0.040127
vt 0.033626 0.004638
vt 0.158080 0.298029
vt 0.158080 0.046040
vt 0.193489 0.046040
vt 0.193489 0.298029
vt 0.197786 0.298029
vt 0.197786 0.046040
vt 0.061014 0.561862
vt 0.061014 0.814027
vt 0.158080 0.561557
vt 0.193489 0.561557
vt 0.193489 0.813826
vt 0.158080 0.813826
vt 0.293113 0.813826
vt 0.288643 0.813826
vt 0.288643 0.561557
vt 0.293113 0.561557
vt 0.286926 0.042195
vt 0.242882 0.042593
vt 0.235332 0.041306
vt 0.259218 0.008540
vt 0.291994 0.040140
vt 0.264107 0.004638
vt 0.242741 0.813826
vt 0.242741 0.561557
vt 0.236727 0.813826
vt 0.236728 0.561557
vt 0.104251 0.298335
vt 0.139664 0.298335
vt 0.099953 0.298335
vt 0.099953 0.046016
vt 0.139664 0.046016
vt 0.140661 0.041441
vt 0.144233 0.046016
vt 0.104251 0.046016
vt 0.101986 0.041664
vt 0.153509 0.046040
vt 0.157089 0.041476
vt 0.195742 0.041694
vt 0.144233 0.814027
vt 0.140661 0.818602
vt 0.101986 0.818379
vt 0.157089 0.818389
vt 0.153509 0.813826
vt 0.195742 0.818172
vt 0.095765 0.041224
vt 0.201955 0.041251
vt 0.095765 0.818818
vt 0.201955 0.818615
vt 0.144233 0.298335
vt 0.144233 0.561862
vt 0.153509 0.561557
vt 0.153509 0.298029
vt 0.419062 0.519707
vt 0.419062 0.655366
vt 0.394774 0.655366
vt 0.394774 0.519707
vt 0.302389 0.004638
vt 0.315440 0.004638
vt 0.315440 0.140273
vt 0.302389 0.140273
vt 0.351361 0.655366
vt 0.351361 0.519707
vt 0.367999 0.519707
vt 0.367999 0.655366
vt 0.321139 0.655366
vt 0.321139 0.519707
vt 0.345435 0.519707
vt 0.345435 0.655366
vt 0.546341 0.920715
vt 0.555815 0.927529
vt 0.555599 0.954983
vt 0.546341 0.964524
vt 0.424760 0.140273
vt 0.437819 0.140273
vt 0.437819 0.266704
vt 0.424760 0.266704
vt 0.372221 0.004638
vt 0.388850 0.004638
vt 0.388850 0.140273
vt 0.372221 0.140273
vt 0.424760 0.004638
vt 0.437819 0.004638
vt 0.321139 0.004638
vt 0.345435 0.004638
vt 0.345435 0.140273
vt 0.321139 0.140273
vt 0.302389 0.655366
vt 0.302389 0.519707
vt 0.315440 0.519707
vt 0.315440 0.655366
vt 0.531609 0.927312
vt 0.540686 0.920652
vt 0.540686 0.964469
vt 0.531385 0.954766
vt 0.253224 0.909122
vt 0.253224 0.952939
vt 0.243923 0.943236
vt 0.244147 0.915781
vt 0.351361 0.004638
vt 0.367999 0.004638
vt 0.367999 0.140273
vt 0.351361 0.140273
vt 0.367999 0.266704
vt 0.351361 0.266704
vt 0.372221 0.655366
vt 0.372221 0.519707
vt 0.388850 0.519707
vt 0.388850 0.655366
vt 0.424760 0.655366
vt 0.424760 0.519707
vt 0.437819 0.519707
vt 0.437819 0.655366
vt 0.419062 0.393241
vt 0.394774 0.393241
vt 0.394774 0.266704
vt 0.419062 0.266704
vt 0.372221 0.393241
vt 0.388850 0.393241
vt 0.424760 0.393241
vt 0.437819 0.393241
vt 0.302389 0.393241
vt 0.315440 0.393241
vt 0.345435 0.393241
vt 0.321139 0.393241
vt 0.321139 0.266704
vt 0.345435 0.266704
vt 0.315440 0.266704
vt 0.302389 0.266704
vt 0.372221 0.266704
vt 0.388850 0.266704
vt 0.394774 0.140273
vt 0.419062 0.140273
vt 0.351361 0.393241
vt 0.367999 0.393241
vt 0.394774 0.004638
vt 0.419062 0.004638
vt 0.272920 0.916948
vt 0.268354 0.915999
vt 0.270283 0.911446
vt 0.272920 0.941810
vt 0.270507 0.947725
vt 0.268138 0.943453
vt 0.239575 0.916650
vt 0.242304 0.911218
vt 0.241474 0.947484
vt 0.239161 0.941511
vt 0.258879 0.903138
vt 0.258879 0.909185
vt 0.253224 0.903192
vt 0.253224 0.959974
vt 0.258879 0.952994
vt 0.258879 0.959898
vt 0.527037 0.928180
vt 0.529766 0.922748
vt 0.526622 0.953041
vt 0.528935 0.959014
vt 0.560382 0.928478
vt 0.557745 0.922976
vt 0.557969 0.959255
vt 0.560382 0.953340
vt 0.540686 0.914722
vt 0.546341 0.914668
vt 0.546341 0.971428
vt 0.540686 0.971504
vt 0.442822 0.140273
vt 0.442822 0.266704
vt 0.442822 0.393241
vt 0.442822 0.519707
vt 0.442822 0.004638
vt 0.442822 0.655366
vt 0.611678 0.168557
vt 0.611678 0.522863
vt 0.604804 0.529062
vt 0.604804 0.179460
vt 0.631535 0.161612
vt 0.631535 0.517621
vt 0.617858 0.518615
vt 0.617858 0.161609
vt 0.596836 0.536464
vt 0.596836 0.195435
vt 0.953447 0.399601
vt 0.953447 0.384349
vt 0.955729 0.381358
vt 0.955911 0.399597
vt 0.902899 0.406284
vt 0.903261 0.408158
vt 0.902704 0.408228
vt 0.902260 0.405858
vt 0.886304 0.586254
vt 0.895095 0.586116
vt 0.895473 0.600564
vt 0.886305 0.598178
vt 0.541366 0.200054
vt 0.541366 0.537655
vt 0.533452 0.530300
vt 0.533452 0.184183
vt 0.669537 0.517724
vt 0.669537 0.172937
vt 0.676334 0.179068
vt 0.676334 0.528506
vt 0.877465 0.249425
vt 0.877086 0.234973
vt 0.886260 0.237360
vt 0.886262 0.249309
vt 0.986800 0.421078
vt 0.986800 0.399974
vt 0.989477 0.399970
vt 0.989457 0.421078
vt 0.877112 0.600542
vt 0.877508 0.586108
vt 0.856670 0.223183
vt 0.861872 0.220869
vt 0.867351 0.222211
vt 0.860894 0.229271
vt 0.963191 0.939216
vt 0.963191 0.930115
vt 0.985502 0.930115
vt 0.985502 0.939216
vt 0.905930 0.211452
vt 0.911436 0.212283
vt 0.914448 0.216475
vt 0.906412 0.216640
vt 0.969449 0.532855
vt 0.969448 0.680024
vt 0.966879 0.680027
vt 0.967125 0.532863
vt 0.984913 0.512363
vt 0.969449 0.512308
vt 0.969450 0.503122
vt 0.984913 0.503177
vt 0.985502 0.921166
vt 0.963191 0.921166
vt 0.969450 0.475734
vt 0.969450 0.487297
vt 0.967019 0.487300
vt 0.967002 0.475882
vt 0.984913 0.475793
vt 0.984913 0.487355
vt 0.963192 0.974564
vt 0.963191 0.959548
vt 0.985502 0.959548
vt 0.985502 0.974564
vt 0.985502 0.995362
vt 0.963192 0.995362
vt 0.804924 0.663857
vt 0.804925 0.671541
vt 0.795874 0.656379
vt 0.795302 0.645781
vt 0.953915 0.710098
vt 0.931605 0.710098
vt 0.931605 0.689301
vt 0.953915 0.689301
vt 0.869846 0.227943
vt 0.869884 0.249937
vt 0.985502 0.943251
vt 0.963191 0.943251
vt 0.951552 0.381151
vt 0.936212 0.381040
vt 0.936046 0.365927
vt 0.951661 0.365987
vt 0.832084 0.204123
vt 0.839004 0.210027
vt 0.833046 0.216440
vt 0.830033 0.212244
vt 0.786023 0.613276
vt 0.784775 0.618841
vt 0.776744 0.619007
vt 0.780528 0.614627
vt 0.903116 0.203839
vt 0.904646 0.192472
vt 0.913469 0.204225
vt 0.867410 0.613314
vt 0.866158 0.618881
vt 0.858122 0.619043
vt 0.861914 0.614661
vt 0.934298 0.384289
vt 0.934298 0.399544
vt 0.931623 0.399540
vt 0.931803 0.381291
vt 0.581998 0.168555
vt 0.588871 0.179460
vt 0.588871 0.529059
vt 0.581998 0.522858
vt 0.562233 0.166462
vt 0.575837 0.166463
vt 0.575837 0.521554
vt 0.562233 0.520560
vt 0.839003 0.625375
vt 0.833066 0.618983
vt 0.835498 0.617263
vt 0.934298 0.420651
vt 0.934299 0.441758
vt 0.931605 0.441759
vt 0.931641 0.420650
vt 0.969451 0.366306
vt 0.969532 0.381477
vt 0.967652 0.384665
vt 0.967004 0.366159
vt 0.549279 0.184186
vt 0.549279 0.530300
vt 0.936046 0.338528
vt 0.936046 0.343417
vt 0.933390 0.343420
vt 0.933386 0.338532
vt 0.985502 0.912216
vt 0.963191 0.912216
vt 0.963191 0.903116
vt 0.985502 0.903116
vt 0.951661 0.343473
vt 0.951661 0.338583
vt 0.954111 0.338590
vt 0.954106 0.343476
vt 0.984913 0.498289
vt 0.987568 0.498286
vt 0.987572 0.503172
vt 0.969450 0.498234
vt 0.967000 0.503116
vt 0.967005 0.498231
vt 0.953915 0.791113
vt 0.953915 0.796154
vt 0.931605 0.796154
vt 0.931605 0.791113
vt 0.969453 0.161609
vt 0.969451 0.309255
vt 0.967130 0.309255
vt 0.966879 0.161622
vt 0.984915 0.329771
vt 0.984914 0.338965
vt 0.969451 0.338907
vt 0.969451 0.329716
vt 0.895879 0.189680
vt 0.886252 0.171591
vt 0.886251 0.163901
vt 0.895308 0.179075
vt 0.969451 0.354738
vt 0.967020 0.354735
vt 0.984914 0.354795
vt 0.984914 0.366363
vt 0.985502 0.882783
vt 0.963191 0.882783
vt 0.963191 0.867767
vt 0.985502 0.867767
vt 0.985502 0.948781
vt 0.985502 0.953822
vt 0.963191 0.953822
vt 0.963191 0.948781
vt 0.969510 0.460555
vt 0.984845 0.460697
vt 0.910661 0.220857
vt 0.905163 0.222209
vt 0.814539 0.645753
vt 0.813975 0.656385
vt 0.953915 0.725115
vt 0.931605 0.725115
vt 0.902651 0.427410
vt 0.902182 0.429833
vt 0.894890 0.429238
vt 0.894999 0.426842
vt 0.734099 0.523714
vt 0.730994 0.523495
vt 0.724374 0.513021
vt 0.724374 0.168890
vt 0.734099 0.174986
vt 0.753578 0.525444
vt 0.740193 0.525673
vt 0.740193 0.176170
vt 0.753578 0.176935
vt 0.716538 0.497312
vt 0.716538 0.161609
vt 0.911654 0.229272
vt 0.902650 0.249945
vt 0.902706 0.227972
vt 0.804909 0.586212
vt 0.804912 0.598136
vt 0.795720 0.600502
vt 0.796113 0.586067
vt 0.661661 0.501929
vt 0.653784 0.517723
vt 0.653784 0.172937
vt 0.661661 0.165617
vt 0.986800 0.457437
vt 0.986800 0.442182
vt 0.989477 0.442187
vt 0.989281 0.460446
vt 0.953915 0.730840
vt 0.931605 0.730841
vt 0.915987 0.223016
vt 0.916971 0.218253
vt 0.886313 0.663889
vt 0.895928 0.645800
vt 0.895360 0.656451
vt 0.886314 0.671570
vt 0.855653 0.218214
vt 0.858087 0.216493
vt 0.953915 0.785582
vt 0.931605 0.785582
vt 0.931605 0.781547
vt 0.953915 0.781548
vt 0.821707 0.203796
vt 0.814464 0.189638
vt 0.813884 0.178989
vt 0.823238 0.192378
vt 0.951662 0.680025
vt 0.951661 0.532441
vt 0.953982 0.532442
vt 0.954235 0.680013
vt 0.936046 0.511938
vt 0.936046 0.502748
vt 0.951661 0.502802
vt 0.951661 0.511990
vt 0.951661 0.486980
vt 0.951661 0.475420
vt 0.954108 0.475567
vt 0.954092 0.486983
vt 0.936046 0.486926
vt 0.936046 0.475366
vt 0.876630 0.189706
vt 0.877194 0.179067
vt 0.984835 0.381436
vt 0.777629 0.204157
vt 0.779678 0.212264
vt 0.776669 0.216451
vt 0.770721 0.210052
vt 0.905200 0.613318
vt 0.910677 0.614659
vt 0.914459 0.619033
vt 0.906441 0.618868
vt 0.931605 0.772447
vt 0.953915 0.772447
vt 0.770757 0.625301
vt 0.774223 0.617230
vt 0.852168 0.625451
vt 0.855677 0.617314
vt 0.785186 0.211435
vt 0.786443 0.192416
vt 0.787988 0.203830
vt 0.969451 0.343797
vt 0.967006 0.343799
vt 0.967002 0.338913
vt 0.859049 0.204209
vt 0.861096 0.212306
vt 0.852147 0.210096
vt 0.701946 0.523747
vt 0.701946 0.174989
vt 0.708705 0.168890
vt 0.708705 0.513024
vt 0.682414 0.530587
vt 0.682414 0.180175
vt 0.695865 0.179176
vt 0.695865 0.530587
vt 0.984914 0.343855
vt 0.987575 0.338971
vt 0.987571 0.343858
vt 0.951661 0.354416
vt 0.954093 0.354413
vt 0.954106 0.365840
vt 0.953915 0.801880
vt 0.931605 0.801880
vt 0.963191 0.888509
vt 0.985502 0.888509
vt 0.985502 0.893550
vt 0.963191 0.893550
vt 0.967651 0.421023
vt 0.967651 0.442127
vt 0.965187 0.442131
vt 0.965205 0.421023
vt 0.951661 0.308838
vt 0.951660 0.161613
vt 0.954230 0.161609
vt 0.953986 0.308831
vt 0.936046 0.329337
vt 0.951661 0.329393
vt 0.987594 0.512355
vt 0.953915 0.816896
vt 0.931605 0.816896
vt 0.936046 0.354357
vt 0.556109 0.173353
vt 0.556109 0.524139
vt 0.953915 0.763497
vt 0.931605 0.763497
vt 0.856691 0.612360
vt 0.788477 0.427273
vt 0.788935 0.429713
vt 0.788288 0.429257
vt 0.787941 0.427428
vt 0.967651 0.399918
vt 0.965188 0.399914
vt 0.869885 0.427342
vt 0.870338 0.429751
vt 0.869691 0.429296
vt 0.869348 0.427487
vt 0.821494 0.406253
vt 0.821860 0.408146
vt 0.821304 0.408225
vt 0.820854 0.405826
vt 0.895065 0.249431
vt 0.895459 0.234992
vt 0.877659 0.406411
vt 0.877556 0.408734
vt 0.869909 0.408168
vt 0.870354 0.405820
vt 0.987563 0.475959
vt 0.870604 0.404237
vt 0.877740 0.404721
vt 0.987551 0.487358
vt 0.869405 0.203872
vt 0.867862 0.192472
vt 0.866110 0.216658
vt 0.987605 0.329781
vt 0.986801 0.384724
vt 0.989282 0.381715
vt 0.985502 0.846970
vt 0.963191 0.846970
vt 0.985502 0.899081
vt 0.963191 0.899081
vt 0.894911 0.406430
vt 0.895003 0.408764
vt 0.886282 0.408875
vt 0.886281 0.406570
vt 0.987553 0.354792
vt 0.987564 0.366196
vt 0.824523 0.211412
vt 0.953915 0.754548
vt 0.931605 0.754548
vt 0.931605 0.745447
vt 0.953915 0.745447
vt 0.933357 0.511927
vt 0.933387 0.502742
vt 0.934299 0.456657
vt 0.934391 0.457364
vt 0.931898 0.460161
vt 0.820606 0.404233
vt 0.813429 0.404701
vt 0.813650 0.249394
vt 0.821234 0.249907
vt 0.804847 0.249272
vt 0.804844 0.237323
vt 0.814044 0.234955
vt 0.933405 0.486928
vt 0.933405 0.475502
vt 0.934496 0.457296
vt 0.936332 0.460430
vt 0.936046 0.497860
vt 0.933391 0.497857
vt 0.829252 0.220825
vt 0.823752 0.222173
vt 0.825003 0.216602
vt 0.931605 0.735882
vt 0.953915 0.735882
vt 0.953915 0.741412
vt 0.931605 0.741412
vt 0.796254 0.406382
vt 0.796150 0.408732
vt 0.788498 0.408169
vt 0.788948 0.405792
vt 0.933394 0.365771
vt 0.804832 0.171563
vt 0.804831 0.163876
vt 0.804876 0.406540
vt 0.804876 0.408871
vt 0.933406 0.354354
vt 0.795779 0.179007
vt 0.795212 0.189665
vt 0.784692 0.216616
vt 0.785934 0.222170
vt 0.780453 0.220828
vt 0.813598 0.408761
vt 0.813505 0.406399
vt 0.953915 0.837694
vt 0.931605 0.837694
vt 0.933363 0.329345
vt 0.646988 0.528505
vt 0.646988 0.179068
vt 0.920441 0.210177
vt 0.869371 0.408101
vt 0.869728 0.406244
vt 0.787961 0.408092
vt 0.788322 0.406216
vt 0.967651 0.457380
vt 0.965370 0.460370
vt 0.876690 0.645826
vt 0.877269 0.656467
vt 0.867921 0.643087
vt 0.869452 0.631678
vt 0.859083 0.631351
vt 0.861133 0.623236
vt 0.866638 0.624067
vt 0.877743 0.430859
vt 0.869925 0.585596
vt 0.870571 0.431320
vt 0.966964 0.512294
vt 0.869868 0.607555
vt 0.877579 0.426818
vt 0.877671 0.429203
vt 0.903147 0.631646
vt 0.904690 0.643051
vt 0.903168 0.427549
vt 0.902743 0.429461
vt 0.913499 0.631319
vt 0.905948 0.624045
vt 0.911451 0.623218
vt 0.886284 0.429084
vt 0.886284 0.426724
vt 0.965371 0.381674
vt 0.966967 0.329727
vt 0.902674 0.585607
vt 0.902708 0.607589
vt 0.953447 0.420708
vt 0.955894 0.420708
vt 0.953447 0.457068
vt 0.953447 0.441815
vt 0.955911 0.441819
vt 0.955729 0.460057
vt 0.832105 0.631258
vt 0.823300 0.642989
vt 0.821756 0.631596
vt 0.824556 0.623996
vt 0.830059 0.623168
vt 0.813403 0.430838
vt 0.820549 0.431326
vt 0.821278 0.585564
vt 0.813699 0.586073
vt 0.814079 0.600520
vt 0.951661 0.497915
vt 0.954105 0.497912
vt 0.821314 0.607543
vt 0.954109 0.502796
vt 0.954145 0.511978
vt 0.825049 0.618820
vt 0.786541 0.642991
vt 0.788069 0.631632
vt 0.951584 0.460250
vt 0.777723 0.631248
vt 0.779755 0.623195
vt 0.785256 0.624025
vt 0.804880 0.426658
vt 0.804880 0.429044
vt 0.796268 0.429164
vt 0.796175 0.426753
vt 0.788478 0.607517
vt 0.788530 0.585556
vt 0.821767 0.427487
vt 0.821338 0.429419
vt 0.820777 0.429792
vt 0.821251 0.427338
vt 0.823807 0.613271
vt 0.829283 0.614610
vt 0.796049 0.249389
vt 0.795669 0.234934
vt 0.866603 0.211478
vt 0.915885 0.612358
vt 0.916898 0.617309
vt 0.905221 0.585439
vt 0.912310 0.604313
vt 0.911654 0.606260
vt 0.813485 0.429197
vt 0.813594 0.426775
vt 0.821293 0.227936
vt 0.920403 0.625428
vt 0.788467 0.249901
vt 0.788428 0.227904
vt 0.954147 0.329408
vt 0.984915 0.309389
vt 0.987368 0.309384
vt 0.912310 0.231223
vt 0.905203 0.250114
vt 0.867333 0.250105
vt 0.860238 0.231220
vt 0.637712 0.163723
vt 0.637712 0.518749
vt 0.759517 0.173315
vt 0.759517 0.518557
vt 0.904281 0.405086
vt 0.902013 0.404264
vt 0.823787 0.250076
vt 0.822876 0.405054
vt 0.789198 0.404209
vt 0.786941 0.405022
vt 0.785915 0.250069
vt 0.867376 0.585427
vt 0.868302 0.430492
vt 0.904206 0.430546
vt 0.901954 0.431367
vt 0.822801 0.430505
vt 0.823825 0.585396
vt 0.789169 0.431281
vt 0.785981 0.585387
vt 0.786899 0.430454
vt 0.526622 0.524139
vt 0.526622 0.173349
vt 0.984912 0.532582
vt 0.987352 0.532581
vt 0.860926 0.606253
vt 0.860271 0.604304
vt 0.886253 0.174520
vt 0.876985 0.192288
vt 0.877317 0.232960
vt 0.886260 0.235406
vt 0.870135 0.205906
vt 0.870493 0.226104
vt 0.867308 0.190688
vt 0.876886 0.176969
vt 0.886251 0.161609
vt 0.858364 0.202533
vt 0.850212 0.209645
vt 0.855143 0.223762
vt 0.854156 0.219105
vt 0.868152 0.211441
vt 0.867590 0.216640
vt 0.868895 0.222248
vt 0.895525 0.192259
vt 0.895231 0.232979
vt 0.902387 0.205874
vt 0.902052 0.226140
vt 0.895610 0.176957
vt 0.905197 0.190658
vt 0.914159 0.202508
vt 0.922328 0.209629
vt 0.917416 0.223749
vt 0.918413 0.219095
vt 0.904928 0.216620
vt 0.904381 0.211416
vt 0.903612 0.222255
vt 0.814111 0.192216
vt 0.804833 0.174488
vt 0.804844 0.235368
vt 0.813816 0.232942
vt 0.820979 0.205831
vt 0.820639 0.226104
vt 0.814192 0.176911
vt 0.823790 0.190604
vt 0.804830 0.161609
vt 0.832768 0.202450
vt 0.840936 0.209576
vt 0.835997 0.223722
vt 0.830896 0.231189
vt 0.830240 0.229238
vt 0.834478 0.223127
vt 0.835492 0.218169
vt 0.836987 0.219057
vt 0.823519 0.216582
vt 0.822973 0.211375
vt 0.822201 0.222218
vt 0.795568 0.192246
vt 0.795900 0.232922
vt 0.788718 0.205863
vt 0.789075 0.226065
vt 0.785889 0.190643
vt 0.795468 0.176928
vt 0.776944 0.202488
vt 0.768793 0.209603
vt 0.775242 0.223131
vt 0.779475 0.229232
vt 0.778819 0.231181
vt 0.773722 0.223720
vt 0.772736 0.219063
vt 0.774228 0.218176
vt 0.786735 0.211399
vt 0.786173 0.216599
vt 0.787477 0.222208
vt 0.870180 0.629644
vt 0.877042 0.643249
vt 0.877340 0.602554
vt 0.870521 0.609386
vt 0.886313 0.660966
vt 0.886306 0.600131
vt 0.886315 0.673835
vt 0.876960 0.658544
vt 0.867370 0.644860
vt 0.858399 0.633022
vt 0.850237 0.625901
vt 0.855173 0.611765
vt 0.854184 0.616427
vt 0.868960 0.613269
vt 0.867642 0.618901
vt 0.868187 0.624104
vt 0.895572 0.643221
vt 0.902417 0.629614
vt 0.902061 0.609427
vt 0.895242 0.602575
vt 0.895671 0.658528
vt 0.905244 0.644823
vt 0.914183 0.632986
vt 0.922328 0.625877
vt 0.917403 0.611769
vt 0.918389 0.616423
vt 0.904961 0.618886
vt 0.903658 0.613281
vt 0.904400 0.624081
vt 0.814183 0.643173
vt 0.821027 0.629565
vt 0.820668 0.609381
vt 0.813848 0.602532
vt 0.804923 0.660930
vt 0.804912 0.600089
vt 0.814283 0.658482
vt 0.804926 0.673831
vt 0.823854 0.644772
vt 0.832790 0.632934
vt 0.840936 0.625826
vt 0.830914 0.604266
vt 0.836007 0.611719
vt 0.834481 0.612298
vt 0.830258 0.606213
vt 0.836993 0.616373
vt 0.823569 0.618837
vt 0.822265 0.613233
vt 0.823008 0.624033
vt 0.788798 0.629599
vt 0.795656 0.643204
vt 0.795948 0.602514
vt 0.789132 0.609347
vt 0.795573 0.658495
vt 0.785991 0.644805
vt 0.777035 0.632964
vt 0.768870 0.625848
vt 0.779535 0.606217
vt 0.775206 0.612470
vt 0.773778 0.611738
vt 0.778880 0.604267
vt 0.772782 0.616389
vt 0.787572 0.613230
vt 0.786258 0.618861
vt 0.786805 0.624061
vt 0.936046 0.309111
vt 0.933605 0.309111
vt 0.933594 0.532316
vt 0.936046 0.532311
vt 0.886281 0.404920
vt 0.894835 0.404732
vt 0.804875 0.404891
vt 0.796335 0.404691
vt 0.936045 0.161774
vt 0.933476 0.161783
vt 0.868347 0.405051
vt 0.796340 0.430820
vt 0.804880 0.430645
vt 0.936047 0.679926
vt 0.933470 0.679930
vt 0.984911 0.679861
vt 0.987480 0.679853
vt 0.886284 0.430685
vt 0.894808 0.430878
vt 0.984916 0.161711
vt 0.987494 0.161707
vt 0.867653 0.427937
vt 0.867669 0.407805
vt 0.904962 0.407866
vt 0.904872 0.428019
vt 0.823559 0.407834
vt 0.823469 0.427978
vt 0.786247 0.427899
vt 0.786260 0.407777
s 1
usemtl SM_Well:M_Well_04
f 4624/5647/3213 4625/5648/3213 4743/5649/3214 4745/5650/3215
f 4766/5651/3216 4756/5652/3217 4754/5653/3218 4768/5654/3219
f 4634/5655/3220 4633/5656/3220 4775/5657/3221 4777/5658/3222
f 4780/5659/3223 4742/5660/3224 4740/5661/3225 4782/5662/3226
f 4768/5654/3219 4754/5653/3218 4752/5663/3227 4770/5664/3228
f 4633/5656/3220 4632/5665/3220 4773/5666/3229 4775/5657/3221
f 4770/5664/3228 4752/5663/3227 4750/5667/3230 4772/5668/3231
f 4632/5665/3220 4631/5669/3220 4771/5670/3232 4773/5666/3229
f 4737/5671/3233 4739/5672/3234 4760/5673/3235 4762/5674/3236
f 4772/5668/3231 4750/5667/3230 4748/5675/3237 4774/5676/3238
f 4631/5669/3220 4630/5677/3220 4769/5678/3239 4771/5670/3232
f 4652/5679/3213 4810/5680/3240 4785/5681/3241 4663/5682/3213
f 4603/5683/3242 4638/5684/3242 4627/5685/3243 4604/5686/3243
f 4604/5686/3243 4627/5685/3243 4628/5687/3244 4605/5688/3244
f 4605/5688/3244 4628/5687/3244 4629/5689/3245 4606/5690/3245
f 4606/5690/3245 4629/5689/3245 4630/5691/3246 4607/5692/3246
f 4607/5692/3246 4630/5691/3246 4631/5693/3247 4608/5694/3247
f 4608/5694/3247 4631/5693/3247 4632/5695/3248 4609/5696/3248
f 4609/5696/3248 4632/5695/3248 4633/5697/3249 4610/5698/3249
f 4610/5698/3249 4633/5697/3249 4634/5699/3250 4611/5700/3250
f 4611/5700/3250 4634/5699/3250 4635/5701/3251 4612/5702/3251
f 4612/5702/3251 4635/5701/3251 4636/5703/3252 4613/5704/3252
f 4613/5704/3252 4636/5703/3252 4637/5705/3253 4614/5706/3253
f 4614/5706/3253 4637/5705/3253 4638/5707/3242 4603/5708/3242
f 4638/5709/3220 4637/5710/3220 4783/5711/3254 4736/5712/3255
f 4625/5648/3213 4626/5713/3213 4741/5714/3256 4743/5649/3214
f 4623/5715/3213 4624/5647/3213 4745/5650/3215 4747/5716/3257
f 4622/5717/3213 4623/5715/3213 4747/5716/3257 4749/5718/3258
f 4621/5719/3213 4622/5717/3213 4749/5718/3258 4751/5720/3259
f 4620/5721/3213 4621/5719/3213 4751/5720/3259 4753/5722/3260
f 4619/5723/3213 4620/5721/3213 4753/5722/3260 4755/5724/3261
f 4618/5725/3213 4619/5723/3213 4755/5724/3261 4757/5726/3262
f 4617/5727/3213 4618/5725/3213 4757/5726/3262 4759/5728/3263
f 4616/5729/3213 4617/5727/3213 4759/5728/3263 4761/5730/3264
f 4628/5731/3220 4627/5732/3220 4763/5733/3265 4765/5734/3266
f 4615/5735/3213 4616/5729/3213 4761/5730/3264 4738/5736/3267
f 4635/5737/3220 4634/5655/3220 4777/5658/3222 4779/5738/3268
f 4764/5739/3269 4758/5740/3270 4756/5652/3217 4766/5651/3216
f 4782/5662/3226 4740/5661/3225 4739/5741/3234 4737/5742/3233
f 4778/5743/3271 4744/5744/3272 4742/5660/3224 4780/5659/3223
f 4636/5745/3220 4635/5737/3220 4779/5738/3268 4781/5746/3273
f 4762/5674/3236 4760/5673/3235 4758/5740/3270 4764/5739/3269
f 4629/5747/3220 4628/5731/3220 4765/5734/3266 4767/5748/3274
f 4776/5749/3275 4746/5750/3276 4744/5744/3272 4778/5743/3271
f 4637/5710/3220 4636/5745/3220 4781/5746/3273 4783/5711/3254
f 4626/5713/3213 4615/5735/3213 4738/5736/3267 4741/5714/3256
f 4630/5677/3220 4629/5747/3220 4767/5748/3274 4769/5678/3239
f 4774/5676/3238 4748/5675/3237 4746/5750/3276 4776/5749/3275
f 4626/5751/3253 4732/5752/3253 4691/5753/3242 4615/5754/3242
f 4730/5755/3252 4734/5756/3253 4733/5757/3253 4729/5758/3252
f 4726/5759/3251 4730/5755/3252 4729/5758/3252 4725/5760/3251
f 4722/5761/3250 4726/5759/3251 4725/5760/3251 4721/5762/3250
f 4718/5763/3249 4722/5761/3250 4721/5762/3250 4717/5764/3249
f 4714/5765/3248 4718/5763/3249 4717/5764/3249 4713/5766/3248
f 4710/5767/3247 4714/5765/3248 4713/5766/3248 4709/5768/3247
f 4706/5769/3246 4710/5767/3247 4709/5768/3247 4705/5770/3246
f 4702/5771/3245 4706/5769/3246 4705/5770/3246 4701/5772/3245
f 4698/5773/3244 4702/5771/3245 4701/5772/3245 4697/5774/3244
f 4651/5775/3253 4640/5776/3242 4688/5777/3242 4735/5778/3253
f 4639/5779/3213 4665/5780/3277 4664/5781/3278
f 4639/5779/3213 4666/5782/3279 4665/5780/3277
f 4639/5779/3213 4667/5783/3280 4666/5782/3279
f 4639/5779/3213 4668/5784/3281 4667/5783/3280
f 4639/5779/3213 4669/5785/3282 4668/5784/3281
f 4639/5779/3213 4670/5786/3283 4669/5785/3282
f 4639/5779/3213 4671/5787/3284 4670/5786/3283
f 4639/5779/3213 4672/5788/3285 4671/5787/3284
f 4639/5779/3213 4673/5789/3286 4672/5788/3285
f 4639/5779/3213 4674/5790/3287 4673/5789/3286
f 4639/5779/3213 4675/5791/3288 4674/5790/3287
f 4639/5779/3213 4664/5781/3278 4675/5791/3288
f 4649/5792/3220 4792/5793/3289 4790/5794/3290 4650/5795/3220
f 4815/5796/3291 4817/5797/3292 4803/5798/3293 4805/5799/3294
f 4659/5800/3213 4824/5801/3295 4822/5802/3296 4658/5803/3213
f 4829/5804/3297 4831/5805/3298 4789/5806/3299 4791/5807/3300
f 4817/5797/3292 4819/5808/3301 4801/5809/3302 4803/5798/3293
f 4658/5803/3213 4822/5802/3296 4820/5810/3259 4657/5811/3213
f 4819/5808/3301 4821/5812/3303 4799/5813/3304 4801/5809/3302
f 4657/5811/3213 4820/5810/3259 4818/5814/3305 4656/5815/3213
f 4640/5816/3220 4787/5817/3306 4808/5818/3307 4641/5819/3220
f 4821/5812/3303 4823/5820/3308 4797/5821/3309 4799/5813/3304
f 4656/5815/3213 4818/5814/3305 4816/5822/3310 4655/5823/3213
f 4850/5824/3224 4834/5825/3311 4833/5826/3226 4849/5827/3223
f 4687/5828/3312 4676/5829/3313 4929/5830/3314 4950/5831/3315
f 4677/5832/3316 4678/5833/3317 4932/5834/3318 4930/5835/3319
f 4678/5833/3317 4679/5836/3320 4934/5837/3321 4932/5834/3318
f 4679/5836/3320 4680/5838/3322 4936/5839/3323 4934/5837/3321
f 4680/5838/3322 4681/5840/3324 4938/5841/3325 4936/5839/3323
f 4681/5840/3324 4682/5842/3326 4940/5843/3327 4938/5841/3325
f 4682/5842/3326 4683/5844/3328 4942/5845/3329 4940/5843/3327
f 4683/5844/3328 4684/5846/3330 4944/5847/3331 4942/5845/3329
f 4684/5846/3330 4685/5848/3332 4946/5849/3333 4944/5847/3331
f 4685/5848/3332 4686/5850/3334 4948/5851/3335 4946/5849/3333
f 4686/5850/3334 4687/5828/3312 4950/5831/3315 4948/5851/3335
f 4931/5852/3336 4933/5853/3337 4653/5854/3244 4652/5855/3243
f 4784/5856/3338 4811/5857/3339 4809/5858/3340 4786/5859/3341
f 4650/5795/3220 4790/5794/3290 4788/5860/3342 4651/5861/3220
f 4648/5862/3220 4794/5863/3343 4792/5793/3289 4649/5792/3220
f 4647/5864/3220 4796/5865/3344 4794/5863/3343 4648/5862/3220
f 4646/5866/3220 4798/5867/3229 4796/5865/3344 4647/5864/3220
f 4645/5868/3220 4800/5869/3345 4798/5867/3229 4646/5866/3220
f 4644/5870/3220 4802/5871/3346 4800/5869/3345 4645/5868/3220
f 4643/5872/3220 4804/5873/3347 4802/5871/3346 4644/5870/3220
f 4642/5874/3220 4806/5875/3348 4804/5873/3347 4643/5872/3220
f 4641/5819/3220 4808/5818/3307 4806/5875/3348 4642/5874/3220
f 4653/5876/3213 4812/5877/3349 4810/5680/3240 4652/5679/3213
f 4663/5682/3213 4785/5681/3241 4830/5878/3350 4662/5879/3213
f 4660/5880/3213 4826/5881/3351 4824/5801/3295 4659/5800/3213
f 4813/5882/3352 4815/5796/3291 4805/5799/3294 4807/5883/3353
f 4831/5805/3298 4784/5884/3338 4786/5885/3341 4789/5806/3299
f 4827/5886/3354 4829/5804/3297 4791/5807/3300 4793/5887/3355
f 4661/5888/3213 4828/5889/3356 4826/5881/3351 4660/5880/3213
f 4811/5857/3339 4813/5882/3352 4807/5883/3353 4809/5858/3340
f 4654/5890/3213 4814/5891/3357 4812/5877/3349 4653/5876/3213
f 4825/5892/3358 4827/5886/3354 4793/5887/3355 4795/5893/3359
f 4662/5879/3213 4830/5878/3350 4828/5889/3356 4661/5888/3213
f 4651/5861/3220 4788/5860/3342 4787/5817/3306 4640/5816/3220
f 4655/5823/3213 4816/5822/3310 4814/5891/3357 4654/5890/3213
f 4823/5820/3308 4825/5892/3358 4795/5893/3359 4797/5821/3309
f 4641/5894/3243 4642/5895/3244 4699/5896/3244 4695/5897/3243
f 4650/5898/3252 4651/5775/3253 4735/5778/3253 4731/5899/3252
f 4649/5900/3251 4650/5898/3252 4731/5899/3252 4727/5901/3251
f 4648/5902/3250 4649/5900/3251 4727/5901/3251 4723/5903/3250
f 4647/5904/3249 4648/5902/3250 4723/5903/3250 4719/5905/3249
f 4646/5906/3248 4647/5904/3249 4719/5905/3249 4715/5907/3248
f 4645/5908/3247 4646/5906/3248 4715/5907/3248 4711/5909/3247
f 4644/5910/3246 4645/5908/3247 4711/5909/3247 4707/5911/3246
f 4643/5912/3245 4644/5910/3246 4707/5911/3246 4703/5913/3245
f 4642/5895/3244 4643/5912/3245 4703/5913/3245 4699/5896/3244
f 4615/5914/3242 4691/5915/3242 4692/5916/3243 4616/5917/3243
f 4928/5918/3360 4931/5852/3336 4652/5855/3243 4663/5919/3242
f 4933/5853/3337 4935/5920/3361 4654/5921/3245 4653/5854/3244
f 4935/5920/3361 4937/5922/3362 4655/5923/3246 4654/5921/3245
f 4937/5922/3362 4939/5924/3363 4656/5925/3247 4655/5923/3246
f 4939/5924/3363 4941/5926/3364 4657/5927/3248 4656/5925/3247
f 4941/5926/3364 4943/5928/3365 4658/5929/3249 4657/5927/3248
f 4943/5928/3365 4945/5930/3366 4659/5931/3250 4658/5929/3249
f 4945/5930/3366 4947/5932/3367 4660/5933/3251 4659/5931/3250
f 4947/5932/3367 4949/5934/3368 4661/5935/3252 4660/5933/3251
f 4949/5934/3368 4951/5936/3369 4662/5937/3253 4661/5935/3252
f 4951/5936/3369 4928/5918/3360 4663/5919/3242 4662/5937/3253
f 4675/5791/3288 4664/5781/3278 4676/5829/3313 4687/5828/3312
f 4674/5790/3287 4675/5791/3288 4687/5828/3312 4686/5850/3334
f 4673/5789/3286 4674/5790/3287 4686/5850/3334 4685/5848/3332
f 4672/5788/3285 4673/5789/3286 4685/5848/3332 4684/5846/3330
f 4671/5787/3284 4672/5788/3285 4684/5846/3330 4683/5844/3328
f 4670/5786/3283 4671/5787/3284 4683/5844/3328 4682/5842/3326
f 4669/5785/3282 4670/5786/3283 4682/5842/3326 4681/5840/3324
f 4668/5784/3281 4669/5785/3282 4681/5840/3324 4680/5838/3322
f 4667/5783/3280 4668/5784/3281 4680/5838/3322 4679/5836/3320
f 4666/5782/3279 4667/5783/3280 4679/5836/3320 4678/5833/3317
f 4665/5780/3277 4666/5782/3279 4678/5833/3317 4677/5832/3316
f 4664/5781/3278 4665/5780/3277 4677/5832/3316 4676/5829/3313
f 4689/5938/3242 4694/5939/3243 4693/5940/3243 4690/5941/3242
f 4625/5942/3252 4728/5943/3252 4732/5752/3253 4626/5751/3253
f 4624/5944/3251 4724/5945/3251 4728/5943/3252 4625/5942/3252
f 4623/5946/3250 4720/5947/3250 4724/5945/3251 4624/5944/3251
f 4622/5948/3249 4716/5949/3249 4720/5947/3250 4623/5946/3250
f 4621/5950/3248 4712/5951/3248 4716/5949/3249 4622/5948/3249
f 4620/5952/3247 4708/5953/3247 4712/5951/3248 4621/5950/3248
f 4619/5954/3246 4704/5955/3246 4708/5953/3247 4620/5952/3247
f 4618/5956/3245 4700/5957/3245 4704/5955/3246 4619/5954/3246
f 4617/5958/3244 4696/5959/3244 4700/5957/3245 4618/5956/3245
f 4616/5917/3243 4692/5916/3243 4696/5959/3244 4617/5958/3244
f 4640/5960/3242 4641/5894/3243 4695/5897/3243 4688/5961/3242
f 4694/5939/3243 4698/5773/3244 4697/5774/3244 4693/5940/3243
f 4704/5962/3220 4700/5963/3220 4908/5964/3347 4900/5965/3346
f 4922/5966/3235 4914/5967/3270 4913/5968/3269 4921/5969/3236
f 4714/5970/3220 4710/5971/3220 4888/5972/3370 4880/5973/3229
f 4834/5825/3311 4837/5974/3234 4838/5975/3233 4833/5826/3226
f 4721/5976/3213 4725/5977/3213 4863/5978/3351 4871/5979/3371
f 4696/5980/3220 4692/5981/3220 4924/5982/3372 4916/5983/3373
f 4837/5984/3234 4922/5966/3235 4921/5969/3236 4838/5985/3233
f 4706/5986/3220 4702/5987/3220 4904/5988/3274 4896/5989/3374
f 4723/5990/3213 4727/5991/3213 4859/5992/3215 4867/5993/3295
f 4713/5994/3213 4717/5995/3213 4879/5996/3375 4887/5997/3376
f 4861/5998/3377 4869/5999/3378 4870/6000/3379 4862/6001/3354
f 4698/6002/3220 4694/6003/3220 4920/6004/3380 4912/6005/3266
f 4882/6006/3230 4874/6007/3237 4873/6008/3238 4881/6009/3231
f 4925/6010/3340 4842/6011/3381 4841/6012/3382 4926/6013/3339
f 4893/6014/3302 4901/6015/3293 4902/6016/3292 4894/6017/3301
f 4877/6018/3309 4885/6019/3383 4886/6020/3384 4878/6021/3308
f 4898/6022/3218 4890/6023/3227 4889/6024/3228 4897/6025/3219
f 4866/6026/3358 4858/6027/3272 4857/6028/3271 4865/6029/3359
f 4909/6030/3385 4917/6031/3353 4918/6032/3352 4910/6033/3386
f 4732/6034/3220 4728/6035/3220 4852/6036/3387 4844/6037/3342
f 4708/6038/3220 4704/5962/3220 4900/5965/3346 4892/6039/3388
f 4914/5967/3270 4906/6040/3217 4905/6041/3216 4913/5968/3269
f 4718/6042/3220 4714/5970/3220 4880/5973/3229 4872/6043/3389
f 4842/6044/3381 4845/6045/3299 4846/6046/3298 4841/6047/3382
f 4734/5756/3253 4689/6048/3242 4690/6049/3242 4733/5757/3253
f 4689/6050/3220 4734/6051/3220 4832/6052/3390 4839/6053/3255
f 4733/6054/3213 4690/6055/3213 4840/6056/3241 4847/6057/3350
f 4734/6051/3220 4730/6058/3220 4848/6059/3391 4832/6052/3390
f 4729/6060/3213 4733/6054/3213 4847/6057/3350 4855/6061/3392
f 4730/6058/3220 4726/6062/3220 4856/6063/3268 4848/6059/3391
f 4728/6035/3220 4724/6064/3220 4860/6065/3289 4852/6036/3387
f 4726/6062/3220 4722/6066/3220 4864/6067/3343 4856/6063/3268
f 4724/6064/3220 4720/6068/3220 4868/6069/3393 4860/6065/3289
f 4722/6066/3220 4718/6042/3220 4872/6043/3389 4864/6067/3343
f 4720/6068/3220 4716/6070/3220 4876/6071/3394 4868/6069/3393
f 4715/6072/3213 4719/6073/3213 4875/6074/3395 4883/6075/3259
f 4716/6070/3220 4712/6076/3220 4884/6077/3396 4876/6071/3394
f 4711/6078/3213 4715/6072/3213 4883/6075/3259 4891/6079/3397
f 4712/6076/3220 4708/6038/3220 4892/6039/3388 4884/6077/3396
f 4707/6080/3213 4711/6078/3213 4891/6079/3397 4899/6081/3398
f 4705/6082/3213 4709/6083/3213 4895/6084/3399 4903/6085/3400
f 4703/6086/3213 4707/6080/3213 4899/6081/3398 4907/6087/3262
f 4701/6088/3213 4705/6082/3213 4903/6085/3400 4911/6089/3357
f 4699/6090/3213 4703/6086/3213 4907/6087/3262 4915/6091/3263
f 4697/6092/3213 4701/6088/3213 4911/6089/3357 4919/6093/3401
f 4695/6094/3213 4699/6090/3213 4915/6091/3263 4923/6095/3264
f 4693/6096/3213 4697/6092/3213 4919/6093/3401 4927/6097/3402
f 4688/6098/3213 4695/6094/3213 4923/6095/3264 4836/6099/3267
f 4692/5981/3220 4691/6100/3220 4843/6101/3306 4924/5982/3372
f 4845/6045/3299 4853/6102/3300 4854/6103/3297 4846/6046/3298
f 4917/6031/3353 4925/6010/3340 4926/6013/3339 4918/6032/3352
f 4874/6007/3237 4866/6026/3358 4865/6029/3359 4873/6008/3238
f 4906/6040/3217 4898/6022/3218 4897/6025/3219 4905/6041/3216
f 4885/6019/3383 4893/6014/3302 4894/6017/3301 4886/6020/3384
f 4901/6015/3293 4909/6030/3385 4910/6033/3386 4902/6016/3292
f 4858/6027/3272 4850/5824/3224 4849/5827/3223 4857/6028/3271
f 4890/6023/3227 4882/6006/3230 4881/6009/3231 4889/6024/3228
f 4869/5999/3378 4877/6018/3309 4878/6021/3308 4870/6000/3379
f 4709/6083/3213 4713/5994/3213 4887/5997/3376 4895/6084/3399
f 4694/6003/3220 4689/6050/3220 4839/6053/3255 4920/6004/3380
f 4731/6104/3213 4735/6105/3213 4835/6106/3403 4851/6107/3404
f 4719/6073/3213 4723/5990/3213 4867/5993/3295 4875/6074/3395
f 4702/5987/3220 4698/6002/3220 4912/6005/3266 4904/5988/3274
f 4853/6102/3300 4861/5998/3377 4862/6001/3354 4854/6103/3297
f 4690/6055/3213 4693/6096/3213 4927/6097/3402 4840/6056/3241
f 4717/5995/3213 4721/5976/3213 4871/5979/3371 4879/5996/3375
f 4727/5991/3213 4731/6104/3213 4851/6107/3404 4859/5992/3215
f 4710/5971/3220 4706/5986/3220 4896/5989/3374 4888/5972/3370
f 4691/6100/3220 4732/6034/3220 4844/6037/3342 4843/6101/3306
f 4735/6105/3213 4688/6098/3213 4836/6099/3267 4835/6106/3403
f 4700/5963/3220 4696/5980/3220 4916/5983/3373 4908/5964/3347
f 4725/5977/3213 4729/6060/3213 4855/6061/3392 4863/5978/3351
f 4741/6108/3256 4738/6109/3267 4739/5741/3234 4740/5661/3225
f 4743/6110/3214 4741/6108/3256 4740/5661/3225 4742/5660/3224
f 4745/6111/3215 4743/6110/3214 4742/5660/3224 4744/5744/3272
f 4747/6112/3257 4745/6111/3215 4744/5744/3272 4746/5750/3276
f 4749/6113/3258 4747/6112/3257 4746/5750/3276 4748/5675/3237
f 4751/6114/3259 4749/6113/3258 4748/5675/3237 4750/5667/3230
f 4753/6115/3260 4751/6114/3259 4750/5667/3230 4752/5663/3227
f 4755/6116/3261 4753/6115/3260 4752/5663/3227 4754/5653/3218
f 4757/6117/3262 4755/6116/3261 4754/5653/3218 4756/5652/3217
f 4759/6118/3263 4757/6117/3262 4756/5652/3217 4758/5740/3270
f 4761/6119/3264 4759/6118/3263 4758/5740/3270 4760/5673/3235
f 4738/6120/3267 4761/6119/3264 4760/5673/3235 4739/5672/3234
f 4737/5671/3233 4762/5674/3236 4763/6121/3265 4736/6122/3255
f 4762/5674/3236 4764/5739/3269 4765/6123/3266 4763/6121/3265
f 4764/5739/3269 4766/5651/3216 4767/6124/3274 4765/6123/3266
f 4766/5651/3216 4768/5654/3219 4769/6125/3239 4767/6124/3274
f 4768/5654/3219 4770/5664/3228 4771/6126/3232 4769/6125/3239
f 4770/5664/3228 4772/5668/3231 4773/6127/3229 4771/6126/3232
f 4772/5668/3231 4774/5676/3238 4775/6128/3221 4773/6127/3229
f 4774/5676/3238 4776/5749/3275 4777/6129/3222 4775/6128/3221
f 4776/5749/3275 4778/5743/3271 4779/6130/3268 4777/6129/3222
f 4778/5743/3271 4780/5659/3223 4781/6131/3273 4779/6130/3268
f 4780/5659/3223 4782/5662/3226 4783/6132/3254 4781/6131/3273
f 4782/5662/3226 4737/5742/3233 4736/6133/3255 4783/6132/3254
f 4789/5806/3299 4786/5885/3341 4787/6134/3306 4788/6135/3342
f 4791/5807/3300 4789/5806/3299 4788/6135/3342 4790/6136/3290
f 4793/5887/3355 4791/5807/3300 4790/6136/3290 4792/6137/3289
f 4795/5893/3359 4793/5887/3355 4792/6137/3289 4794/6138/3343
f 4797/5821/3309 4795/5893/3359 4794/6138/3343 4796/6139/3344
f 4799/5813/3304 4797/5821/3309 4796/6139/3344 4798/6140/3229
f 4801/5809/3302 4799/5813/3304 4798/6140/3229 4800/6141/3345
f 4803/5798/3293 4801/5809/3302 4800/6141/3345 4802/6142/3346
f 4805/5799/3294 4803/5798/3293 4802/6142/3346 4804/6143/3347
f 4807/5883/3353 4805/5799/3294 4804/6143/3347 4806/6144/3348
f 4809/5858/3340 4807/5883/3353 4806/6144/3348 4808/6145/3307
f 4786/5859/3341 4809/5858/3340 4808/6145/3307 4787/6146/3306
f 4785/6147/3241 4810/6148/3240 4811/5857/3339 4784/5856/3338
f 4810/6148/3240 4812/6149/3349 4813/5882/3352 4811/5857/3339
f 4812/6149/3349 4814/6150/3357 4815/5796/3291 4813/5882/3352
f 4814/6150/3357 4816/6151/3310 4817/5797/3292 4815/5796/3291
f 4816/6151/3310 4818/6152/3305 4819/5808/3301 4817/5797/3292
f 4818/6152/3305 4820/6153/3259 4821/5812/3303 4819/5808/3301
f 4820/6153/3259 4822/6154/3296 4823/5820/3308 4821/5812/3303
f 4822/6154/3296 4824/6155/3295 4825/5892/3358 4823/5820/3308
f 4824/6155/3295 4826/6156/3351 4827/5886/3354 4825/5892/3358
f 4826/6156/3351 4828/6157/3356 4829/5804/3297 4827/5886/3354
f 4828/6157/3356 4830/6158/3350 4831/5805/3298 4829/5804/3297
f 4830/6158/3350 4785/6159/3241 4784/5884/3338 4831/5805/3298
f 4835/6160/3403 4836/6161/3267 4837/5974/3234 4834/5825/3311
f 4839/6162/3255 4832/6163/3390 4833/5826/3226 4838/5975/3233
f 4843/6164/3306 4844/6165/3342 4845/6045/3299 4842/6044/3381
f 4847/6166/3350 4840/6167/3241 4841/6047/3382 4846/6046/3298
f 4851/6168/3404 4835/6160/3403 4834/5825/3311 4850/5824/3224
f 4832/6163/3390 4848/6169/3391 4849/5827/3223 4833/5826/3226
f 4844/6165/3342 4852/6170/3387 4853/6102/3300 4845/6045/3299
f 4855/6171/3392 4847/6166/3350 4846/6046/3298 4854/6103/3297
f 4859/6172/3215 4851/6168/3404 4850/5824/3224 4858/6027/3272
f 4848/6169/3391 4856/6173/3268 4857/6028/3271 4849/5827/3223
f 4852/6170/3387 4860/6174/3289 4861/5998/3377 4853/6102/3300
f 4863/6175/3351 4855/6171/3392 4854/6103/3297 4862/6001/3354
f 4867/6176/3295 4859/6172/3215 4858/6027/3272 4866/6026/3358
f 4856/6173/3268 4864/6177/3343 4865/6029/3359 4857/6028/3271
f 4860/6174/3289 4868/6178/3393 4869/5999/3378 4861/5998/3377
f 4871/6179/3371 4863/6175/3351 4862/6001/3354 4870/6000/3379
f 4875/6180/3395 4867/6176/3295 4866/6026/3358 4874/6007/3237
f 4864/6177/3343 4872/6181/3389 4873/6008/3238 4865/6029/3359
f 4868/6178/3393 4876/6182/3394 4877/6018/3309 4869/5999/3378
f 4879/6183/3375 4871/6179/3371 4870/6000/3379 4878/6021/3308
f 4883/6184/3259 4875/6180/3395 4874/6007/3237 4882/6006/3230
f 4872/6181/3389 4880/6185/3229 4881/6009/3231 4873/6008/3238
f 4876/6182/3394 4884/6186/3396 4885/6019/3383 4877/6018/3309
f 4887/6187/3376 4879/6183/3375 4878/6021/3308 4886/6020/3384
f 4891/6188/3397 4883/6184/3259 4882/6006/3230 4890/6023/3227
f 4880/6185/3229 4888/6189/3370 4889/6024/3228 4881/6009/3231
f 4884/6186/3396 4892/6190/3388 4893/6014/3302 4885/6019/3383
f 4895/6191/3399 4887/6187/3376 4886/6020/3384 4894/6017/3301
f 4899/6192/3398 4891/6188/3397 4890/6023/3227 4898/6022/3218
f 4888/6189/3370 4896/6193/3374 4897/6025/3219 4889/6024/3228
f 4892/6190/3388 4900/6194/3346 4901/6015/3293 4893/6014/3302
f 4903/6195/3400 4895/6191/3399 4894/6017/3301 4902/6016/3292
f 4907/6196/3262 4899/6192/3398 4898/6022/3218 4906/6040/3217
f 4896/6193/3374 4904/6197/3274 4905/6041/3216 4897/6025/3219
f 4900/6194/3346 4908/6198/3347 4909/6030/3385 4901/6015/3293
f 4911/6199/3357 4903/6195/3400 4902/6016/3292 4910/6033/3386
f 4915/6200/3263 4907/6196/3262 4906/6040/3217 4914/5967/3270
f 4904/6197/3274 4912/6201/3266 4913/5968/3269 4905/6041/3216
f 4908/6198/3347 4916/6202/3373 4917/6031/3353 4909/6030/3385
f 4919/6203/3401 4911/6199/3357 4910/6033/3386 4918/6032/3352
f 4923/6204/3264 4915/6200/3263 4914/5967/3270 4922/5966/3235
f 4912/6201/3266 4920/6205/3380 4921/5969/3236 4913/5968/3269
f 4916/6202/3373 4924/6206/3372 4925/6010/3340 4917/6031/3353
f 4927/6207/3402 4919/6203/3401 4918/6032/3352 4926/6013/3339
f 4836/6208/3267 4923/6204/3264 4922/5966/3235 4837/5984/3234
f 4920/6205/3380 4839/6209/3255 4838/5985/3233 4921/5969/3236
f 4924/6206/3372 4843/6210/3306 4842/6011/3381 4925/6010/3340
f 4840/6211/3241 4927/6207/3402 4926/6013/3339 4841/6012/3382
f 4627/5732/3220 4638/5709/3220 4736/5712/3255 4763/5733/3265
f 4929/5830/3314 4930/5835/3319 4931/5852/3336 4928/5918/3360
f 4930/5835/3319 4932/5834/3318 4933/5853/3337 4931/5852/3336
f 4932/5834/3318 4934/5837/3321 4935/5920/3361 4933/5853/3337
f 4934/5837/3321 4936/5839/3323 4937/5922/3362 4935/5920/3361
f 4936/5839/3323 4938/5841/3325 4939/5924/3363 4937/5922/3362
f 4938/5841/3325 4940/5843/3327 4941/5926/3364 4939/5924/3363
f 4940/5843/3327 4942/5845/3329 4943/5928/3365 4941/5926/3364
f 4942/5845/3329 4944/5847/3331 4945/5930/3366 4943/5928/3365
f 4944/5847/3331 4946/5849/3333 4947/5932/3367 4945/5930/3366
f 4946/5849/3333 4948/5851/3335 4949/5934/3368 4947/5932/3367
f 4948/5851/3335 4950/5831/3315 4951/5936/3369 4949/5934/3368
f 4950/5831/3315 4929/5830/3314 4928/5918/3360 4951/5936/3369
f 4676/5829/3313 4677/5832/3316 4930/5835/3319 4929/5830/3314
f 5000/6212/3405 4971/6213/3406 4970/6214/3407 5001/6215/3408
f 5001/6215/3408 4970/6214/3407 4972/6216/3409 5002/6217/3410
f 5002/6217/3410 4972/6216/3409 4973/6218/3411 5003/6219/3412
f 5003/6219/3412 4973/6218/3411 4974/6220/3413 5004/6221/3414
f 4955/6222/3415 4953/6223/3416 4959/6224/3417 4957/6225/3418
f 5004/6221/3414 4974/6220/3413 4975/6226/3419 5005/6227/3420
f 5005/6227/3420 4975/6226/3419 4971/6228/3406 5000/6229/3405
f 4962/6230/3421 4952/6231/3422 5006/6232/3242 5011/6233/3244
f 4962/6230/3421 4969/6234/3423 4964/6235/3424 4952/6231/3422
f 4960/6236/3425 4968/6237/3426 4969/6234/3423 4962/6230/3421
f 4958/6238/3427 4967/6239/3428 4968/6237/3426 4960/6236/3425
f 4956/6240/3429 4966/6241/3430 4967/6239/3428 4958/6238/3427
f 4954/6242/3431 4965/6243/3432 4966/6241/3430 4956/6240/3429
f 4952/6244/3422 4964/6245/3424 4965/6243/3432 4954/6242/3431
f 4976/6246/3433 4983/6247/3434 4970/6214/3407 4971/6213/3406
f 4983/6247/3434 4987/6248/3435 4972/6216/3409 4970/6214/3407
f 4987/6248/3435 4991/6249/3436 4973/6218/3411 4972/6216/3409
f 4991/6249/3436 4995/6250/3437 4974/6220/3413 4973/6218/3411
f 4995/6250/3437 4999/6251/3438 4975/6226/3419 4974/6220/3413
f 4999/6251/3438 4976/6252/3433 4971/6228/3406 4975/6226/3419
f 4963/6253/3439 4953/6223/3416 4979/6254/3440 4996/6255/3441
f 4996/6255/3441 4979/6254/3440 4978/6256/3442 4997/6257/3443
f 4997/6258/3443 4978/6259/3442 4977/6260/3444 4998/6261/3445
f 4998/6261/3445 4977/6260/3444 4976/6252/3433 4999/6251/3438
f 4961/6262/3446 4963/6253/3439 4996/6255/3441 4992/6263/3447
f 4992/6263/3447 4996/6255/3441 4997/6257/3443 4993/6264/3448
f 4993/6264/3448 4997/6258/3443 4998/6261/3445 4994/6265/3449
f 4994/6265/3449 4998/6261/3445 4999/6251/3438 4995/6250/3437
f 4959/6224/3417 4961/6262/3446 4992/6263/3447 4988/6266/3450
f 4988/6266/3450 4992/6263/3447 4993/6264/3448 4989/6267/3451
f 4989/6267/3451 4993/6264/3448 4994/6265/3449 4990/6268/3452
f 4990/6268/3452 4994/6265/3449 4995/6250/3437 4991/6249/3436
f 4957/6225/3418 4959/6224/3417 4988/6266/3450 4984/6269/3453
f 4984/6269/3453 4988/6266/3450 4989/6267/3451 4985/6270/3454
f 4985/6270/3454 4989/6267/3451 4990/6268/3452 4986/6271/3455
f 4986/6271/3455 4990/6268/3452 4991/6249/3436 4987/6248/3435
f 4955/6222/3415 4957/6225/3418 4984/6269/3453 4980/6272/3456
f 4980/6272/3456 4984/6269/3453 4985/6270/3454 4981/6273/3457
f 4981/6274/3457 4985/6270/3454 4986/6271/3455 4982/6275/3458
f 4982/6275/3458 4986/6271/3455 4987/6248/3435 4983/6247/3434
f 4953/6223/3416 4955/6222/3415 4980/6272/3456 4979/6254/3440
f 4979/6254/3440 4980/6272/3456 4981/6273/3457 4978/6256/3442
f 4978/6276/3442 4981/6274/3457 4982/6275/3458 4977/6277/3444
f 4977/6277/3444 4982/6275/3458 4983/6247/3434 4976/6246/3433
f 4969/6234/3423 5005/6227/3420 5000/6229/3405 4964/6235/3424
f 4968/6237/3426 5004/6221/3414 5005/6227/3420 4969/6234/3423
f 4967/6239/3428 5003/6219/3412 5004/6221/3414 4968/6237/3426
f 4966/6241/3430 5002/6217/3410 5003/6219/3412 4967/6239/3428
f 4965/6243/3432 5001/6215/3408 5002/6217/3410 4966/6241/3430
f 4964/6245/3424 5000/6212/3405 5001/6215/3408 4965/6243/3432
f 4958/6238/3427 4960/6236/3425 5010/6278/3246 5009/6279/3248
f 4954/6242/3431 4956/6240/3429 5008/6280/3250 5007/6281/3252
f 4960/6236/3425 4962/6230/3421 5011/6233/3244 5010/6278/3246
f 4952/6244/3422 4954/6242/3431 5007/6281/3252 5006/6282/3242
f 4956/6240/3429 4958/6238/3427 5009/6279/3248 5008/6280/3250
f 4959/6224/3417 4953/6223/3416 4963/6253/3439 4961/6262/3446
f 5014/6283/3213 5100/6284/3213 5102/6285/3459 5107/6286/3460
f 5099/6287/3213 5014/6283/3213 5107/6286/3460 5126/6288/3461
f 5091/6289/3220 5015/6290/3220 5108/6291/3462 5105/6292/3463
f 5122/6293/3464 5125/6294/3465 5015/6290/3220
f 5342/6295/3466 5345/6296/3467 5348/6297/3468 5347/6298/3469
f 5264/6299/3470 5267/6300/3471 5274/6301/3472 5279/6302/3470
f 5090/6303/3220 5022/6304/3220 5130/6305/3473 5110/6306/3474
f 5135/6307/3475 5118/6308/3476 5014/6283/3213 5099/6287/3213
f 5066/6309/3477 5062/6310/3478 5013/6311/3220
f 5266/6312/3479 5269/6313/3480 5270/6314/3481 5275/6315/3482
f 5268/6316/3483 5263/6317/3484 5282/6318/3485 5271/6319/3483
f 5019/6320/3486 5284/6321/3487 5281/6322/3488 5020/6323/3489
f 5274/6324/3490 5277/6325/3491 5280/6326/3492 5279/6327/3493
f 5021/6328/3213 5099/6287/3213 5126/6288/3461 5129/6329/3494
f 5346/6330/3495 5349/6331/3496 5352/6332/3497 5351/6333/3498
f 5023/6334/3499 5412/6335/3500 5268/6336/3501 5269/6337/3502
f 5288/6338/3503 5291/6339/3504 5298/6340/3504 5303/6341/3503
f 5037/6342/3505 5409/6343/3506 5340/6344/3507 5341/6345/3508
f 5079/6346/3509 5080/6347/3510 5465/6348/3511 5463/6349/3512
f 5078/6350/3513 5079/6346/3509 5463/6349/3512 5462/6351/3514
f 5262/6352/3515 5037/6342/3505 5016/6353/3516 5265/6354/3517
f 5262/6352/3515 5263/6355/3518 5409/6343/3506 5037/6342/3505
f 5134/6356/3519 5480/6357/3520 5267/6358/3521 5119/6359/3522
f 5078/6350/3513 5020/6323/3489 5281/6322/3488 5280/6326/3492
f 5120/6360/3523 5264/6361/3524 5481/6362/3525 5112/6363/3526
f 5023/6334/3499 5269/6337/3502 5266/6364/3527 5024/6365/3528
f 5123/6366/3529 5263/6355/3518 5268/6336/3501 5124/6367/3530
f 5273/6368/3531 5272/6369/3532 5063/6370/3533 5017/6371/3534
f 5080/6347/3510 5301/6372/3535 5300/6373/3536 5026/6374/3537
f 5286/6375/3538 5289/6376/3539 5302/6377/3540 5307/6378/3541
f 5100/6284/3213 5014/6283/3213 5121/6379/3542 5113/6380/3543
f 5095/6381/3213 5021/6328/3213 5129/6329/3494 5133/6382/3544
f 5128/6383/3545 5131/6384/3546 5218/6385/3547 5132/6386/3548
f 5140/6387/3549 5143/6388/3550 5022/6304/3220
f 5117/6389/3551 5140/6387/3549 5022/6304/3220 5090/6303/3220
f 5118/6308/3476 5121/6379/3542 5014/6283/3213
f 5132/6390/3548 5218/6391/3547 5223/6392/3552 5221/6393/3553
f 5229/6394/3554 5136/6395/3555 5021/6328/3213 5095/6381/3213
f 5063/6370/3533 5272/6369/3532 5285/6396/3556 5064/6397/3557
f 5290/6398/3558 5293/6399/3559 5294/6400/3559 5299/6401/3558
f 5286/6402/3560 5023/6334/3499 5024/6365/3528 5289/6403/3561
f 5017/6371/3534 5063/6370/3533 5309/6404/3562 5308/6405/3563
f 5310/6406/3564 5313/6407/3565 5326/6408/3565 5331/6409/3564
f 5086/6410/3220 5022/6304/3220 5143/6388/3550 5230/6411/3566
f 5298/6412/3567 5301/6372/3535 5304/6413/3568 5303/6414/3569
f 5052/6415/3570 5413/6416/3571 5292/6417/3572 5293/6418/3573
f 5144/6419/3574 5147/6420/3575 5164/6421/3576 5163/6422/3577
f 5136/6395/3555 5139/6423/3578 5021/6328/3213
f 5017/6371/3534 5308/6405/3563 5305/6424/3579 5018/6425/3580
f 5080/6426/3510 5085/6427/3581 5475/6428/3582 5465/6429/3511
f 5286/6402/3560 5287/6430/3583 5412/6335/3500 5023/6334/3499
f 5292/6431/3584 5287/6432/3585 5306/6433/3586 5295/6434/3587
f 5228/6435/3588 5479/6436/3589 5291/6437/3590 5137/6438/3591
f 5079/6346/3509 5018/6425/3580 5305/6424/3579 5304/6413/3568
f 5138/6439/3592 5288/6440/3593 5480/6357/3520 5134/6356/3519
f 5052/6415/3570 5293/6418/3573 5290/6441/3594 5053/6442/3595
f 5141/6443/3596 5287/6430/3583 5292/6417/3572 5142/6444/3597
f 5297/6445/3598 5296/6446/3599 5067/6447/3600 5025/6448/3601
f 5085/6427/3581 5428/6449/3602 5427/6450/3603 5056/6451/3604
f 5437/6452/3605 5440/6453/3606 5453/6454/3606 5458/6455/3607
f 5094/6456/3213 5027/6457/3213 5145/6458/3608 5162/6459/3609
f 5096/6460/3213 5203/6461/3610 5145/6458/3608 5027/6457/3213
f 5048/6462/3611 5420/6463/3612 5388/6464/3613 5389/6465/3614
f 5318/6466/3615 5321/6467/3616 5324/6468/3617 5323/6469/3618
f 5209/6470/3619 5158/6471/3620 5028/6472/3220 5092/6473/3220
f 5163/6422/3577 5164/6421/3576 5169/6474/3621 5166/6475/3622
f 5154/6476/3623 5157/6477/3624 5027/6457/3213
f 5094/6456/3213 5034/6478/3213 5173/6479/3625 5150/6480/3626
f 5358/6481/3627 5361/6482/3628 5374/6483/3629 5379/6484/3627
f 5314/6485/3630 5317/6486/3631 5318/6487/3631 5323/6488/3630
f 5316/6489/3632 5311/6490/3633 5330/6491/3634 5319/6492/3635
f 5032/6493/3636 5332/6494/3637 5329/6495/3638 5033/6496/3639
f 5322/6497/3640 5325/6498/3641 5328/6499/3642 5327/6500/3643
f 5312/6501/3644 5315/6502/3645 5322/6503/3646 5327/6504/3644
f 5394/6505/3647 5397/6506/3648 5400/6507/3649 5399/6508/3650
f 5158/6471/3620 5161/6509/3651 5028/6472/3220
f 5336/6510/3652 5339/6511/3653 5346/6512/3654 5351/6513/3652
f 5027/6457/3213 5157/6477/3624 5149/6514/3655 5096/6460/3213
f 5085/6427/3581 5083/6515/3656 5472/6516/3657 5475/6428/3582
f 5042/6517/3658 5404/6518/3659 5401/6519/3660 5043/6520/3661
f 5310/6521/3662 5048/6462/3611 5049/6522/3663 5313/6523/3664
f 5310/6521/3662 5311/6524/3665 5420/6463/3612 5048/6462/3611
f 5151/6525/3666 5482/6526/3667 5315/6527/3668 5155/6528/3669
f 5081/6529/3670 5033/6496/3639 5329/6495/3638 5328/6499/3642
f 5156/6530/3671 5312/6531/3672 5483/6532/3673 5148/6533/3674
f 5036/6534/3675 5317/6535/3676 5314/6536/3677 5029/6537/3678
f 5159/6538/3679 5311/6524/3665 5316/6539/3680 5160/6540/3681
f 5321/6467/3616 5320/6541/3682 5069/6542/3683 5030/6543/3684
f 5030/6543/3684 5069/6542/3683 5357/6544/3685 5356/6545/3686
f 5334/6546/3687 5337/6547/3688 5350/6548/3688 5355/6549/3687
f 5034/6478/3213 5094/6456/3213 5162/6459/3609 5167/6550/3689
f 5100/6284/3213 5034/6478/3213 5167/6550/3689 5102/6285/3459
f 5093/6551/3220 5035/6552/3220 5168/6553/3690 5165/6554/3691
f 5114/6555/3692 5122/6293/3464 5015/6290/3220 5091/6289/3220
f 5153/6556/3693 5174/6557/3694 5035/6552/3220 5093/6551/3220
f 5028/6472/3220 5161/6509/3651 5153/6556/3693 5093/6551/3220
f 5106/6558/3695 5109/6559/3696 5111/6560/3697 5127/6561/3698
f 5113/6380/3543 5170/6562/3699 5034/6478/3213 5100/6284/3213
f 5065/6563/3700 5068/6564/3701 5013/6311/3220
f 5338/6565/3702 5341/6566/3703 5342/6567/3703 5347/6568/3702
f 5334/6569/3704 5036/6534/3675 5029/6537/3678 5337/6570/3705
f 5030/6543/3684 5356/6545/3686 5353/6571/3706 5031/6572/3707
f 5064/6397/3557 5344/6573/3708 5357/6544/3685 5069/6542/3683
f 5179/6574/3709 5180/6575/3710 5185/6576/3711 5182/6577/3712
f 5069/6542/3683 5320/6541/3682 5333/6578/3713 5070/6579/3714
f 5174/6557/3694 5177/6580/3715 5035/6552/3220
f 5091/6289/3220 5035/6552/3220 5177/6580/3715 5114/6555/3692
f 5150/6480/3626 5154/6476/3623 5027/6457/3213 5094/6456/3213
f 5084/6581/3716 5373/6582/3717 5372/6583/3718 5043/6520/3661
f 5019/6320/3486 5064/6397/3557 5285/6396/3556 5284/6321/3487
f 5334/6569/3704 5335/6584/3719 5408/6585/3720 5036/6534/3675
f 5340/6586/3721 5335/6587/3722 5354/6588/3722 5343/6589/3723
f 5112/6363/3526 5481/6362/3525 5339/6590/3724 5171/6591/3725
f 5082/6592/3726 5031/6572/3707 5353/6571/3706 5352/6332/3497
f 5172/6593/3727 5336/6594/3728 5482/6526/3667 5151/6525/3666
f 5037/6342/3505 5341/6345/3508 5338/6595/3729 5016/6353/3516
f 5175/6596/3730 5335/6584/3719 5340/6344/3507 5176/6597/3731
f 5345/6296/3467 5344/6573/3708 5064/6397/3557 5019/6320/3486
f 5078/6350/3513 5349/6331/3496 5348/6297/3468 5020/6323/3489
f 5067/6447/3600 5296/6446/3599 5309/6404/3562 5063/6370/3533
f 5089/6598/3220 5184/6599/3732 5181/6600/3733 5039/6601/3220
f 5098/6602/3213 5038/6603/3213 5178/6604/3734 5183/6605/3735
f 5060/6606/3736 5416/6607/3737 5443/6608/3738 5444/6609/3739
f 5040/6610/3740 5419/6611/3741 5364/6612/3742 5365/6613/3743
f 5253/6614/3744 5194/6615/3745 5039/6601/3220 5087/6616/3220
f 5039/6601/3220 5197/6617/3746 5206/6618/3747 5089/6598/3220
f 5366/6619/3748 5369/6620/3749 5372/6583/3718 5371/6621/3750
f 5384/6622/3751 5212/6623/3752 5211/6624/3753 5387/6625/3754
f 5406/6626/3755 5411/6627/3756 5429/6628/3757 5434/6629/3758
f 5362/6630/3759 5365/6631/3760 5366/6632/3760 5371/6633/3759
f 5364/6634/3485 5359/6635/3761 5378/6636/3761 5367/6637/3485
f 5044/6638/3762 5380/6639/3763 5377/6640/3764 5045/6641/3765
f 5370/6642/3766 5373/6582/3717 5376/6643/3767 5375/6644/3768
f 5360/6645/3769 5363/6646/3770 5370/6647/3770 5375/6648/3769
f 5449/6649/3771 5452/6650/3772 5455/6651/3773 5454/6652/3774
f 5194/6615/3745 5197/6617/3746 5039/6601/3220
f 5199/6653/3775 5200/6654/3776 5205/6655/3777 5202/6656/3778
f 5038/6603/3213 5193/6657/3779 5187/6658/3780 5097/6659/3213
f 5083/6515/3656 5084/6581/3716 5473/6660/3781 5472/6516/3657
f 5358/6661/3782 5060/6606/3736 5061/6662/3783 5361/6663/3784
f 5358/6661/3782 5359/6664/3785 5416/6607/3737 5060/6606/3736
f 5189/6665/3786 5484/6666/3787 5363/6667/3788 5191/6668/3789
f 5083/6515/3656 5045/6641/3765 5377/6640/3764 5376/6643/3767
f 5192/6669/3790 5360/6670/3791 5485/6671/3792 5186/6672/3793
f 5040/6610/3740 5365/6613/3743 5362/6673/3794 5041/6674/3795
f 5195/6675/3796 5359/6664/3785 5364/6612/3742 5196/6676/3797
f 5369/6620/3749 5368/6677/3798 5073/6678/3799 5042/6517/3658
f 5042/6517/3658 5073/6678/3799 5405/6679/3800 5404/6518/3659
f 5382/6680/3801 5385/6681/3802 5398/6682/3802 5403/6683/3801
f 5046/6684/3213 5098/6602/3213 5183/6605/3735 5198/6685/3803
f 5096/6460/3213 5046/6684/3213 5198/6685/3803 5203/6461/3610
f 5089/6598/3220 5047/6686/3220 5201/6687/3804 5184/6599/3732
f 5036/6534/3675 5408/6585/3720 5316/6539/3680 5317/6535/3676
f 5092/6473/3220 5047/6686/3220 5217/6688/3805 5209/6470/3619
f 5384/6689/3806 5387/6690/3807 5394/6691/3807 5399/6692/3808
f 5206/6618/3747 5214/6693/3809 5047/6686/3220 5089/6598/3220
f 5149/6514/3655 5210/6694/3810 5046/6684/3213 5096/6460/3213
f 5071/6695/3811 5072/6696/3812 5013/6311/3220
f 5386/6697/3813 5389/6698/3814 5390/6699/3815 5395/6700/3813
f 5388/6701/3816 5383/6702/3587 5402/6703/3817 5391/6704/3816
f 5032/6493/3636 5070/6579/3714 5333/6578/3713 5332/6494/3637
f 5070/6579/3714 5392/6705/3818 5405/6679/3800 5073/6678/3799
f 5086/6706/3220 5051/6707/3220 5222/6708/3819 5219/6709/3820
f 5073/6678/3799 5368/6677/3798 5381/6710/3821 5074/6711/3822
f 5214/6693/3809 5217/6688/3805 5047/6686/3220
f 5210/6694/3810 5213/6712/3823 5046/6684/3213
f 5190/6713/3824 5193/6657/3779 5038/6603/3213
f 5025/6714/3601 5435/6715/3825 5432/6716/3826 5026/6717/3537
f 5081/6529/3670 5082/6592/3726 5469/6718/3827 5468/6719/3828
f 5382/6720/3829 5040/6610/3740 5041/6674/3795 5385/6721/3830
f 5382/6720/3829 5383/6722/3831 5419/6611/3741 5040/6610/3740
f 5148/6533/3674 5483/6532/3673 5387/6625/3754 5211/6624/3753
f 5084/6581/3716 5043/6520/3661 5401/6519/3660 5400/6507/3649
f 5212/6623/3752 5384/6622/3751 5484/6666/3787 5189/6665/3786
f 5048/6462/3611 5389/6465/3614 5386/6723/3832 5049/6522/3663
f 5215/6724/3833 5383/6722/3831 5388/6464/3613 5216/6725/3834
f 5393/6726/3835 5392/6705/3818 5070/6579/3714 5032/6493/3636
f 5081/6529/3670 5397/6506/3648 5396/6727/3836 5033/6496/3639
f 5072/6696/3812 5075/6728/3837 5013/6311/3220
f 5050/6729/3213 5095/6730/3213 5133/6731/3544 5220/6732/3838
f 5101/6733/3213 5050/6729/3213 5220/6732/3838 5225/6734/3839
f 5099/6287/3213 5021/6328/3213 5139/6423/3578 5135/6307/3475
f 5059/6735/3840 5477/6736/3841 5417/6737/3842 5418/6738/3843
f 5057/6739/3213 5257/6740/3844 5232/6741/3845 5101/6733/3213
f 5410/6742/3846 5415/6743/3847 5425/6744/3848 5430/6745/3645
f 5421/6746/3849 5424/6747/3850 5427/6450/3603 5426/6748/3851
f 5439/6749/3852 5256/6750/3853 5255/6751/3854 5442/6752/3855
f 5076/6753/3856 5066/6309/3477 5013/6311/3220
f 5414/6754/3857 5418/6755/3843 5421/6756/3858 5426/6757/3859
f 5406/6758/3860 5052/6759/3570 5053/6760/3595 5411/6761/3861
f 5025/6714/3601 5067/6762/3600 5436/6763/3862 5435/6715/3825
f 5068/6564/3701 5071/6695/3811 5013/6311/3220
f 5051/6707/3220 5241/6764/3863 5250/6765/3864 5088/6766/3220
f 5425/6767/3865 5428/6449/3602 5431/6768/3866 5430/6769/3867
f 5238/6770/3868 5241/6764/3863 5051/6707/3220
f 5243/6771/3869 5244/6772/3870 5249/6773/3871 5246/6774/3872
f 5230/6775/3566 5238/6770/3868 5051/6707/3220 5086/6706/3220
f 5082/6592/3726 5325/6498/3641 5324/6468/3617 5031/6572/3707
f 5084/6581/3716 5081/6529/3670 5468/6719/3828 5473/6660/3781
f 5406/6758/3860 5407/6776/3873 5413/6777/3571 5052/6759/3570
f 5417/6778/3842 5407/6779/3874 5433/6780/3875 5422/6781/3876
f 5233/6782/3877 5478/6783/3878 5415/6784/3847 5235/6785/3879
f 5080/6426/3510 5026/6717/3537 5432/6716/3826 5431/6768/3866
f 5236/6786/3880 5410/6787/3881 5479/6788/3589 5228/6789/3588
f 5059/6735/3840 5418/6738/3843 5414/6790/3857 5054/6791/3882
f 5239/6792/3883 5407/6776/3873 5417/6737/3842 5240/6793/3884
f 5424/6747/3850 5423/6794/3885 5077/6795/3886 5055/6796/3887
f 5055/6796/3887 5077/6795/3886 5460/6797/3888 5459/6798/3889
f 5101/6733/3213 5225/6734/3839 5242/6799/3890 5057/6739/3213
f 5097/6659/3213 5057/6739/3213 5242/6799/3890 5247/6800/3891
f 5232/6741/3845 5234/6801/3892 5050/6729/3213 5101/6733/3213
f 5098/6602/3213 5046/6684/3213 5213/6712/3823 5188/6802/3893
f 5445/6803/3894 5448/6804/3895 5451/6805/3896 5450/6806/3897
f 5439/6807/3898 5442/6808/3855 5449/6809/3899 5454/6810/3898
f 5254/6811/3900 5257/6740/3844 5057/6739/3213
f 5187/6658/3780 5254/6811/3900 5057/6739/3213 5097/6659/3213
f 5075/6728/3837 5076/6753/3856 5013/6311/3220
f 5441/6812/3901 5444/6813/3739 5445/6814/3902 5450/6815/3903
f 5437/6816/3904 5059/6735/3840 5054/6791/3882 5440/6817/3905
f 5055/6796/3887 5459/6798/3889 5456/6818/3906 5056/6451/3604
f 5074/6711/3822 5447/6819/3907 5460/6797/3888 5077/6795/3886
f 5258/6820/3908 5261/6821/3909 5058/6822/3220
f 5058/6822/3220 5261/6821/3909 5253/6614/3744 5087/6616/3220
f 5234/6801/3892 5237/6823/3910 5050/6729/3213
f 5044/6638/3762 5074/6711/3822 5381/6710/3821 5380/6639/3763
f 5437/6816/3904 5438/6824/3911 5477/6736/3841 5059/6735/3840
f 5443/6825/3738 5438/6826/3723 5457/6827/3723 5446/6828/3722
f 5186/6672/3793 5485/6671/3792 5442/6752/3855 5255/6751/3854
f 5085/6427/3581 5056/6451/3604 5456/6818/3906 5455/6651/3773
f 5256/6750/3853 5439/6749/3852 5478/6783/3878 5233/6782/3877
f 5060/6606/3736 5444/6609/3739 5441/6829/3901 5061/6662/3783
f 5259/6830/3912 5438/6824/3911 5443/6608/3738 5260/6831/3913
f 5448/6804/3895 5447/6819/3907 5074/6711/3822 5044/6638/3762
f 5083/6515/3656 5452/6650/3772 5451/6805/3896 5045/6641/3765
f 5077/6795/3886 5423/6794/3885 5436/6763/3862 5067/6762/3600
f 5063/6832/3533 5064/6833/3557 5065/6563/3700 5062/6310/3478
f 5067/6834/3600 5063/6832/3533 5062/6310/3478 5066/6309/3477
f 5069/6835/3683 5070/6836/3714 5071/6695/3811 5068/6564/3701
f 5064/6833/3557 5069/6835/3683 5068/6564/3701 5065/6563/3700
f 5073/6837/3799 5074/6838/3822 5075/6728/3837 5072/6696/3812
f 5070/6836/3714 5073/6837/3799 5072/6696/3812 5071/6695/3811
f 5077/6839/3886 5067/6834/3600 5066/6309/3477 5076/6753/3856
f 5074/6838/3822 5077/6839/3886 5076/6753/3856 5075/6728/3837
f 5062/6310/3478 5065/6563/3700 5013/6311/3220
f 5461/6840/3914 5464/6841/3915 5012/6842/3213
f 5464/6841/3915 5466/6843/3916 5012/6842/3213
f 5467/6844/3917 5470/6845/3918 5012/6842/3213
f 5470/6845/3918 5461/6840/3914 5012/6842/3213
f 5466/6843/3916 5476/6846/3919 5012/6842/3213
f 5471/6847/3920 5474/6848/3921 5012/6842/3213
f 5474/6848/3921 5467/6844/3917 5012/6842/3213
f 5476/6846/3919 5471/6847/3920 5012/6842/3213
f 5079/6346/3509 5277/6325/3491 5276/6849/3922 5018/6425/3580
f 5294/6850/3923 5297/6445/3598 5300/6373/3536 5299/6851/3924
f 5221/6393/3553 5223/6392/3552 5227/6852/3925 5224/6853/3926
f 5270/6854/3927 5273/6368/3531 5276/6849/3922 5275/6855/3928
f 5390/6856/3929 5393/6726/3835 5396/6727/3836 5395/6857/3930
f 5182/6577/3712 5185/6576/3711 5200/6654/3776 5199/6653/3775
f 5090/6303/3220 5015/6290/3220 5125/6294/3465 5117/6389/3551
f 5312/6531/3672 5156/6530/3671 5155/6528/3669 5315/6527/3668
f 5095/6730/3213 5050/6729/3213 5237/6823/3910 5229/6858/3554
f 5224/6853/3926 5227/6852/3925 5244/6772/3870 5243/6771/3869
f 5035/6552/3220 5091/6289/3220 5105/6292/3463 5168/6553/3690
f 5360/6670/3791 5192/6669/3790 5191/6668/3789 5363/6667/3788
f 5087/6616/3220 5039/6601/3220 5181/6600/3733 5248/6859/3931
f 5170/6562/3699 5173/6479/3625 5034/6478/3213
f 5092/6473/3220 5028/6472/3220 5146/6860/3932 5204/6861/3933
f 5250/6765/3864 5258/6820/3908 5058/6822/3220 5088/6766/3220
f 5127/6561/3698 5111/6560/3697 5131/6384/3546 5128/6383/3545
f 5264/6361/3524 5120/6360/3523 5119/6359/3522 5267/6358/3521
f 5188/6802/3893 5190/6713/3824 5038/6603/3213 5098/6602/3213
f 5097/6659/3213 5247/6800/3891 5178/6604/3734 5038/6603/3213
f 5336/6594/3728 5172/6593/3727 5171/6591/3725 5339/6590/3724
f 5093/6551/3220 5165/6554/3691 5146/6860/3932 5028/6472/3220
f 5087/6616/3220 5248/6859/3931 5245/6862/3934 5058/6822/3220
f 5288/6440/3593 5138/6439/3592 5137/6438/3591 5291/6437/3590
f 5410/6787/3881 5236/6786/3880 5235/6785/3879 5415/6784/3847
f 5015/6290/3220 5090/6303/3220 5110/6306/3474 5108/6291/3462
f 5047/6686/3220 5092/6473/3220 5204/6861/3933 5201/6687/3804
f 5246/6774/3872 5249/6773/3871 5180/6575/3710 5179/6574/3709
f 5103/6863/3935 5104/6864/3936 5109/6559/3696 5106/6558/3695
f 5202/6656/3778 5205/6655/3777 5147/6420/3575 5144/6419/3574
f 5088/6766/3220 5058/6822/3220 5245/6862/3934 5226/6865/3937
f 5022/6304/3220 5086/6410/3220 5219/6866/3820 5130/6305/3473
f 5088/6766/3220 5226/6865/3937 5222/6708/3819 5051/6707/3220
f 5103/6863/3935 5106/6558/3695 5107/6286/3460 5102/6285/3459
f 5109/6559/3696 5104/6864/3936 5105/6292/3463 5108/6291/3462
f 5111/6560/3697 5109/6559/3696 5108/6291/3462 5110/6306/3474
f 5119/6359/3522 5120/6360/3523 5121/6867/3542 5118/6868/3476
f 5123/6366/3529 5124/6367/3530 5125/6294/3465 5122/6293/3464
f 5117/6389/3551 5125/6294/3465 5124/6367/3530 5116/6869/3938
f 5113/6870/3543 5121/6867/3542 5120/6360/3523 5112/6363/3526
f 5122/6293/3464 5114/6555/3692 5115/6871/3939 5123/6366/3529
f 5127/6561/3698 5128/6383/3545 5129/6329/3494 5126/6288/3461
f 5128/6383/3545 5132/6386/3548 5133/6382/3544 5129/6329/3494
f 5137/6438/3591 5138/6439/3592 5139/6872/3578 5136/6873/3555
f 5141/6443/3596 5142/6444/3597 5143/6388/3550 5140/6387/3549
f 5135/6874/3475 5139/6872/3578 5138/6439/3592 5134/6356/3519
f 5155/6528/3669 5156/6530/3671 5157/6875/3624 5154/6876/3623
f 5159/6538/3679 5160/6540/3681 5161/6509/3651 5158/6471/3620
f 5154/6876/3623 5150/6877/3626 5151/6525/3666 5155/6528/3669
f 5153/6556/3693 5161/6509/3651 5160/6540/3681 5152/6878/3940
f 5149/6879/3655 5157/6875/3624 5156/6530/3671 5148/6533/3674
f 5163/6422/3577 5166/6475/3622 5167/6550/3689 5162/6459/3609
f 5169/6474/3621 5164/6421/3576 5165/6554/3691 5168/6553/3690
f 5171/6591/3725 5172/6593/3727 5173/6880/3625 5170/6881/3699
f 5175/6596/3730 5176/6597/3731 5177/6580/3715 5174/6557/3694
f 5179/6574/3709 5182/6577/3712 5183/6605/3735 5178/6604/3734
f 5185/6576/3711 5180/6575/3710 5181/6600/3733 5184/6599/3732
f 5191/6668/3789 5192/6669/3790 5193/6882/3779 5190/6883/3824
f 5195/6675/3796 5196/6676/3797 5197/6617/3746 5194/6615/3745
f 5190/6883/3824 5188/6884/3893 5189/6665/3786 5191/6668/3789
f 5187/6885/3780 5193/6882/3779 5192/6669/3790 5186/6672/3793
f 5199/6653/3775 5202/6656/3778 5203/6461/3610 5198/6685/3803
f 5205/6655/3777 5200/6654/3776 5201/6687/3804 5204/6861/3933
f 5211/6624/3753 5212/6623/3752 5213/6886/3823 5210/6887/3810
f 5215/6724/3833 5216/6725/3834 5217/6688/3805 5214/6693/3809
f 5209/6470/3619 5217/6688/3805 5216/6725/3834 5208/6888/3941
f 5214/6693/3809 5206/6618/3747 5207/6889/3942 5215/6724/3833
f 5223/6392/3552 5218/6391/3547 5219/6709/3820 5222/6708/3819
f 5221/6393/3553 5224/6853/3926 5225/6734/3839 5220/6732/3838
f 5227/6852/3925 5223/6392/3552 5222/6708/3819 5226/6865/3937
f 5235/6785/3879 5236/6786/3880 5237/6890/3910 5234/6891/3892
f 5239/6792/3883 5240/6793/3884 5241/6764/3863 5238/6770/3868
f 5234/6891/3892 5232/6892/3845 5233/6782/3877 5235/6785/3879
f 5229/6893/3554 5237/6890/3910 5236/6786/3880 5228/6789/3588
f 5238/6770/3868 5230/6775/3566 5231/6894/3943 5239/6792/3883
f 5243/6771/3869 5246/6774/3872 5247/6800/3891 5242/6799/3890
f 5249/6773/3871 5244/6772/3870 5245/6862/3934 5248/6859/3931
f 5255/6751/3854 5256/6750/3853 5257/6895/3844 5254/6896/3900
f 5259/6830/3912 5260/6831/3913 5261/6821/3909 5258/6820/3908
f 5253/6614/3744 5261/6821/3909 5260/6831/3913 5252/6897/3944
f 5258/6820/3908 5250/6765/3864 5251/6898/3945 5259/6830/3912
f 5106/6558/3695 5127/6561/3698 5126/6288/3461 5107/6286/3460
f 5118/6868/3476 5135/6874/3475 5134/6356/3519 5119/6359/3522
f 5131/6384/3546 5111/6560/3697 5110/6306/3474 5130/6305/3473
f 5218/6385/3547 5131/6384/3546 5130/6305/3473 5219/6866/3820
f 5136/6873/3555 5229/6899/3554 5228/6435/3588 5137/6438/3591
f 5230/6411/3566 5143/6388/3550 5142/6444/3597 5231/6900/3943
f 5140/6387/3549 5117/6389/3551 5116/6869/3938 5141/6443/3596
f 5202/6656/3778 5144/6419/3574 5145/6458/3608 5203/6461/3610
f 5147/6420/3575 5205/6655/3777 5204/6861/3933 5146/6860/3932
f 5144/6419/3574 5163/6422/3577 5162/6459/3609 5145/6458/3608
f 5164/6421/3576 5147/6420/3575 5146/6860/3932 5165/6554/3691
f 5158/6471/3620 5209/6470/3619 5208/6888/3941 5159/6538/3679
f 5166/6475/3622 5103/6863/3935 5102/6285/3459 5167/6550/3689
f 5104/6864/3936 5169/6474/3621 5168/6553/3690 5105/6292/3463
f 5170/6881/3699 5113/6870/3543 5112/6363/3526 5171/6591/3725
f 5114/6555/3692 5177/6580/3715 5176/6597/3731 5115/6871/3939
f 5150/6877/3626 5173/6880/3625 5172/6593/3727 5151/6525/3666
f 5174/6557/3694 5153/6556/3693 5152/6878/3940 5175/6596/3730
f 5246/6774/3872 5179/6574/3709 5178/6604/3734 5247/6800/3891
f 5180/6575/3710 5249/6773/3871 5248/6859/3931 5181/6600/3733
f 5206/6618/3747 5197/6617/3746 5196/6676/3797 5207/6889/3942
f 5194/6615/3745 5253/6614/3744 5252/6897/3944 5195/6675/3796
f 5182/6577/3712 5199/6653/3775 5198/6685/3803 5183/6605/3735
f 5200/6654/3776 5185/6576/3711 5184/6599/3732 5201/6687/3804
f 5210/6887/3810 5149/6879/3655 5148/6533/3674 5211/6624/3753
f 5188/6884/3893 5213/6886/3823 5212/6623/3752 5189/6665/3786
f 5132/6390/3548 5221/6393/3553 5220/6732/3838 5133/6731/3544
f 5250/6765/3864 5241/6764/3863 5240/6793/3884 5251/6898/3945
f 5224/6853/3926 5243/6771/3869 5242/6799/3890 5225/6734/3839
f 5244/6772/3870 5227/6852/3925 5226/6865/3937 5245/6862/3934
f 5254/6896/3900 5187/6885/3780 5186/6672/3793 5255/6751/3854
f 5232/6892/3845 5257/6895/3844 5256/6750/3853 5233/6782/3877
f 5166/6475/3622 5169/6474/3621 5104/6864/3936 5103/6863/3935
f 5268/6336/3501 5412/6335/3500 5116/6869/3938 5124/6367/3530
f 5413/6777/3571 5407/6776/3873 5239/6792/3883 5231/6894/3943
f 5292/6417/3572 5413/6416/3571 5231/6900/3943 5142/6444/3597
f 5270/6854/3927 5271/6901/3946 5272/6369/3532 5273/6368/3531
f 5274/6324/3490 5275/6855/3928 5276/6849/3922 5277/6325/3491
f 5278/6902/3947 5279/6327/3493 5280/6326/3492 5281/6322/3488
f 5282/6903/3948 5283/6904/3949 5284/6321/3487 5285/6396/3556
f 5408/6585/3720 5335/6584/3719 5175/6596/3730 5152/6878/3940
f 5409/6343/3506 5263/6355/3518 5123/6366/3529 5115/6871/3939
f 5340/6344/3507 5409/6343/3506 5115/6871/3939 5176/6597/3731
f 5412/6335/3500 5287/6430/3583 5141/6443/3596 5116/6869/3938
f 5294/6850/3923 5295/6905/3567 5296/6446/3599 5297/6445/3598
f 5298/6412/3567 5299/6851/3924 5300/6373/3536 5301/6372/3535
f 5302/6906/3950 5303/6414/3569 5304/6413/3568 5305/6424/3579
f 5306/6907/3951 5307/6908/3952 5308/6405/3563 5309/6404/3562
f 5318/6466/3615 5319/6909/3953 5320/6541/3682 5321/6467/3616
f 5322/6497/3640 5323/6469/3618 5324/6468/3617 5325/6498/3641
f 5326/6910/3954 5327/6500/3643 5328/6499/3642 5329/6495/3638
f 5330/6911/3955 5331/6912/3956 5332/6494/3637 5333/6578/3713
f 5342/6295/3466 5343/6913/3957 5344/6573/3708 5345/6296/3467
f 5346/6330/3495 5347/6298/3469 5348/6297/3468 5349/6331/3496
f 5350/6914/3958 5351/6333/3498 5352/6332/3497 5353/6571/3706
f 5354/6915/3959 5355/6916/3960 5356/6545/3686 5357/6544/3685
f 5366/6619/3748 5367/6917/3961 5368/6677/3798 5369/6620/3749
f 5370/6642/3766 5371/6621/3750 5372/6583/3718 5373/6582/3717
f 5374/6918/3962 5375/6644/3768 5376/6643/3767 5377/6640/3764
f 5378/6919/3963 5379/6920/3964 5380/6639/3763 5381/6710/3821
f 5390/6856/3929 5391/6921/3965 5392/6705/3818 5393/6726/3835
f 5394/6505/3647 5395/6857/3930 5396/6727/3836 5397/6506/3648
f 5398/6922/3966 5399/6508/3650 5400/6507/3649 5401/6519/3660
f 5402/6923/3967 5403/6924/3968 5404/6518/3659 5405/6679/3800
f 5419/6611/3741 5383/6722/3831 5215/6724/3833 5207/6889/3942
f 5420/6463/3612 5311/6524/3665 5159/6538/3679 5208/6888/3941
f 5388/6464/3613 5420/6463/3612 5208/6888/3941 5216/6725/3834
f 5316/6539/3680 5408/6585/3720 5152/6878/3940 5160/6540/3681
f 5421/6746/3849 5422/6925/3969 5423/6794/3885 5424/6747/3850
f 5425/6767/3865 5426/6748/3851 5427/6450/3603 5428/6449/3602
f 5429/6926/3970 5430/6769/3867 5431/6768/3866 5432/6716/3826
f 5433/6927/3971 5434/6928/3972 5435/6715/3825 5436/6763/3862
f 5443/6608/3738 5416/6607/3737 5252/6897/3944 5260/6831/3913
f 5416/6607/3737 5359/6664/3785 5195/6675/3796 5252/6897/3944
f 5364/6612/3742 5419/6611/3741 5207/6889/3942 5196/6676/3797
f 5445/6803/3894 5446/6929/3973 5447/6819/3907 5448/6804/3895
f 5449/6649/3771 5450/6806/3897 5451/6805/3896 5452/6650/3772
f 5453/6930/3974 5454/6652/3774 5455/6651/3773 5456/6818/3906
f 5457/6931/3975 5458/6932/3976 5459/6798/3889 5460/6797/3888
f 5262/6933/3977 5283/6934/3977 5282/6318/3485 5263/6317/3484
f 5266/6312/3479 5275/6315/3482 5274/6301/3472 5267/6300/3471
f 5270/6314/3481 5269/6313/3480 5268/6316/3483 5271/6319/3483
f 5278/6935/3978 5265/6936/3978 5264/6937/3470 5279/6938/3470
f 5286/6375/3538 5307/6378/3541 5306/6433/3586 5287/6432/3585
f 5290/6398/3558 5299/6401/3558 5298/6340/3504 5291/6339/3504
f 5294/6400/3559 5293/6399/3559 5292/6431/3584 5295/6434/3587
f 5302/6377/3540 5289/6376/3539 5288/6939/3503 5303/6940/3503
f 5310/6406/3564 5331/6409/3564 5330/6491/3634 5311/6490/3633
f 5314/6485/3630 5323/6488/3630 5322/6503/3646 5315/6502/3645
f 5318/6487/3631 5317/6486/3631 5316/6489/3632 5319/6492/3635
f 5326/6408/3565 5313/6407/3565 5312/6941/3644 5327/6942/3644
f 5334/6546/3687 5355/6549/3687 5354/6588/3722 5335/6587/3722
f 5338/6565/3702 5347/6568/3702 5346/6512/3654 5339/6511/3653
f 5342/6567/3703 5341/6566/3703 5340/6586/3721 5343/6589/3723
f 5358/6481/3627 5379/6484/3627 5378/6636/3761 5359/6635/3761
f 5362/6630/3759 5371/6633/3759 5370/6647/3770 5363/6646/3770
f 5366/6632/3760 5365/6631/3760 5364/6634/3485 5367/6637/3485
f 5374/6483/3629 5361/6482/3628 5360/6943/3769 5375/6944/3769
f 5382/6680/3801 5403/6683/3801 5402/6703/3817 5383/6702/3587
f 5386/6697/3813 5395/6700/3813 5394/6691/3807 5387/6690/3807
f 5390/6699/3815 5389/6698/3814 5388/6701/3816 5391/6704/3816
f 5398/6682/3802 5385/6681/3802 5384/6945/3806 5399/6946/3808
f 5406/6626/3755 5434/6629/3758 5433/6780/3875 5407/6779/3874
f 5414/6754/3857 5426/6757/3859 5425/6744/3848 5415/6743/3847
f 5421/6756/3858 5418/6755/3843 5417/6778/3842 5422/6781/3876
f 5429/6628/3757 5411/6627/3756 5410/6947/3846 5430/6948/3645
f 5437/6452/3605 5458/6455/3607 5457/6827/3723 5438/6826/3723
f 5441/6812/3901 5450/6815/3903 5449/6809/3899 5442/6808/3855
f 5445/6814/3902 5444/6813/3739 5443/6825/3738 5446/6828/3722
f 5453/6454/3606 5440/6453/3606 5439/6949/3898 5454/6950/3898
f 5262/6933/3977 5265/6936/3978 5278/6935/3978 5283/6934/3977
f 5464/6841/3915 5461/6840/3914 5462/6951/3514 5463/6952/3512
f 5466/6843/3916 5464/6841/3915 5463/6952/3512 5465/6953/3511
f 5470/6845/3918 5467/6844/3917 5468/6954/3828 5469/6955/3827
f 5461/6840/3914 5470/6845/3918 5469/6955/3827 5462/6951/3514
f 5476/6846/3919 5466/6843/3916 5465/6953/3511 5475/6956/3582
f 5474/6848/3921 5471/6847/3920 5472/6957/3657 5473/6958/3781
f 5467/6844/3917 5474/6848/3921 5473/6958/3781 5468/6954/3828
f 5471/6847/3920 5476/6846/3919 5475/6956/3582 5472/6957/3657
f 5082/6592/3726 5078/6350/3513 5462/6351/3514 5469/6718/3827
f 5333/6578/3713 5320/6541/3682 5319/6909/3953 5330/6911/3955
f 5329/6495/3638 5332/6494/3637 5331/6912/3956 5326/6910/3954
f 5396/6727/3836 5393/6726/3835 5032/6493/3636 5033/6496/3639
f 5405/6679/3800 5392/6705/3818 5391/6921/3965 5402/6923/3967
f 5401/6519/3660 5404/6518/3659 5403/6924/3968 5398/6922/3966
f 5372/6583/3718 5369/6620/3749 5042/6517/3658 5043/6520/3661
f 5381/6710/3821 5368/6677/3798 5367/6917/3961 5378/6919/3963
f 5377/6640/3764 5380/6639/3763 5379/6920/3964 5374/6918/3962
f 5451/6805/3896 5448/6804/3895 5044/6638/3762 5045/6641/3765
f 5460/6797/3888 5447/6819/3907 5446/6929/3973 5457/6931/3975
f 5456/6818/3906 5459/6798/3889 5458/6932/3976 5453/6930/3974
f 5427/6450/3603 5424/6747/3850 5055/6796/3887 5056/6451/3604
f 5436/6763/3862 5423/6794/3885 5422/6925/3969 5433/6927/3971
f 5432/6716/3826 5435/6715/3825 5434/6928/3972 5429/6926/3970
f 5300/6373/3536 5297/6445/3598 5025/6448/3601 5026/6374/3537
f 5309/6404/3562 5296/6446/3599 5295/6905/3567 5306/6907/3951
f 5305/6424/3579 5308/6405/3563 5307/6908/3952 5302/6906/3950
f 5276/6849/3922 5273/6368/3531 5017/6371/3534 5018/6425/3580
f 5285/6396/3556 5272/6369/3532 5271/6901/3946 5282/6903/3948
f 5348/6297/3468 5345/6296/3467 5019/6320/3486 5020/6323/3489
f 5281/6322/3488 5284/6321/3487 5283/6904/3949 5278/6902/3947
f 5357/6544/3685 5344/6573/3708 5343/6913/3957 5354/6915/3959
f 5353/6571/3706 5356/6545/3686 5355/6916/3960 5350/6914/3958
f 5324/6468/3617 5321/6467/3616 5030/6543/3684 5031/6572/3707
f 5352/6332/3497 5349/6331/3496 5078/6350/3513 5082/6592/3726
f 5280/6326/3492 5277/6325/3491 5079/6346/3509 5078/6350/3513
f 5304/6413/3568 5301/6372/3535 5080/6347/3510 5079/6346/3509
f 5431/6768/3866 5428/6449/3602 5085/6427/3581 5080/6426/3510
f 5455/6651/3773 5452/6650/3772 5083/6515/3656 5085/6427/3581
f 5376/6643/3767 5373/6582/3717 5084/6581/3716 5083/6515/3656
f 5400/6507/3649 5397/6506/3648 5081/6529/3670 5084/6581/3716
f 5328/6499/3642 5325/6498/3641 5082/6592/3726 5081/6529/3670
f 5477/6736/3841 5438/6824/3911 5259/6830/3912 5251/6898/3945
f 5417/6737/3842 5477/6736/3841 5251/6898/3945 5240/6793/3884
f 5415/6784/3847 5478/6783/3878 5054/6791/3882 5414/6790/3857
f 5478/6783/3878 5439/6749/3852 5440/6817/3905 5054/6791/3882
f 5479/6788/3589 5410/6787/3881 5411/6761/3861 5053/6760/3595
f 5291/6437/3590 5479/6436/3589 5053/6442/3595 5290/6441/3594
f 5480/6357/3520 5288/6440/3593 5289/6403/3561 5024/6365/3528
f 5267/6358/3521 5480/6357/3520 5024/6365/3528 5266/6364/3527
f 5339/6590/3724 5481/6362/3525 5016/6353/3516 5338/6595/3729
f 5481/6362/3525 5264/6361/3524 5265/6354/3517 5016/6353/3516
f 5315/6527/3668 5482/6526/3667 5029/6537/3678 5314/6536/3677
f 5482/6526/3667 5336/6594/3728 5337/6570/3705 5029/6537/3678
f 5483/6532/3673 5312/6531/3672 5313/6523/3664 5049/6522/3663
f 5387/6625/3754 5483/6532/3673 5049/6522/3663 5386/6723/3832
f 5484/6666/3787 5384/6622/3751 5385/6721/3830 5041/6674/3795
f 5363/6667/3788 5484/6666/3787 5041/6674/3795 5362/6673/3794
f 5442/6752/3855 5485/6671/3792 5061/6662/3783 5441/6829/3901
f 5485/6671/3792 5360/6670/3791 5361/6663/3784 5061/6662/3783
f 5337/6547/3688 5336/6959/3652 5351/6960/3652 5350/6548/3688
f 5541/6961/3979 5491/6962/3242 5563/6963/3980 5533/6964/3981
f 5500/6965/3982 5508/6966/3983 5486/6967/3984 5561/6968/3985
f 5538/6969/3986 5539/6970/3987 5535/6971/3988 5542/6972/3989
f 5559/6973/3990 5528/6974/3991 5531/6975/3992 5562/6976/3993
f 5534/6977/3994 5566/6978/3995 5491/6962/3242 5541/6961/3979
f 5544/6979/3996 5548/6980/3997 5556/6981/3989 5552/6982/3998
f 5537/6983/3999 5487/6984/4000 5488/6985/4001 5540/6986/4002
f 5489/6987/4003 5509/6988/4004 5505/6989/4005 5568/6990/4006
f 5519/6991/4007 5578/6992/4008 5497/6993/3242 5526/6994/4009
f 5514/6995/4010 5570/6996/4011 5493/6997/4012 5522/6998/4013
f 5552/6982/3998 5556/6981/3989 5551/6999/4014 5555/7000/4015
f 5557/7001/3979 5547/7002/4016 5576/7003/4017 5496/7004/3242
f 5530/7005/4018 5538/6969/3986 5542/6972/3989 5532/7006/4019
f 5487/6984/4000 5558/7007/4020 5561/6968/3985 5486/6967/3984
f 5549/7008/4021 5557/7001/3979 5496/7004/3242 5581/7009/4022
f 5494/7010/4023 5579/7011/4024 5521/7012/4025 5525/7013/4026
f 5504/7014/4027 5512/7015/4028 5490/7016/3242 5569/7017/4029
f 5529/7018/4030 5558/7007/4020 5487/6984/4000 5537/6983/3999
f 5507/7019/4031 5511/7020/4032 5506/7021/4033 5510/7022/4034
f 5499/7023/4035 5503/7024/4036 5511/7020/4032 5507/7019/4031
f 5571/7025/4037 5513/7026/4038 5516/7027/4039 5574/7028/4040
f 5526/6994/4009 5497/6993/3242 5575/7029/4041 5518/7030/4042
f 5508/6966/3983 5509/6988/4004 5489/6987/4003 5486/6967/3984
f 5488/6985/4001 5567/7031/4043 5536/7032/4044 5540/6986/4002
f 5572/7033/4045 5577/7034/4046 5546/7035/4047 5543/7036/4048
f 5545/7037/4049 5553/7038/4050 5492/7039/4051 5573/7040/4052
f 5523/7041/4053 5524/7042/4054 5520/7043/4055 5527/7044/4056
f 5515/7045/4057 5523/7041/4053 5527/7044/4056 5517/7046/4058
f 5553/7038/4050 5554/7047/4059 5495/7048/4060 5492/7039/4051
f 5522/6998/4013 5493/6997/4012 5494/7010/4023 5525/7013/4026
f 5495/7048/4060 5554/7047/4059 5550/7049/4061 5580/7050/4062
f 5567/7031/4043 5488/6985/4001 5489/6987/4003 5568/6990/4006
f 5565/7051/4063 5560/7052/4064 5559/6973/3990 5562/6976/3993
f 5563/6963/3980 5491/6962/3242 5490/7016/3242 5564/7053/4065
f 5493/6997/4012 5570/6996/4011 5573/7040/4052 5492/7039/4051
f 5488/6985/4001 5487/6984/4000 5486/6967/3984 5489/6987/4003
f 5491/6962/3242 5566/6978/3995 5569/7017/4029 5490/7016/3242
f 5579/7011/4024 5494/7010/4023 5495/7048/4060 5580/7050/4062
f 5577/7034/4046 5572/7033/4045 5571/7025/4037 5574/7028/4040
f 5575/7029/4041 5497/6993/3242 5496/7004/3242 5576/7003/4017
f 5494/7010/4023 5493/6997/4012 5492/7039/4051 5495/7048/4060
f 5497/6993/3242 5578/6992/4008 5581/7009/4022 5496/7004/3242
f 5512/7015/4028 5502/7054/4066 5564/7053/4065 5490/7016/3242
f 5498/7055/4067 5499/7056/4035 5500/7057/3982
f 5501/7058/4068 5502/7054/4066 5503/7059/4036
f 5504/7014/4027 5505/6989/4005 5506/7021/4033
f 5513/7026/4038 5514/7060/4010 5515/7061/4057
f 5516/7027/4039 5517/7062/4058 5518/7030/4042
f 5519/6991/4007 5520/7043/4055 5521/7012/4025
f 5528/6974/3991 5529/7063/4030 5530/7064/4018
f 5531/6975/3992 5532/7065/4019 5533/6964/3981
f 5534/6977/3994 5535/6971/3988 5536/7032/4044
f 5543/7036/4048 5544/7066/3996 5545/7067/4049
f 5546/7035/4047 5547/7002/4016 5548/7068/3997
f 5549/7008/4021 5550/7049/4061 5551/6999/4014
f 5503/7059/4036 5499/7056/4035 5498/7055/4067 5501/7058/4068
f 5508/6966/3983 5500/6965/3982 5499/7023/4035 5507/7019/4031
f 5512/7015/4028 5504/7014/4027 5506/7021/4033 5511/7069/4032
f 5505/6989/4005 5509/6988/4004 5510/7022/4034 5506/7021/4033
f 5509/6988/4004 5508/6966/3983 5507/7019/4031 5510/7022/4034
f 5502/7054/4066 5512/7015/4028 5511/7069/4032 5503/7059/4036
f 5516/7027/4039 5513/7026/4038 5515/7061/4057 5517/7062/4058
f 5523/7041/4053 5515/7045/4057 5514/6995/4010 5522/6998/4013
f 5527/7070/4056 5520/7043/4055 5519/6991/4007 5526/6994/4009
f 5520/7043/4055 5524/7042/4054 5525/7013/4026 5521/7012/4025
f 5524/7042/4054 5523/7041/4053 5522/6998/4013 5525/7013/4026
f 5517/7062/4058 5527/7070/4056 5526/6994/4009 5518/7030/4042
f 5531/6975/3992 5528/6974/3991 5530/7064/4018 5532/7065/4019
f 5538/6969/3986 5530/7005/4018 5529/7018/4030 5537/6983/3999
f 5542/7071/3989 5535/6971/3988 5534/6977/3994 5541/6961/3979
f 5535/6971/3988 5539/6970/3987 5540/6986/4002 5536/7032/4044
f 5539/6970/3987 5538/6969/3986 5537/6983/3999 5540/6986/4002
f 5532/7065/4019 5542/7071/3989 5541/6961/3979 5533/6964/3981
f 5548/7068/3997 5544/7066/3996 5543/7036/4048 5546/7035/4047
f 5553/7038/4050 5545/7037/4049 5544/6979/3996 5552/6982/3998
f 5557/7001/3979 5549/7008/4021 5551/6999/4014 5556/7072/3989
f 5550/7049/4061 5554/7047/4059 5555/7000/4015 5551/6999/4014
f 5554/7047/4059 5553/7038/4050 5552/6982/3998 5555/7000/4015
f 5547/7002/4016 5557/7001/3979 5556/7072/3989 5548/7068/3997
f 5567/7031/4043 5568/6990/4006 5569/7017/4029 5566/6978/3995
f 5559/6973/3990 5560/7052/4064 5561/7073/3985 5558/7074/4020
f 5563/6963/3980 5564/7053/4065 5565/7051/4063 5562/6976/3993
f 5579/7011/4024 5580/7050/4062 5581/7009/4022 5578/6992/4008
f 5571/7025/4037 5572/7033/4045 5573/7075/4052 5570/7076/4011
f 5575/7029/4041 5576/7003/4017 5577/7034/4046 5574/7028/4040
f 5560/7052/4064 5498/7055/4067 5500/7057/3982 5561/7073/3985
f 5528/6974/3991 5559/6973/3990 5558/7074/4020 5529/7063/4030
f 5564/7053/4065 5502/7054/4066 5501/7058/4068 5565/7051/4063
f 5533/6964/3981 5563/6963/3980 5562/6976/3993 5531/6975/3992
f 5568/6990/4006 5505/6989/4005 5504/7014/4027 5569/7017/4029
f 5536/7032/4044 5567/7031/4043 5566/6978/3995 5534/6977/3994
f 5513/7026/4038 5571/7025/4037 5570/7076/4011 5514/7060/4010
f 5545/7067/4049 5573/7075/4052 5572/7033/4045 5543/7036/4048
f 5576/7003/4017 5547/7002/4016 5546/7035/4047 5577/7034/4046
f 5518/7030/4042 5575/7029/4041 5574/7028/4040 5516/7027/4039
f 5521/7012/4025 5579/7011/4024 5578/6992/4008 5519/6991/4007
f 5549/7008/4021 5581/7009/4022 5580/7050/4062 5550/7049/4061
f 5560/7052/4064 5565/7051/4063 5501/7058/4068 5498/7055/4067
f 5625/7077/4069 5602/7078/4070 5605/7079/4071 5630/7080/4072
f 5597/7081/4073 5589/7082/4074 5640/7083/4075 5657/7084/4076
f 5611/7085/4077 5648/7086/4078 5663/7087/4079 5618/7088/4080
f 5608/7089/4081 5638/7090/4082 5649/7091/4083 5613/7092/4084
f 5616/7093/4085 5609/7094/4086 5612/7095/4087 5621/7096/4088
f 5623/7097/4089 5656/7098/4090 5661/7099/4091 5627/7100/4092
f 5601/7101/4093 5586/7102/4094 5632/7103/4095 5665/7104/4096
f 5584/7105/4097 5594/7106/4098 5656/7098/4090 5623/7097/4089
f 5588/7107/4099 5592/7108/4100 5646/7109/4101 5641/7110/4102
f 5615/7111/4103 5654/7112/4104 5639/7113/4105 5610/7114/4106
f 5604/7115/4107 5617/7116/4108 5620/7117/4109 5606/7118/4110
f 5596/7119/4111 5599/7120/4112 5593/7121/4113 5590/7122/4114
f 5591/7123/4115 5598/7124/4116 5664/7125/4117 5647/7126/4118
f 5647/7126/4118 5664/7125/4117 5669/7127/4119 5651/7128/4120
f 5619/7129/4121 5662/7130/4122 5631/7131/4123 5607/7132/4124
f 5603/7133/4125 5624/7134/4126 5655/7135/4127 5614/7136/4128
f 5628/7137/4129 5635/7138/4130 5637/7139/4131 5626/7140/4132
f 5666/7141/4133 5634/7142/4134 5631/7131/4123 5662/7130/4122
f 5629/7143/4135 5659/7144/4136 5655/7135/4127 5624/7134/4126
f 5658/7145/4137 5642/7146/4138 5639/7113/4105 5654/7112/4104
f 5652/7147/4139 5643/7148/4140 5645/7149/4141 5650/7150/4142
f 5650/7150/4142 5645/7149/4141 5641/7110/4102 5646/7109/4101
f 5649/7091/4083 5638/7090/4082 5643/7148/4140 5652/7147/4139
f 5657/7084/4076 5640/7083/4075 5644/7151/4143 5660/7152/4144
f 5668/7153/4145 5636/7154/4146 5634/7142/4134 5666/7141/4133
f 5627/7100/4092 5661/7099/4091 5659/7144/4136 5629/7143/4135
f 5665/7104/4096 5632/7103/4095 5636/7154/4146 5668/7153/4145
f 5626/7140/4132 5637/7139/4131 5633/7155/4147 5622/7156/4148
f 5625/7077/4069 5630/7080/4072 5635/7138/4130 5628/7137/4129
f 5653/7157/4149 5667/7158/4150 5663/7087/4079 5648/7086/4078
f 5667/7158/4150 5653/7157/4149 5651/7128/4120 5669/7127/4119
f 5622/7156/4148 5633/7155/4147 5585/7159/4151 5582/7160/4152
f 5660/7152/4144 5644/7151/4143 5642/7146/4138 5658/7145/4137
f 5582/7161/4152 5583/7162/4153 5584/7163/4097
f 5585/7164/4151 5586/7165/4094 5587/7166/4154
f 5588/7167/4099 5589/7168/4074 5590/7122/4114
f 5591/7169/4115 5592/7170/4100 5593/7121/4113
f 5594/7171/4098 5595/7172/4155 5596/7119/4111 5597/7173/4073
f 5598/7174/4116 5599/7120/4112 5600/7175/4156 5601/7176/4093
f 5602/7177/4070 5603/7178/4125 5604/7115/4107
f 5605/7179/4071 5606/7118/4110 5607/7180/4124
f 5608/7181/4081 5609/7094/4086 5610/7182/4106
f 5611/7183/4077 5612/7095/4087 5613/7184/4084
f 5614/7185/4128 5615/7186/4103 5616/7093/4085 5617/7116/4108
f 5618/7187/4080 5619/7188/4121 5620/7117/4109 5621/7096/4088
f 5587/7166/4154 5583/7162/4153 5582/7161/4152 5585/7164/4151
f 5594/7171/4098 5584/7163/4097 5583/7162/4153 5595/7172/4155
f 5598/7174/4116 5591/7169/4115 5593/7121/4113 5599/7120/4112
f 5592/7170/4100 5588/7167/4099 5590/7122/4114 5593/7121/4113
f 5589/7168/4074 5597/7173/4073 5596/7119/4111 5590/7122/4114
f 5586/7165/4094 5601/7176/4093 5600/7175/4156 5587/7166/4154
f 5599/7120/4112 5596/7119/4111 5595/7172/4155 5600/7175/4156
f 5605/7179/4071 5602/7177/4070 5604/7115/4107 5606/7118/4110
f 5617/7116/4108 5604/7115/4107 5603/7178/4125 5614/7185/4128
f 5621/7096/4088 5612/7095/4087 5611/7183/4077 5618/7187/4080
f 5612/7095/4087 5609/7094/4086 5608/7181/4081 5613/7184/4084
f 5609/7094/4086 5616/7093/4085 5615/7186/4103 5610/7182/4106
f 5606/7118/4110 5620/7117/4109 5619/7188/4121 5607/7180/4124
f 5620/7117/4109 5617/7116/4108 5616/7093/4085 5621/7096/4088
f 5629/7143/4135 5624/7134/4126 5625/7077/4069 5628/7137/4129
f 5631/7131/4123 5634/7142/4134 5635/7138/4130 5630/7080/4072
f 5627/7100/4092 5629/7143/4135 5628/7137/4129 5626/7140/4132
f 5634/7142/4134 5636/7154/4146 5637/7139/4131 5635/7138/4130
f 5623/7097/4089 5627/7100/4092 5626/7140/4132 5622/7156/4148
f 5636/7154/4146 5632/7103/4095 5633/7155/4147 5637/7139/4131
f 5653/7157/4149 5648/7086/4078 5649/7091/4083 5652/7147/4139
f 5639/7113/4105 5642/7146/4138 5643/7148/4140 5638/7090/4082
f 5651/7128/4120 5653/7157/4149 5652/7147/4139 5650/7150/4142
f 5642/7146/4138 5644/7151/4143 5645/7149/4141 5643/7148/4140
f 5647/7126/4118 5651/7128/4120 5650/7150/4142 5646/7109/4101
f 5644/7151/4143 5640/7083/4075 5641/7110/4102 5645/7149/4141
f 5661/7099/4091 5656/7098/4090 5657/7189/4076 5660/7190/4144
f 5659/7144/4136 5661/7099/4091 5660/7190/4144 5658/7191/4137
f 5655/7135/4127 5659/7144/4136 5658/7191/4137 5654/7192/4104
f 5669/7127/4119 5664/7125/4117 5665/7104/4096 5668/7153/4145
f 5667/7158/4150 5669/7127/4119 5668/7153/4145 5666/7141/4133
f 5663/7087/4079 5667/7158/4150 5666/7141/4133 5662/7130/4122
f 5622/7156/4148 5582/7160/4152 5584/7105/4097 5623/7097/4089
f 5597/7193/4073 5657/7189/4076 5656/7098/4090 5594/7106/4098
f 5632/7103/4095 5586/7102/4094 5585/7159/4151 5633/7155/4147
f 5602/7078/4070 5625/7077/4069 5624/7134/4126 5603/7133/4125
f 5654/7192/4104 5615/7194/4103 5614/7136/4128 5655/7135/4127
f 5607/7132/4124 5631/7131/4123 5630/7080/4072 5605/7079/4071
f 5664/7125/4117 5598/7124/4116 5601/7101/4093 5665/7104/4096
f 5618/7088/4080 5663/7087/4079 5662/7130/4122 5619/7129/4121
f 5588/7107/4099 5641/7110/4102 5640/7083/4075 5589/7082/4074
f 5638/7090/4082 5608/7089/4081 5610/7114/4106 5639/7113/4105
f 5591/7123/4115 5647/7126/4118 5646/7109/4101 5592/7108/4100
f 5648/7086/4078 5611/7085/4077 5613/7092/4084 5649/7091/4083
f 5583/7162/4153 5587/7166/4154 5600/7175/4156 5595/7172/4155
f 5785/7195/4157 5780/7196/4158 5671/7197/3220 5672/7198/3220
f 5783/7199/4159 5778/7200/4160 5781/7201/4161 5784/7202/4162
f 5672/7198/3220 5671/7197/3220 5686/7203/3220 5691/7204/3220
f 5729/7205/4163 5806/7206/4164 6058/7207/4165 6056/7208/4166
f 6142/7209/4167 6102/7210/4168 6088/7211/3242 6140/7212/4169
f 5760/7213/3213 5765/7214/3213 5993/7215/4170 5966/7216/4171
f 5690/7217/3213 5687/7218/3213 5670/7219/3213 5673/7220/3213
f 5729/7221/3220 5724/7222/3220 5803/7223/4172 5806/7224/4173
f 5743/7225/3220 5838/7226/4174 5841/7227/4175 5742/7228/3220
f 5691/7229/4176 5692/7230/4163 5871/7231/4166 5832/7232/4177
f 5760/7213/3213 5966/7216/4171 5962/7233/4178 5761/7234/3213
f 5852/7235/4179 5745/7236/3220 5861/7237/4180 5847/7238/4181
f 5960/7239/4182 5963/7240/4183 5839/7241/4184 5845/7242/4185
f 5885/7243/4186 5748/7244/3220 5750/7245/3220 5886/7246/4187
f 5675/7247/4188 6097/7248/4189 6155/7249/4190 5820/7250/4191
f 5679/7251/4192 5677/7252/4192 5682/7253/4193 5683/7254/4193
f 5840/7255/4194 5839/7241/4184 5963/7240/4183 5967/7256/4195
f 5678/7257/4196 5681/7258/4197 5975/7259/4198 5970/7260/4199
f 5678/7257/4196 5676/7261/4200 5680/7262/4197 5681/7258/4197
f 5956/7263/4201 5959/7264/4202 5830/7265/4203 5836/7266/4204
f 5956/7263/4201 5836/7266/4204 5835/7267/4205 5954/7268/4206
f 6016/7269/4207 6015/7270/4208 6057/7271/4209 6049/7272/4210
f 5899/7273/4211 6019/7274/4204 6017/7275/4205 5896/7276/4212
f 5844/7277/4213 5812/7278/4214 5847/7238/4181 5861/7237/4180
f 5960/7239/4182 5845/7242/4185 5860/7279/4215 5981/7280/4216
f 5807/7281/4217 5808/7282/4218 5732/7283/4219 5734/7284/4220
f 5911/7285/4221 5912/7286/4222 5755/7287/3213 5753/7288/3213
f 6070/7289/4223 6073/7290/4187 5777/7291/3220 5775/7292/3220
f 5885/7243/4186 5864/7293/4224 5863/7294/4225 5877/7295/4226 5748/7244/3220
f 5980/7296/4227 5983/7297/4228 5764/7298/3213 5762/7299/3213
f 5809/7300/4229 5728/7301/4163 5932/7302/4230 5925/7303/4231
f 5792/7304/4232 5692/7305/3220 5689/7306/3220 5789/7307/4233
f 5790/7308/4234 5793/7309/4235 5788/7310/4236 5787/7311/4237
f 5692/7305/3220 5691/7204/3220 5686/7203/3220 5689/7306/3220
f 6036/7312/4238 5773/7313/3220 6040/7314/4239
f 5727/7315/4240 5708/7316/4241 5905/7317/4242 5895/7318/4243
f 5698/7319/4244 5790/7320/4245 5791/7321/4246 5999/7322/4247
f 5690/7217/3213 5693/7323/3213 5688/7324/3213 5687/7218/3213
f 5739/7325/4248 5740/7326/4249 5944/7327/4250 5943/7328/4251
f 5868/7329/4252 5992/7330/4253 5991/7331/4254 5872/7332/4255
f 5741/7333/4249 5738/7334/4248 6067/7335/4256 6068/7336/4257
f 5683/7254/4193 5684/7337/4258 5854/7338/4259 5853/7339/4260
f 5685/7340/4258 5682/7253/4193 5977/7341/4261 5978/7342/4262
f 5948/7343/4263 5947/7344/4264 6074/7345/4265 6072/7346/4266
f 6100/7347/4267 5695/7348/4268 5823/7349/4269 6157/7350/4270
f 5699/7351/4271 5703/7352/4272 5702/7353/4272 5697/7354/4271
f 5866/7355/4210 5834/7356/4207 5833/7357/4208 5870/7358/4209
f 5701/7359/4273 5698/7319/4244 5999/7322/4247 6003/7360/4274
f 5698/7319/4244 5701/7359/4273 5700/7361/4273 5696/7362/4275
f 5865/7363/4276 5988/7364/4277 5987/7365/4278 5867/7366/4279
f 5858/7367/4280 5857/7368/4281 5984/7369/4282 5982/7370/4283
f 5783/7371/4284 5784/7372/4285 5676/7261/4200 5678/7257/4196
f 5750/7245/3220 5749/7373/3220 5888/7374/4223 5886/7246/4187
f 6016/7269/4207 6018/7375/4286 6026/7376/4287 6015/7270/4208
f 5893/7377/4288 6020/7378/4203 6019/7274/4204 5899/7273/4211
f 6089/7379/3242 6159/7380/4289 6128/7381/4290 6087/7382/3242
f 5800/7383/4291 5810/7384/3213 5708/7385/3213 5707/7386/3213 5797/7387/4292
f 5798/7388/4293 5801/7389/4159 5796/7390/4294 5795/7391/4295
f 5708/7385/3213 5727/7392/3213 5722/7393/3213 5707/7386/3213
f 5888/7374/4223 5874/7394/4296 5815/7395/4297 5873/7396/4298
f 5769/7397/3220 6029/7398/4299 6054/7399/4300 5774/7400/3220
f 5726/7401/3220 5709/7402/3220 5706/7403/3220 5723/7404/3220
f 5785/7405/4301 5672/7406/4241 5842/7407/4302 5829/7408/4303
f 5918/7409/4304 6047/7410/4281 6020/7378/4203 5893/7377/4288
f 5874/7394/4296 5888/7374/4223 5749/7373/3220 5880/7411/4305
f 5681/7258/4306 5685/7340/4258 5978/7342/4262 5975/7259/4198
f 5750/7245/3220 5882/7412/4307 5880/7411/4305 5749/7373/3220
f 5955/7413/4308 5986/7414/4309 5994/7415/4310 5952/7416/4311
f 5745/7236/3220 5852/7235/4179 5855/7417/4239 5746/7418/3220
f 5950/7419/4312 6071/7420/4313 6052/7421/4314 5935/7422/4315
f 5892/7423/4316 5898/7424/4317 5904/7425/4318 5891/7426/4319
f 6104/7427/4320 5711/7428/4188 5825/7429/4321 6161/7430/4322
f 5715/7431/4192 5719/7432/4193 5718/7433/4193 5713/7434/4192
f 5717/7435/4197 5714/7436/4323 6033/7437/4324 6037/7438/4325
f 5714/7436/4323 5717/7435/4197 5716/7439/4197 5712/7440/4326
f 5837/7441/4286 5843/7442/4287 5833/7357/4208 5834/7356/4207
f 5790/7320/4245 5698/7319/4244 5696/7362/4275 5793/7443/4327
f 5938/7444/4328 5757/7445/3213 5759/7446/3213 5940/7447/4329
f 6009/7448/4330 5766/7449/3213 5768/7450/3213 6010/7451/4331
f 6055/7452/4332 5931/7453/4253 5935/7422/4315 6052/7421/4314
f 6064/7454/4333 6069/7455/4307 5777/7291/3220
f 5864/7293/4224 5866/7355/4210 5870/7358/4209 5863/7294/4225
f 5974/7456/4334 5979/7457/4335 5764/7298/3213
f 5946/7458/4336 5757/7445/3213 5938/7444/4328 5924/7459/4337 5927/7460/4338
f 5702/7353/4272 5705/7461/4249 6007/7462/4339 6005/7463/4340
f 5848/7464/4341 5744/7465/3220 5746/7418/3220 5850/7466/4342
f 5809/7467/4343 5804/7468/4344 5725/7469/3213 5728/7470/3213
f 5807/7471/4345 5802/7472/4346 5805/7473/4347 5808/7474/4234
f 5728/7470/3213 5725/7469/3213 5722/7393/3213 5727/7392/3213
f 5704/7475/4249 5703/7352/4272 5881/7476/4348 5883/7477/4257
f 5734/7284/4220 5737/7478/4273 6065/7479/4349 6060/7480/4350
f 5726/7401/3220 5723/7404/3220 5724/7222/3220 5729/7221/3220
f 5926/7481/4351 6051/7482/4276 6074/7345/4265 5947/7344/4264
f 6013/7483/4352 5884/7484/4353 5887/7485/4354 6011/7486/4355
f 5690/7487/4240 5673/7488/4241 5964/7489/4356 5953/7490/4357
f 5731/7491/4268 6109/7492/4358 6167/7493/4359 5826/7494/4360
f 5735/7495/4271 5733/7496/4271 5738/7334/4248 5739/7325/4248
f 5679/7251/4192 5683/7254/4193 5853/7339/4260 5846/7497/4361
f 5928/7498/4362 6048/7499/4279 6051/7482/4276 5926/7481/4351
f 5734/7284/4220 5732/7283/4219 5736/7500/4273 5737/7478/4273
f 5693/7323/3213 5791/7501/4343 5786/7502/4363 5688/7324/3213
f 5903/7503/4364 5931/7453/4253 6055/7452/4332 6028/7504/4365
f 5764/7298/3213 5979/7457/4335 5976/7505/4366 5762/7299/3213
f 6085/7506/3242 6164/7507/4367 6166/7508/4368 6108/7509/4369
f 5693/7510/4163 5690/7487/4176 5953/7490/4357 5995/7511/4370
f 6095/7512/3242 6152/7513/4371 6154/7514/4372 6096/7515/4373
f 6146/7516/4374 6106/7517/4375 6076/7518/3242 6144/7519/4376
f 5747/7520/3220 5742/7228/3220 5841/7227/4175 5869/7521/4377
f 6112/7522/4378 6092/7523/3242 6094/7524/3242 6139/7525/4379
f 5676/7261/4200 5784/7372/4285 5785/7405/4301 5849/7526/4380
f 5672/7406/4241 5691/7229/4240 5832/7232/4177 5842/7407/4302
f 6138/7527/4381 5812/7278/4214 5743/7225/3220 6113/7528/4382
f 5680/7262/4197 5676/7261/4200 5849/7526/4380 5851/7529/4383
f 5831/7530/4384 5828/7531/4385 5843/7442/4287 5837/7441/4286
f 5684/7337/4258 5680/7262/4306 5851/7529/4383 5854/7338/4259
f 5746/7418/3220 5859/7532/4386 5861/7237/4180 5745/7236/3220
f 5981/7280/4216 5860/7279/4215 5858/7367/4280 5982/7370/4283
f 5868/7329/4252 5840/7255/4194 5967/7256/4195 5992/7330/4253
f 5703/7352/4272 5699/7351/4271 5875/7533/4387 5881/7476/4348
f 5692/7230/4163 5792/7534/4388 5862/7535/4389 5871/7231/4166
f 5835/7536/4205 5867/7366/4279 5987/7365/4278 5954/7537/4206
f 5889/7538/4390 5872/7332/4255 5991/7331/4254 6008/7539/4391
f 6117/7540/4392 6086/7541/3242 6090/7542/3242 6115/7543/4393
f 5696/7362/4275 5700/7361/4273 5879/7544/4349 5876/7545/4394
f 5792/7534/4388 5876/7545/4394 5862/7535/4389
f 5700/7361/4395 5704/7475/4249 5883/7477/4257 5879/7544/4349
f 6011/7486/4355 5887/7485/4354 5889/7538/4390 6008/7539/4391
f 5919/7546/4396 5892/7423/4316 5891/7426/4319 5911/7285/4221 5753/7288/3213
f 5900/7547/4183 6024/7548/4397 6023/7549/4398 5906/7550/4399
f 5719/7432/4193 5715/7431/4192 5909/7551/4400 5915/7552/4401
f 5708/7316/4241 5810/7553/4402 5811/7554/4403 5890/7555/4404 5905/7317/4242
f 5728/7301/4163 5727/7315/4176 5895/7318/4243 5932/7302/4230
f 6145/7556/4405 6118/7557/4406 5752/7558/3213 5817/7559/4407
f 5752/7558/3213 5751/7560/3213 5902/7561/4171 5901/7562/4408
f 5712/7440/4326 5716/7439/4197 5913/7563/4409 5910/7564/4410
f 5800/7565/4411 5801/7566/4412 5712/7440/4326 5910/7564/4410 5811/7554/4403
f 5716/7439/4306 5720/7567/4258 5917/7568/4413 5913/7563/4409
f 5755/7287/3213 5754/7569/3213 5922/7570/4414 5920/7571/4415
f 6045/7572/4280 5921/7573/4416 5923/7574/4417 6042/7575/4215
f 6023/7549/4398 6042/7575/4215 5923/7574/4417 5906/7550/4399
f 6122/7576/4418 6082/7577/3242 6084/7578/3242 6151/7579/4419
f 5732/7283/4219 5808/7282/4218 5809/7300/4229 5939/7580/4420
f 5898/7424/4317 5897/7581/4308 5894/7582/4421 5904/7425/4318
f 6120/7583/4422 6080/7584/3242 6082/7577/3242 6122/7576/4418
f 5736/7500/4273 5732/7283/4219 5939/7580/4420 5941/7585/4423
f 5927/7460/4338 5924/7459/4337 5933/7586/4424 5929/7587/4425
f 5740/7326/4249 5736/7500/4395 5941/7585/4423 5944/7327/4250
f 5759/7446/3213 5949/7588/4426 5951/7589/4427 5758/7590/3213
f 5950/7419/4312 5948/7343/4263 6072/7346/4266 6071/7420/4313
f 5918/7409/4304 5921/7573/4416 6045/7572/4280 6047/7410/4281
f 5929/7587/4425 5933/7586/4424 5894/7582/4421 5897/7581/4308
f 5720/7567/4258 5719/7432/4193 5915/7552/4401 5917/7568/4413
f 5900/7547/4183 5903/7503/4364 6028/7504/4365 6024/7548/4397
f 6144/7519/4376 6076/7518/3242 6078/7591/3242 6119/7592/4428
f 5896/7593/4212 6017/7594/4205 6048/7499/4279 5928/7498/4362
f 5735/7495/4271 5739/7325/4248 5943/7328/4251 5936/7595/4429
f 5709/7402/3220 5799/7596/4430 5794/7597/4431 5706/7403/3220
f 5877/7295/4226 5878/7598/4333 5750/7245/3220 5748/7244/3220
f 6139/7525/4379 6094/7524/3242 6099/7599/4432 6136/7600/4433
f 6151/7579/4419 6084/7578/3242 6111/7601/4434 6148/7602/4435
f 6140/7212/4169 6088/7211/3242 6086/7541/3242 6117/7540/4392
f 5673/7488/4241 5782/7603/4436 5968/7604/4437 5964/7489/4356
f 5957/7605/4438 5965/7606/4439 5969/7607/4440 5958/7608/4441
f 5971/7609/4221 5763/7610/3213 5985/7611/4396 5958/7608/4441 5969/7607/4440
f 6124/7612/4442 5761/7234/3213 5821/7613/4443 6153/7614/4444
f 5682/7253/4193 5677/7252/4192 5973/7615/4445 5977/7341/4261
f 5761/7234/3213 5962/7233/4178 5961/7616/4446 5821/7613/4443
f 6093/7617/3242 6125/7618/4447 6152/7513/4371 6095/7512/3242
f 5764/7298/3213 5983/7297/4228 5985/7611/4396 5763/7610/3213
f 5986/7414/4309 5989/7619/4448 5996/7620/4449 5994/7415/4310
f 6101/7621/4450 6156/7622/4451 6159/7380/4289 6089/7379/3242
f 5782/7603/4436 5970/7260/4199 5968/7604/4437
f 5955/7413/4308 5952/7416/4311 5965/7606/4439 5957/7605/4438
f 5998/7623/4452 5996/7620/4449 5989/7619/4448 6012/7624/4453 5767/7625/3213
f 6087/7382/3242 6128/7381/4290 6126/7626/4454 6091/7627/3242
f 5791/7321/4246 5693/7510/4163 5995/7511/4370 5997/7628/4455
f 5697/7354/4271 5702/7353/4272 6005/7463/4340 6000/7629/4456
f 5705/7461/4249 5701/7359/4395 6003/7360/4274 6007/7462/4339
f 5765/7214/3213 5822/7630/4457 5990/7631/4458 5993/7215/4170
f 5768/7450/3213 5767/7625/3213 6012/7624/4453 6010/7451/4331
f 5726/7632/4176 5729/7205/4163 6056/7208/4166 6014/7633/4177
f 5799/7634/4459 5709/7635/4241 6027/7636/4460 6031/7637/4461
f 5709/7635/4241 5726/7632/4240 6014/7633/4177 6027/7636/4460
f 6032/7638/4462 6030/7639/4463 6021/7640/4384 6046/7641/4464 5772/7642/3220
f 6131/7643/4465 6162/7644/4466 5824/7645/4214 5770/7646/3220
f 5769/7397/3220 5770/7646/3220 6025/7647/4467 6029/7398/4299
f 5721/7648/4258 5717/7435/4306 6037/7438/4325 6041/7649/4468
f 5770/7646/3220 5824/7645/4214 6022/7650/4213 6025/7647/4467
f 5713/7434/4192 5718/7433/4193 6039/7651/4469 6034/7652/4361
f 5773/7313/3220 5772/7642/3220 6046/7641/4464 6044/7653/4386
f 6049/7272/4210 6057/7271/4209 6059/7654/4225 6050/7655/4224
f 5714/7436/4323 5798/7656/4470 5799/7634/4459 6033/7437/4324
f 6018/7375/4286 6021/7640/4384 6030/7639/4463 6026/7376/4287
f 6061/7657/4226 5776/7658/3220 6075/7659/4186 6050/7655/4224 6059/7654/4225
f 6081/7660/3242 6133/7661/4471 6135/7662/4472 6083/7663/3242
f 5737/7478/4395 5741/7333/4249 6068/7336/4257 6065/7479/4349
f 5774/7400/3220 6054/7399/4300 6053/7664/4298 5827/7665/4473
f 6083/7663/3242 6135/7662/4472 6164/7507/4367 6085/7506/3242
f 5777/7291/3220 6073/7290/4187 6075/7659/4186 5776/7658/3220
f 5798/7656/4470 5714/7436/4323 5712/7440/4326 5801/7566/4412
f 5718/7433/4193 5721/7648/4258 6041/7649/4468 6039/7651/4469
f 6105/7666/4474 6160/7667/4475 6163/7668/4476 6077/7669/3242
f 6043/7670/4180 5771/7671/3220 5773/7313/3220 6044/7653/4386
f 5815/7395/4297 5747/7520/3220 5869/7521/4377 5873/7396/4298
f 5756/7672/3213 5930/7673/4477 5902/7561/4171 5751/7560/3213
f 5856/7674/4478 5859/7532/4386 5746/7418/3220 5744/7465/3220
f 5865/7363/4276 5884/7484/4353 6013/7483/4352 5988/7364/4277
f 5946/7458/4336 5949/7588/4426 5759/7446/3213 5757/7445/3213
f 5766/7449/3213 6004/7675/4479 6006/7676/4480 5768/7450/3213
f 5823/7677/4269 6000/7678/4456 6001/7679/4481 5822/7630/4457
f 5812/7278/4214 5844/7277/4213 5838/7226/4174 5743/7225/3220
f 6077/7669/3242 6163/7668/4476 6130/7680/4482 6079/7681/3242
f 5817/7559/4407 5752/7558/3213 5901/7562/4408 5907/7682/4483
f 6002/7683/4484 5768/7450/3213 6006/7676/4480
f 5818/7684/4485 5934/7685/4486 5930/7673/4477 5756/7672/3213
f 5984/7369/4282 5857/7368/4281 5830/7265/4203 5959/7264/4202
f 5806/7206/4164 6060/7480/4350 6058/7207/4165
f 5919/7546/4396 5753/7288/3213 5755/7287/3213 5920/7571/4415
f 5695/7348/4268 5697/7354/4271 6000/7629/4456 5823/7349/4269
f 5738/7334/4248 5733/7496/4271 6063/7686/4387 6067/7335/4256
f 5970/7260/4199 5782/7603/4436 5783/7371/4284 5678/7257/4196
f 5999/7322/4247 5791/7321/4246 5997/7628/4455
f 5876/7545/4394 5792/7534/4388 5793/7443/4327 5696/7362/4275
f 6033/7437/4324 5799/7634/4459 6031/7637/4461
f 6060/7480/4350 5806/7206/4164 5807/7281/4217 5734/7284/4220
f 5939/7580/4420 5809/7300/4229 5925/7303/4231
f 5694/7687/4268 5699/7351/4271 5697/7354/4271 5695/7348/4268
f 5814/7688/4360 5875/7533/4387 5699/7351/4271 5694/7687/4268
f 5815/7395/4297 5874/7394/4296 5875/7689/4387 5814/7690/4360
f 5813/7691/4321 5846/7692/4361 5847/7238/4181 5812/7278/4214
f 5782/7693/4291 5779/7694/4487 5778/7200/4160 5783/7199/4159
f 5780/7196/4158 5785/7195/4157 5784/7202/4162 5781/7201/4161
f 5790/7308/4234 5787/7311/4237 5786/7502/4363 5791/7501/4343
f 5788/7310/4236 5793/7309/4235 5792/7304/4232 5789/7307/4233
f 5798/7388/4293 5795/7391/4295 5794/7695/4431 5799/7696/4430
f 5796/7390/4294 5801/7389/4159 5800/7383/4291 5797/7387/4292
f 5806/7224/4173 5803/7223/4172 5802/7472/4346 5807/7471/4345
f 5804/7468/4344 5809/7467/4343 5808/7474/4234 5805/7473/4347
f 5814/7690/4360 6143/7697/4488 6141/7698/4489 5815/7395/4297
f 5816/7699/4191 6147/7700/4490 6145/7556/4405 5817/7559/4407
f 5818/7684/4485 6150/7701/4491 6149/7702/4492 5819/7703/4493
f 6153/7614/4444 5821/7613/4443 5820/7704/4191 6155/7705/4190
f 6157/7706/4270 5823/7677/4269 5822/7630/4457 6158/7707/4494
f 6161/7708/4322 5825/7709/4321 5824/7645/4214 6162/7644/4466
f 6165/7710/4495 5827/7665/4473 5826/7711/4360 6167/7712/4359
f 5673/7220/3213 5670/7219/3213 5779/7713/4487 5782/7714/4291
f 5674/7715/4188 5679/7251/4192 5846/7497/4361 5813/7716/4321
f 5675/7247/4188 5677/7252/4192 5679/7251/4192 5674/7715/4188
f 5820/7250/4191 5973/7615/4445 5677/7252/4192 5675/7247/4188
f 5821/7613/4443 5972/7717/4496 5973/7718/4445 5820/7704/4191
f 5837/7441/4286 5834/7356/4207 5835/7719/4205 5836/7720/4204
f 5839/7721/4184 5840/7722/4194 5841/7227/4175 5838/7226/4174
f 5831/7530/4384 5837/7441/4286 5836/7720/4204 5830/7723/4203
f 5845/7724/4185 5839/7721/4184 5838/7226/4174 5844/7277/4213
f 5829/7725/4303 5842/7726/4302 5843/7442/4287 5828/7531/4385
f 5842/7726/4302 5832/7727/4177 5833/7357/4208 5843/7442/4287
f 5828/7531/4385 5848/7464/4341 5849/7728/4380 5829/7725/4303
f 5851/7729/4383 5849/7728/4380 5848/7464/4341 5850/7466/4342
f 5852/7235/4179 5847/7238/4181 5846/7692/4361 5853/7730/4260
f 5853/7730/4260 5854/7731/4259 5855/7417/4239 5852/7235/4179
f 5850/7466/4342 5855/7417/4239 5854/7731/4259 5851/7729/4383
f 5857/7732/4281 5858/7733/4280 5859/7532/4386 5856/7674/4478
f 5858/7733/4280 5860/7734/4215 5861/7237/4180 5859/7532/4386
f 5844/7277/4213 5861/7237/4180 5860/7734/4215 5845/7724/4185
f 5856/7674/4478 5831/7530/4384 5830/7723/4203 5857/7732/4281
f 5867/7735/4279 5835/7719/4205 5834/7356/4207 5866/7355/4210
f 5869/7521/4377 5841/7227/4175 5840/7722/4194 5868/7736/4252
f 5865/7737/4276 5867/7735/4279 5866/7355/4210 5864/7293/4224
f 5873/7396/4298 5869/7521/4377 5868/7736/4252 5872/7738/4255
f 5863/7294/4225 5870/7358/4209 5871/7739/4166 5862/7740/4389
f 5870/7358/4209 5833/7357/4208 5832/7727/4177 5871/7739/4166
f 5862/7740/4389 5876/7741/4394 5877/7295/4226 5863/7294/4225
f 5878/7598/4333 5877/7295/4226 5876/7741/4394 5879/7742/4349
f 5881/7743/4348 5875/7689/4387 5874/7394/4296 5880/7411/4305
f 5880/7411/4305 5882/7412/4307 5883/7744/4257 5881/7743/4348
f 5879/7742/4349 5883/7744/4257 5882/7412/4307 5878/7598/4333
f 5885/7243/4186 5886/7246/4187 5887/7745/4354 5884/7746/4353
f 5886/7246/4187 5888/7374/4223 5889/7747/4390 5887/7745/4354
f 5872/7738/4255 5889/7747/4390 5888/7374/4223 5873/7396/4298
f 5884/7746/4353 5865/7737/4276 5864/7293/4224 5885/7243/4186
f 5899/7748/4211 5896/7749/4212 5897/7581/4308 5898/7424/4317
f 5901/7562/4408 5902/7561/4171 5903/7750/4364 5900/7751/4183
f 5893/7752/4288 5899/7748/4211 5898/7424/4317 5892/7423/4316
f 5907/7682/4483 5901/7562/4408 5900/7751/4183 5906/7753/4399
f 5891/7426/4319 5904/7425/4318 5905/7754/4242 5890/7755/4404
f 5904/7425/4318 5894/7582/4421 5895/7756/4243 5905/7754/4242
f 5890/7755/4404 5910/7757/4410 5911/7285/4221 5891/7426/4319
f 5912/7286/4222 5911/7285/4221 5910/7757/4410 5913/7758/4409
f 5915/7759/4401 5909/7760/4400 5908/7761/4497 5914/7762/4498
f 5914/7762/4498 5916/7763/4499 5917/7764/4413 5915/7759/4401
f 5913/7758/4409 5917/7764/4413 5916/7763/4499 5912/7286/4222
f 5919/7546/4396 5920/7571/4415 5921/7765/4416 5918/7766/4304
f 5920/7571/4415 5922/7570/4414 5923/7767/4417 5921/7765/4416
f 5906/7753/4399 5923/7767/4417 5922/7570/4414 5907/7682/4483
f 5918/7766/4304 5893/7752/4288 5892/7423/4316 5919/7546/4396
f 5929/7587/4425 5897/7581/4308 5896/7749/4212 5928/7768/4362
f 5931/7769/4253 5903/7750/4364 5902/7561/4171 5930/7673/4477
f 5927/7460/4338 5929/7587/4425 5928/7768/4362 5926/7770/4351
f 5935/7771/4315 5931/7769/4253 5930/7673/4477 5934/7685/4486
f 5925/7772/4231 5932/7773/4230 5933/7586/4424 5924/7459/4337
f 5932/7773/4230 5895/7756/4243 5894/7582/4421 5933/7586/4424
f 5924/7459/4337 5938/7444/4328 5939/7774/4420 5925/7772/4231
f 5941/7775/4423 5939/7774/4420 5938/7444/4328 5940/7447/4329
f 5942/7776/4500 5937/7777/4501 5936/7778/4429 5943/7779/4251
f 5943/7779/4251 5944/7780/4250 5945/7781/4502 5942/7776/4500
f 5940/7447/4329 5945/7781/4502 5944/7780/4250 5941/7775/4423
f 5947/7782/4264 5948/7783/4263 5949/7588/4426 5946/7458/4336
f 5948/7783/4263 5950/7784/4312 5951/7589/4427 5949/7588/4426
f 5934/7685/4486 5951/7589/4427 5950/7784/4312 5935/7771/4315
f 5946/7458/4336 5927/7460/4338 5926/7770/4351 5947/7782/4264
f 5957/7605/4438 5958/7608/4441 5959/7785/4202 5956/7786/4201
f 5963/7787/4183 5960/7788/4182 5961/7616/4446 5962/7233/4178
f 5955/7413/4308 5957/7605/4438 5956/7786/4201 5954/7789/4206
f 5967/7790/4195 5963/7787/4183 5962/7233/4178 5966/7216/4171
f 5953/7791/4357 5964/7792/4356 5965/7606/4439 5952/7416/4311
f 5964/7792/4356 5968/7793/4437 5969/7607/4440 5965/7606/4439
f 5968/7793/4437 5970/7794/4199 5971/7609/4221 5969/7607/4440
f 5974/7456/4334 5971/7609/4221 5970/7794/4199 5975/7795/4198
f 5972/7717/4496 5976/7505/4366 5977/7796/4261 5973/7718/4445
f 5975/7795/4198 5978/7797/4262 5979/7457/4335 5974/7456/4334
f 5976/7505/4366 5979/7457/4335 5978/7797/4262 5977/7796/4261
f 5981/7798/4216 5982/7799/4283 5983/7297/4228 5980/7296/4227
f 5982/7799/4283 5984/7800/4282 5985/7611/4396 5983/7297/4228
f 5980/7296/4227 5961/7616/4446 5960/7788/4182 5981/7798/4216
f 5958/7608/4441 5985/7611/4396 5984/7800/4282 5959/7785/4202
f 5987/7801/4278 5988/7802/4277 5989/7619/4448 5986/7414/4309
f 5993/7215/4170 5990/7631/4458 5991/7803/4254 5992/7804/4253
f 5954/7789/4206 5987/7801/4278 5986/7414/4309 5955/7413/4308
f 5966/7216/4171 5993/7215/4170 5992/7804/4253 5967/7790/4195
f 5952/7416/4311 5994/7415/4310 5995/7805/4370 5953/7791/4357
f 5994/7415/4310 5996/7620/4449 5997/7806/4455 5995/7805/4370
f 5996/7620/4449 5998/7623/4452 5999/7807/4247 5997/7806/4455
f 6003/7808/4274 5999/7807/4247 5998/7623/4452 6002/7683/4484
f 6000/7678/4456 6005/7809/4340 6004/7675/4479 6001/7679/4481
f 6002/7683/4484 6006/7676/4480 6007/7810/4339 6003/7808/4274
f 6005/7809/4340 6007/7810/4339 6006/7676/4480 6004/7675/4479
f 6009/7448/4330 6010/7451/4331 6011/7811/4355 6008/7812/4391
f 6010/7451/4331 6012/7624/4453 6013/7813/4352 6011/7811/4355
f 6008/7812/4391 5991/7803/4254 5990/7631/4458 6009/7448/4330
f 5988/7802/4277 6013/7813/4352 6012/7624/4453 5989/7619/4448
f 6019/7814/4204 6020/7815/4203 6021/7640/4384 6018/7375/4286
f 6025/7647/4467 6022/7650/4213 6023/7816/4398 6024/7817/4397
f 6017/7818/4205 6019/7814/4204 6018/7375/4286 6016/7269/4207
f 6029/7398/4299 6025/7647/4467 6024/7817/4397 6028/7819/4365
f 6015/7270/4208 6026/7376/4287 6027/7820/4460 6014/7821/4177
f 6026/7376/4287 6030/7639/4463 6031/7822/4461 6027/7820/4460
f 6030/7639/4463 6032/7638/4462 6033/7823/4324 6031/7822/4461
f 6037/7824/4325 6033/7823/4324 6032/7638/4462 6036/7312/4238
f 6034/7825/4361 6039/7826/4469 6038/7827/4179 6035/7828/4181
f 6036/7312/4238 6040/7314/4239 6041/7829/4468 6037/7824/4325
f 6039/7826/4469 6041/7829/4468 6040/7314/4239 6038/7827/4179
f 6043/7670/4180 6044/7653/4386 6045/7830/4280 6042/7831/4215
f 6044/7653/4386 6046/7641/4464 6047/7832/4281 6045/7830/4280
f 6042/7831/4215 6023/7816/4398 6022/7650/4213 6043/7670/4180
f 6020/7815/4203 6047/7832/4281 6046/7641/4464 6021/7640/4384
f 6049/7272/4210 6050/7655/4224 6051/7833/4276 6048/7834/4279
f 6055/7835/4332 6052/7836/4314 6053/7664/4298 6054/7399/4300
f 6016/7269/4207 6049/7272/4210 6048/7834/4279 6017/7818/4205
f 6028/7819/4365 6055/7835/4332 6054/7399/4300 6029/7398/4299
f 6014/7821/4177 6056/7837/4166 6057/7271/4209 6015/7270/4208
f 6056/7837/4166 6058/7838/4165 6059/7654/4225 6057/7271/4209
f 6058/7838/4165 6060/7839/4350 6061/7657/4226 6059/7654/4225
f 6064/7454/4333 6061/7657/4226 6060/7839/4350 6065/7840/4349
f 6062/7841/4296 6066/7842/4305 6067/7843/4256 6063/7844/4387
f 6065/7840/4349 6068/7845/4257 6069/7455/4307 6064/7454/4333
f 6066/7842/4305 6069/7455/4307 6068/7845/4257 6067/7843/4256
f 6071/7846/4313 6072/7847/4266 6073/7290/4187 6070/7289/4223
f 6072/7847/4266 6074/7848/4265 6075/7659/4186 6073/7290/4187
f 6070/7289/4223 6053/7664/4298 6052/7836/4314 6071/7846/4313
f 6050/7655/4224 6075/7659/4186 6074/7848/4265 6051/7833/4276
f 5856/7674/4478 5744/7465/3220 5848/7464/4341 5828/7531/4385 5831/7530/4384
f 5827/7665/4473 6062/7841/4296 6063/7844/4387 5826/7711/4360
f 5826/7494/4360 6063/7686/4387 5733/7496/4271 5731/7491/4268
f 5731/7491/4268 5733/7496/4271 5735/7495/4271 5730/7849/4268
f 5730/7849/4268 5735/7495/4271 5936/7595/4429 5819/7850/4493
f 5819/7703/4493 5936/7778/4429 5937/7777/4501 5818/7684/4485
f 5817/7559/4407 5908/7761/4497 5909/7760/4400 5816/7699/4191
f 5816/7851/4191 5909/7551/4400 5715/7431/4192 5710/7852/4188
f 5710/7852/4188 5715/7431/4192 5713/7434/4192 5711/7428/4188
f 5711/7428/4188 5713/7434/4192 6034/7652/4361 5825/7429/4321
f 5825/7709/4321 6034/7825/4361 6035/7828/4181 5824/7645/4214
f 5972/7717/4496 5980/7296/4227 5762/7299/3213 5976/7505/4366
f 5980/7296/4227 5972/7717/4496 5821/7613/4443 5961/7616/4446
f 6001/7679/4481 6009/7448/4330 5990/7631/4458 5822/7630/4457
f 6004/7675/4479 5766/7449/3213 6009/7448/4330 6001/7679/4481
f 5777/7291/3220 6069/7455/4307 6066/7842/4305 5775/7292/3220
f 6062/7841/4296 6070/7289/4223 5775/7292/3220 6066/7842/4305
f 6070/7289/4223 6062/7841/4296 5827/7665/4473 6053/7664/4298
f 6022/7650/4213 5824/7645/4214 6035/7828/4181 6043/7670/4180
f 6038/7827/4179 5771/7671/3220 6043/7670/4180 6035/7828/4181
f 5771/7671/3220 6038/7827/4179 6040/7314/4239 5773/7313/3220
f 5755/7287/3213 5916/7763/4499 5914/7762/4498 5754/7569/3213
f 5908/7761/4497 5922/7570/4414 5754/7569/3213 5914/7762/4498
f 5922/7570/4414 5908/7761/4497 5817/7559/4407 5907/7682/4483
f 5934/7685/4486 5818/7684/4485 5937/7777/4501 5951/7589/4427
f 5942/7776/4500 5758/7590/3213 5951/7589/4427 5937/7777/4501
f 5758/7590/3213 5942/7776/4500 5945/7781/4502 5759/7446/3213
f 5940/7447/4329 5759/7446/3213 5945/7781/4502
f 5755/7287/3213 5912/7286/4222 5916/7763/4499
f 5773/7313/3220 6036/7312/4238 6032/7638/4462 5772/7642/3220
f 5777/7291/3220 5776/7658/3220 6061/7657/4226 6064/7454/4333
f 5750/7245/3220 5878/7598/4333 5882/7412/4307
f 5850/7466/4342 5746/7418/3220 5855/7417/4239
f 5764/7298/3213 5763/7610/3213 5971/7609/4221 5974/7456/4334
f 5768/7450/3213 6002/7683/4484 5998/7623/4452 5767/7625/3213
f 6113/7528/4382 5743/7225/3220 5742/7228/3220 6114/7853/4503
f 6105/7666/4474 6077/7669/3242 6076/7518/3242 6106/7517/4375
f 6141/7698/4489 6116/7854/4504 5747/7520/3220 5815/7395/4297
f 6116/7854/4504 6114/7853/4503 5742/7228/3220 5747/7520/3220
f 6101/7621/4450 6089/7379/3242 6088/7211/3242 6102/7210/4168
f 6085/7506/3242 6108/7509/4369 6111/7601/4434 6084/7578/3242
f 6118/7557/4406 6121/7855/4505 5751/7560/3213 5752/7558/3213
f 6150/7701/4491 5818/7684/4485 5756/7672/3213 6123/7856/4506
f 6091/7627/3242 6126/7626/4454 6125/7618/4447 6093/7617/3242
f 6115/7543/4393 6090/7542/3242 6092/7523/3242 6112/7522/4378
f 6110/7857/4507 5730/7849/4268 5819/7850/4493 6149/7858/4492
f 5812/7278/4214 6138/7527/4381 6137/7859/4508 5813/7691/4321
f 6134/7860/4509 5774/7400/3220 5827/7665/4473 6165/7710/4495
f 6132/7861/4510 6131/7643/4465 5770/7646/3220 5769/7397/3220
f 6132/7861/4510 5769/7397/3220 5774/7400/3220 6134/7860/4509
f 6123/7856/4506 5756/7672/3213 5751/7560/3213 6121/7855/4505
f 6109/7492/4358 5731/7491/4268 5730/7849/4268 6110/7857/4507
f 6083/7663/3242 6085/7506/3242 6084/7578/3242 6082/7577/3242
f 6081/7660/3242 6083/7663/3242 6082/7577/3242 6080/7584/3242
f 6079/7681/3242 6081/7660/3242 6080/7584/3242 6078/7591/3242
f 6077/7669/3242 6079/7681/3242 6078/7591/3242 6076/7518/3242
f 6104/7427/4320 6107/7862/4511 5710/7852/4188 5711/7428/4188
f 5710/7852/4188 6107/7862/4511 6147/7863/4490 5816/7851/4191
f 6098/7864/4512 5674/7715/4188 5813/7716/4321 6137/7865/4508
f 6127/7866/4513 6129/7867/4514 5765/7214/3213 5760/7213/3213
f 6127/7866/4513 5760/7213/3213 5761/7234/3213 6124/7612/4442
f 6079/7681/3242 6130/7680/4482 6133/7661/4471 6081/7660/3242
f 6129/7867/4514 6158/7707/4494 5822/7630/4457 5765/7214/3213
f 5694/7687/4268 6103/7868/4515 6143/7869/4488 5814/7688/4360
f 6097/7248/4189 5675/7247/4188 5674/7715/4188 6098/7864/4512
f 6093/7617/3242 6095/7512/3242 6094/7524/3242 6092/7523/3242
f 6091/7627/3242 6093/7617/3242 6092/7523/3242 6090/7542/3242
f 6087/7382/3242 6091/7627/3242 6090/7542/3242 6086/7541/3242
f 6089/7379/3242 6087/7382/3242 6086/7541/3242 6088/7211/3242
f 6100/7347/4267 6103/7868/4515 5694/7687/4268 5695/7348/4268
f 6119/7592/4428 6078/7591/3242 6080/7584/3242 6120/7583/4422
f 6099/7599/4432 6096/7515/4373 6097/7870/4189 6098/7871/4512
f 6103/7872/4515 6100/7873/4267 6101/7621/4450 6102/7210/4168
f 6107/7874/4511 6104/7875/4320 6105/7666/4474 6106/7517/4375
f 6111/7601/4434 6108/7509/4369 6109/7876/4358 6110/7877/4507
f 6115/7543/4393 6112/7522/4378 6113/7528/4382 6114/7853/4503
f 6114/7853/4503 6116/7854/4504 6117/7540/4392 6115/7543/4393
f 6121/7855/4505 6118/7557/4406 6119/7592/4428 6120/7583/4422
f 6120/7583/4422 6122/7576/4418 6123/7856/4506 6121/7855/4505
f 6125/7618/4447 6126/7626/4454 6127/7866/4513 6124/7612/4442
f 6129/7867/4514 6127/7866/4513 6126/7626/4454 6128/7381/4290
f 6131/7643/4465 6132/7861/4510 6133/7661/4471 6130/7680/4482
f 6135/7662/4472 6133/7661/4471 6132/7861/4510 6134/7860/4509
f 6139/7525/4379 6136/7600/4433 6137/7859/4508 6138/7527/4381
f 6142/7209/4167 6140/7212/4169 6141/7698/4489 6143/7697/4488
f 6146/7516/4374 6144/7519/4376 6145/7556/4405 6147/7700/4490
f 6151/7579/4419 6148/7602/4435 6149/7702/4492 6150/7701/4491
f 6154/7514/4372 6152/7513/4371 6153/7614/4444 6155/7705/4190
f 6159/7380/4289 6156/7622/4451 6157/7706/4270 6158/7707/4494
f 6163/7668/4476 6160/7667/4475 6161/7708/4322 6162/7644/4466
f 6166/7508/4368 6164/7507/4367 6165/7710/4495 6167/7712/4359
f 6136/7600/4433 6099/7599/4432 6098/7871/4512 6137/7859/4508
f 6112/7522/4378 6139/7525/4379 6138/7527/4381 6113/7528/4382
f 6102/7210/4168 6142/7209/4167 6143/7697/4488 6103/7872/4515
f 6140/7212/4169 6117/7540/4392 6116/7854/4504 6141/7698/4489
f 6106/7517/4375 6146/7516/4374 6147/7700/4490 6107/7874/4511
f 6144/7519/4376 6119/7592/4428 6118/7557/4406 6145/7556/4405
f 6148/7602/4435 6111/7601/4434 6110/7877/4507 6149/7702/4492
f 6122/7576/4418 6151/7579/4419 6150/7701/4491 6123/7856/4506
f 6096/7515/4373 6154/7514/4372 6155/7705/4190 6097/7870/4189
f 6152/7513/4371 6125/7618/4447 6124/7612/4442 6153/7614/4444
f 6156/7622/4451 6101/7621/4450 6100/7873/4267 6157/7706/4270
f 6128/7381/4290 6159/7380/4289 6158/7707/4494 6129/7867/4514
f 6160/7667/4475 6105/7666/4474 6104/7875/4320 6161/7708/4322
f 6130/7680/4482 6163/7668/4476 6162/7644/4466 6131/7643/4465
f 6108/7509/4369 6166/7508/4368 6167/7712/4359 6109/7876/4358
f 6164/7507/4367 6135/7662/4472 6134/7860/4509 6165/7710/4495
f 6095/7512/3242 6096/7515/4373 6099/7599/4432 6094/7524/3242
f 5849/7526/4380 5785/7405/4301 5829/7408/4303
f 5811/7554/4403 5910/7564/4410 5890/7555/4404
f 5811/7554/4403 5810/7553/4402 5800/7565/4411
